filename,label,split,document_id
images/complete/0000.png,complete,train,doc_0000
images/complete/0001.png,complete,validation,doc_0001
images/complete/0002.png,complete,train,doc_0002
images/complete/0003.png,complete,train,doc_0003
images/complete/0004.png,complete,train,doc_0004
images/complete/0005.png,complete,train,doc_0005
images/complete/0006.png,complete,test,doc_0006
images/complete/0007.png,complete,test,doc_0007
images/complete/0008.png,complete,test,doc_0008
images/complete/0009.png,complete,train,doc_0009
images/complete/0010.png,complete,train,doc_0010
images/complete/0011.png,complete,validation,doc_0011
images/complete/0012.png,complete,train,doc_0012
images/complete/0013.png,complete,train,doc_0013
images/complete/0014.png,complete,train,doc_0014
images/complete/0015.png,complete,train,doc_0015
images/complete/0016.png,complete,train,doc_0016
images/complete/0017.png,complete,validation,doc_0017
images/complete/0018.png,complete,train,doc_0018
images/complete/0019.png,complete,train,doc_0019
images/complete/0020.png,complete,validation,doc_0020
images/complete/0021.png,complete,train,doc_0021
images/complete/0022.png,complete,test,doc_0022
images/complete/0023.png,complete,test,doc_0023
images/complete/0024.png,complete,validation,doc_0024
images/complete/0025.png,complete,train,doc_0025
images/complete/0026.png,complete,test,doc_0026
images/complete/0027.png,complete,train,doc_0027
images/complete/0028.png,complete,test,doc_0028
images/complete/0029.png,complete,train,doc_0029
images/complete/0030.png,complete,train,doc_0030
images/complete/0031.png,complete,validation,doc_0031
images/complete/0032.png,complete,train,doc_0032
images/complete/0033.png,complete,train,doc_0033
images/complete/0034.png,complete,train,doc_0034
images/complete/0035.png,complete,test,doc_0035
images/complete/0036.png,complete,train,doc_0036
images/complete/0037.png,complete,train,doc_0037
images/complete/0038.png,complete,train,doc_0038
images/complete/0039.png,complete,validation,doc_0039
images/complete/0040.png,complete,validation,doc_0040
images/complete/0041.png,complete,train,doc_0041
images/complete/0042.png,complete,train,doc_0042
images/complete/0043.png,complete,train,doc_0043
images/complete/0044.png,complete,train,doc_0044
images/complete/0045.png,complete,train,doc_0045
images/complete/0046.png,complete,train,doc_0046
images/complete/0047.png,complete,train,doc_0047
images/complete/0048.png,complete,train,doc_0048
images/complete/0049.png,complete,validation,doc_0049
images/complete/0050.png,complete,test,doc_0050
images/complete/0051.png,complete,train,doc_0051
images/complete/0052.png,complete,train,doc_0052
images/complete/0053.png,complete,train,doc_0053
images/complete/0054.png,complete,train,doc_0054
images/complete/0055.png,complete,test,doc_0055
images/complete/0056.png,complete,test,doc_0056
images/complete/0057.png,complete,test,doc_0057
images/complete/0058.png,complete,validation,doc_0058
images/complete/0059.png,complete,test,doc_0059
images/complete/0060.png,complete,train,doc_0060
images/complete/0061.png,complete,train,doc_0061
images/complete/0062.png,complete,test,doc_0062
images/complete/0063.png,complete,train,doc_0063
images/complete/0064.png,complete,train,doc_0064
images/complete/0065.png,complete,train,doc_0065
images/complete/0066.png,complete,train,doc_0066
images/complete/0067.png,complete,validation,doc_0067
images/complete/0068.png,complete,train,doc_0068
images/complete/0069.png,complete,train,doc_0069
images/complete/0070.png,complete,test,doc_0070
images/complete/0071.png,complete,test,doc_0071
images/complete/0072.png,complete,train,doc_0072
images/complete/0073.png,complete,train,doc_0073
images/complete/0074.png,complete,train,doc_0074
images/complete/0075.png,complete,validation,doc_0075
images/complete/0076.png,complete,train,doc_0076
images/complete/0077.png,complete,train,doc_0077
images/complete/0078.png,complete,train,doc_0078
images/complete/0079.png,complete,train,doc_0079
images/complete/0080.png,complete,train,doc_0080
images/complete/0081.png,complete,train,doc_0081
images/complete/0082.png,complete,train,doc_0082
images/complete/0083.png,complete,train,doc_0083
images/complete/0084.png,complete,train,doc_0084
images/complete/0085.png,complete,train,doc_0085
images/complete/0086.png,complete,validation,doc_0086
images/complete/0087.png,complete,validation,doc_0087
images/complete/0088.png,complete,validation,doc_0088
images/complete/0089.png,complete,train,doc_0089
images/complete/0090.png,complete,train,doc_0090
images/complete/0091.png,complete,validation,doc_0091
images/complete/0092.png,complete,validation,doc_0092
images/complete/0093.png,complete,train,doc_0093
images/complete/0094.png,complete,train,doc_0094
images/complete/0095.png,complete,train,doc_0095
images/complete/0096.png,complete,validation,doc_0096
images/complete/0097.png,complete,validation,doc_0097
images/complete/0098.png,complete,train,doc_0098
images/complete/0099.png,complete,train,doc_0099
images/complete/0100.png,complete,train,doc_0100
images/complete/0101.png,complete,train,doc_0101
images/complete/0102.png,complete,train,doc_0102
images/complete/0103.png,complete,train,doc_0103
images/complete/0104.png,complete,train,doc_0104
images/complete/0105.png,complete,train,doc_0105
images/complete/0106.png,complete,train,doc_0106
images/complete/0107.png,complete,test,doc_0107
images/complete/0108.png,complete,test,doc_0108
images/complete/0109.png,complete,train,doc_0109
images/complete/0110.png,complete,train,doc_0110
images/complete/0111.png,complete,train,doc_0111
images/complete/0112.png,complete,train,doc_0112
images/complete/0113.png,complete,train,doc_0113
images/complete/0114.png,complete,test,doc_0114
images/complete/0115.png,complete,train,doc_0115
images/complete/0116.png,complete,train,doc_0116
images/complete/0117.png,complete,validation,doc_0117
images/complete/0118.png,complete,train,doc_0118
images/complete/0119.png,complete,train,doc_0119
images/complete/0120.png,complete,train,doc_0120
images/complete/0121.png,complete,train,doc_0121
images/complete/0122.png,complete,train,doc_0122
images/complete/0123.png,complete,train,doc_0123
images/complete/0124.png,complete,train,doc_0124
images/complete/0125.png,complete,train,doc_0125
images/complete/0126.png,complete,train,doc_0126
images/complete/0127.png,complete,train,doc_0127
images/complete/0128.png,complete,train,doc_0128
images/complete/0129.png,complete,test,doc_0129
images/complete/0130.png,complete,train,doc_0130
images/complete/0131.png,complete,train,doc_0131
images/complete/0132.png,complete,train,doc_0132
images/complete/0133.png,complete,train,doc_0133
images/complete/0134.png,complete,train,doc_0134
images/complete/0135.png,complete,train,doc_0135
images/complete/0136.png,complete,train,doc_0136
images/complete/0137.png,complete,validation,doc_0137
images/complete/0138.png,complete,train,doc_0138
images/complete/0139.png,complete,test,doc_0139
images/complete/0140.png,complete,train,doc_0140
images/complete/0141.png,complete,validation,doc_0141
images/complete/0142.png,complete,train,doc_0142
images/complete/0143.png,complete,test,doc_0143
images/complete/0144.png,complete,train,doc_0144
images/complete/0145.png,complete,train,doc_0145
images/complete/0146.png,complete,train,doc_0146
images/complete/0147.png,complete,validation,doc_0147
images/complete/0148.png,complete,train,doc_0148
images/complete/0149.png,complete,train,doc_0149
images/complete/0150.png,complete,test,doc_0150
images/complete/0151.png,complete,test,doc_0151
images/complete/0152.png,complete,train,doc_0152
images/complete/0153.png,complete,train,doc_0153
images/complete/0154.png,complete,test,doc_0154
images/complete/0155.png,complete,train,doc_0155
images/complete/0156.png,complete,train,doc_0156
images/complete/0157.png,complete,train,doc_0157
images/complete/0158.png,complete,validation,doc_0158
images/complete/0159.png,complete,train,doc_0159
images/complete/0160.png,complete,validation,doc_0160
images/complete/0161.png,complete,train,doc_0161
images/complete/0162.png,complete,train,doc_0162
images/complete/0163.png,complete,test,doc_0163
images/complete/0164.png,complete,train,doc_0164
images/complete/0165.png,complete,train,doc_0165
images/complete/0166.png,complete,test,doc_0166
images/complete/0167.png,complete,train,doc_0167
images/complete/0168.png,complete,train,doc_0168
images/complete/0169.png,complete,validation,doc_0169
images/complete/0170.png,complete,train,doc_0170
images/complete/0171.png,complete,train,doc_0171
images/complete/0172.png,complete,train,doc_0172
images/complete/0173.png,complete,test,doc_0173
images/complete/0174.png,complete,train,doc_0174
images/complete/0175.png,complete,train,doc_0175
images/complete/0176.png,complete,train,doc_0176
images/complete/0177.png,complete,train,doc_0177
images/complete/0178.png,complete,validation,doc_0178
images/complete/0179.png,complete,test,doc_0179
images/complete/0180.png,complete,train,doc_0180
images/complete/0181.png,complete,train,doc_0181
images/complete/0182.png,complete,train,doc_0182
images/complete/0183.png,complete,test,doc_0183
images/complete/0184.png,complete,train,doc_0184
images/complete/0185.png,complete,train,doc_0185
images/complete/0186.png,complete,validation,doc_0186
images/complete/0187.png,complete,train,doc_0187
images/complete/0188.png,complete,test,doc_0188
images/complete/0189.png,complete,test,doc_0189
images/complete/0190.png,complete,train,doc_0190
images/complete/0191.png,complete,train,doc_0191
images/complete/0192.png,complete,validation,doc_0192
images/complete/0193.png,complete,train,doc_0193
images/complete/0194.png,complete,validation,doc_0194
images/complete/0195.png,complete,validation,doc_0195
images/complete/0196.png,complete,train,doc_0196
images/complete/0197.png,complete,train,doc_0197
images/complete/0198.png,complete,train,doc_0198
images/complete/0199.png,complete,train,doc_0199
images/complete/0200.png,complete,train,doc_0200
images/complete/0201.png,complete,train,doc_0201
images/complete/0202.png,complete,train,doc_0202
images/complete/0203.png,complete,train,doc_0203
images/complete/0204.png,complete,train,doc_0204
images/complete/0205.png,complete,train,doc_0205
images/complete/0206.png,complete,validation,doc_0206
images/complete/0207.png,complete,test,doc_0207
images/complete/0208.png,complete,train,doc_0208
images/complete/0209.png,complete,train,doc_0209
images/complete/0210.png,complete,train,doc_0210
images/complete/0211.png,complete,train,doc_0211
images/complete/0212.png,complete,train,doc_0212
images/complete/0213.png,complete,train,doc_0213
images/complete/0214.png,complete,validation,doc_0214
images/complete/0215.png,complete,train,doc_0215
images/complete/0216.png,complete,train,doc_0216
images/complete/0217.png,complete,train,doc_0217
images/complete/0218.png,complete,train,doc_0218
images/complete/0219.png,complete,train,doc_0219
images/complete/0220.png,complete,train,doc_0220
images/complete/0221.png,complete,train,doc_0221
images/complete/0222.png,complete,train,doc_0222
images/complete/0223.png,complete,train,doc_0223
images/complete/0224.png,complete,train,doc_0224
images/complete/0225.png,complete,train,doc_0225
images/complete/0226.png,complete,validation,doc_0226
images/complete/0227.png,complete,train,doc_0227
images/complete/0228.png,complete,test,doc_0228
images/complete/0229.png,complete,validation,doc_0229
images/complete/0230.png,complete,validation,doc_0230
images/complete/0231.png,complete,train,doc_0231
images/complete/0232.png,complete,train,doc_0232
images/complete/0233.png,complete,validation,doc_0233
images/complete/0234.png,complete,train,doc_0234
images/complete/0235.png,complete,train,doc_0235
images/complete/0236.png,complete,test,doc_0236
images/complete/0237.png,complete,train,doc_0237
images/complete/0238.png,complete,train,doc_0238
images/complete/0239.png,complete,train,doc_0239
images/complete/0240.png,complete,validation,doc_0240
images/complete/0241.png,complete,train,doc_0241
images/complete/0242.png,complete,train,doc_0242
images/complete/0243.png,complete,train,doc_0243
images/complete/0244.png,complete,train,doc_0244
images/complete/0245.png,complete,train,doc_0245
images/complete/0246.png,complete,test,doc_0246
images/complete/0247.png,complete,test,doc_0247
images/complete/0248.png,complete,train,doc_0248
images/complete/0249.png,complete,train,doc_0249
images/missing_signature/0250.png,missing_signature,train,doc_0250
images/missing_signature/0251.png,missing_signature,train,doc_0251
images/missing_signature/0252.png,missing_signature,train,doc_0252
images/missing_signature/0253.png,missing_signature,train,doc_0253
images/missing_signature/0254.png,missing_signature,test,doc_0254
images/missing_signature/0255.png,missing_signature,train,doc_0255
images/missing_signature/0256.png,missing_signature,train,doc_0256
images/missing_signature/0257.png,missing_signature,train,doc_0257
images/missing_signature/0258.png,missing_signature,train,doc_0258
images/missing_signature/0259.png,missing_signature,test,doc_0259
images/missing_signature/0260.png,missing_signature,train,doc_0260
images/missing_signature/0261.png,missing_signature,train,doc_0261
images/missing_signature/0262.png,missing_signature,validation,doc_0262
images/missing_signature/0263.png,missing_signature,train,doc_0263
images/missing_signature/0264.png,missing_signature,test,doc_0264
images/missing_signature/0265.png,missing_signature,validation,doc_0265
images/missing_signature/0266.png,missing_signature,validation,doc_0266
images/missing_signature/0267.png,missing_signature,train,doc_0267
images/missing_signature/0268.png,missing_signature,train,doc_0268
images/missing_signature/0269.png,missing_signature,validation,doc_0269
images/missing_signature/0270.png,missing_signature,train,doc_0270
images/missing_signature/0271.png,missing_signature,train,doc_0271
images/missing_signature/0272.png,missing_signature,train,doc_0272
images/missing_signature/0273.png,missing_signature,train,doc_0273
images/missing_signature/0274.png,missing_signature,test,doc_0274
images/missing_signature/0275.png,missing_signature,train,doc_0275
images/missing_signature/0276.png,missing_signature,validation,doc_0276
images/missing_signature/0277.png,missing_signature,test,doc_0277
images/missing_signature/0278.png,missing_signature,train,doc_0278
images/missing_signature/0279.png,missing_signature,train,doc_0279
images/missing_signature/0280.png,missing_signature,train,doc_0280
images/missing_signature/0281.png,missing_signature,test,doc_0281
images/missing_signature/0282.png,missing_signature,validation,doc_0282
images/missing_signature/0283.png,missing_signature,train,doc_0283
images/missing_signature/0284.png,missing_signature,train,doc_0284
images/missing_signature/0285.png,missing_signature,train,doc_0285
images/missing_signature/0286.png,missing_signature,test,doc_0286
images/missing_signature/0287.png,missing_signature,train,doc_0287
images/missing_signature/0288.png,missing_signature,train,doc_0288
images/missing_signature/0289.png,missing_signature,test,doc_0289
images/missing_signature/0290.png,missing_signature,train,doc_0290
images/missing_signature/0291.png,missing_signature,test,doc_0291
images/missing_signature/0292.png,missing_signature,validation,doc_0292
images/missing_signature/0293.png,missing_signature,train,doc_0293
images/missing_signature/0294.png,missing_signature,train,doc_0294
images/missing_signature/0295.png,missing_signature,test,doc_0295
images/missing_signature/0296.png,missing_signature,validation,doc_0296
images/missing_signature/0297.png,missing_signature,validation,doc_0297
images/missing_signature/0298.png,missing_signature,train,doc_0298
images/missing_signature/0299.png,missing_signature,train,doc_0299
images/missing_signature/0300.png,missing_signature,train,doc_0300
images/missing_signature/0301.png,missing_signature,train,doc_0301
images/missing_signature/0302.png,missing_signature,train,doc_0302
images/missing_signature/0303.png,missing_signature,train,doc_0303
images/missing_signature/0304.png,missing_signature,train,doc_0304
images/missing_signature/0305.png,missing_signature,train,doc_0305
images/missing_signature/0306.png,missing_signature,train,doc_0306
images/missing_signature/0307.png,missing_signature,train,doc_0307
images/missing_signature/0308.png,missing_signature,train,doc_0308
images/missing_signature/0309.png,missing_signature,train,doc_0309
images/missing_signature/0310.png,missing_signature,train,doc_0310
images/missing_signature/0311.png,missing_signature,train,doc_0311
images/missing_signature/0312.png,missing_signature,train,doc_0312
images/missing_signature/0313.png,missing_signature,train,doc_0313
images/missing_signature/0314.png,missing_signature,train,doc_0314
images/missing_signature/0315.png,missing_signature,train,doc_0315
images/missing_signature/0316.png,missing_signature,train,doc_0316
images/missing_signature/0317.png,missing_signature,train,doc_0317
images/missing_signature/0318.png,missing_signature,train,doc_0318
images/missing_signature/0319.png,missing_signature,validation,doc_0319
images/missing_signature/0320.png,missing_signature,validation,doc_0320
images/missing_signature/0321.png,missing_signature,train,doc_0321
images/missing_signature/0322.png,missing_signature,train,doc_0322
images/missing_signature/0323.png,missing_signature,test,doc_0323
images/missing_signature/0324.png,missing_signature,train,doc_0324
images/missing_signature/0325.png,missing_signature,validation,doc_0325
images/missing_signature/0326.png,missing_signature,train,doc_0326
images/missing_signature/0327.png,missing_signature,train,doc_0327
images/missing_signature/0328.png,missing_signature,train,doc_0328
images/missing_signature/0329.png,missing_signature,train,doc_0329
images/missing_signature/0330.png,missing_signature,train,doc_0330
images/missing_signature/0331.png,missing_signature,train,doc_0331
images/missing_signature/0332.png,missing_signature,train,doc_0332
images/missing_signature/0333.png,missing_signature,train,doc_0333
images/missing_signature/0334.png,missing_signature,validation,doc_0334
images/missing_signature/0335.png,missing_signature,train,doc_0335
images/missing_signature/0336.png,missing_signature,train,doc_0336
images/missing_signature/0337.png,missing_signature,train,doc_0337
images/missing_signature/0338.png,missing_signature,train,doc_0338
images/missing_signature/0339.png,missing_signature,train,doc_0339
images/missing_signature/0340.png,missing_signature,train,doc_0340
images/missing_signature/0341.png,missing_signature,train,doc_0341
images/missing_signature/0342.png,missing_signature,train,doc_0342
images/missing_signature/0343.png,missing_signature,train,doc_0343
images/missing_signature/0344.png,missing_signature,test,doc_0344
images/missing_signature/0345.png,missing_signature,test,doc_0345
images/missing_signature/0346.png,missing_signature,test,doc_0346
images/missing_signature/0347.png,missing_signature,train,doc_0347
images/missing_signature/0348.png,missing_signature,train,doc_0348
images/missing_signature/0349.png,missing_signature,validation,doc_0349
images/missing_signature/0350.png,missing_signature,test,doc_0350
images/missing_signature/0351.png,missing_signature,train,doc_0351
images/missing_signature/0352.png,missing_signature,train,doc_0352
images/missing_signature/0353.png,missing_signature,train,doc_0353
images/missing_signature/0354.png,missing_signature,train,doc_0354
images/missing_signature/0355.png,missing_signature,train,doc_0355
images/missing_signature/0356.png,missing_signature,train,doc_0356
images/missing_signature/0357.png,missing_signature,train,doc_0357
images/missing_signature/0358.png,missing_signature,train,doc_0358
images/missing_signature/0359.png,missing_signature,train,doc_0359
images/missing_signature/0360.png,missing_signature,test,doc_0360
images/missing_signature/0361.png,missing_signature,test,doc_0361
images/missing_signature/0362.png,missing_signature,validation,doc_0362
images/missing_signature/0363.png,missing_signature,train,doc_0363
images/missing_signature/0364.png,missing_signature,train,doc_0364
images/missing_signature/0365.png,missing_signature,train,doc_0365
images/missing_signature/0366.png,missing_signature,test,doc_0366
images/missing_signature/0367.png,missing_signature,validation,doc_0367
images/missing_signature/0368.png,missing_signature,test,doc_0368
images/missing_signature/0369.png,missing_signature,train,doc_0369
images/missing_signature/0370.png,missing_signature,train,doc_0370
images/missing_signature/0371.png,missing_signature,train,doc_0371
images/missing_signature/0372.png,missing_signature,train,doc_0372
images/missing_signature/0373.png,missing_signature,train,doc_0373
images/missing_signature/0374.png,missing_signature,train,doc_0374
images/missing_signature/0375.png,missing_signature,train,doc_0375
images/missing_signature/0376.png,missing_signature,validation,doc_0376
images/missing_signature/0377.png,missing_signature,test,doc_0377
images/missing_signature/0378.png,missing_signature,train,doc_0378
images/missing_signature/0379.png,missing_signature,validation,doc_0379
images/missing_signature/0380.png,missing_signature,train,doc_0380
images/missing_signature/0381.png,missing_signature,test,doc_0381
images/missing_signature/0382.png,missing_signature,train,doc_0382
images/missing_signature/0383.png,missing_signature,validation,doc_0383
images/missing_signature/0384.png,missing_signature,train,doc_0384
images/missing_signature/0385.png,missing_signature,validation,doc_0385
images/missing_signature/0386.png,missing_signature,train,doc_0386
images/missing_signature/0387.png,missing_signature,train,doc_0387
images/missing_signature/0388.png,missing_signature,train,doc_0388
images/missing_signature/0389.png,missing_signature,train,doc_0389
images/missing_signature/0390.png,missing_signature,test,doc_0390
images/missing_signature/0391.png,missing_signature,train,doc_0391
images/missing_signature/0392.png,missing_signature,train,doc_0392
images/missing_signature/0393.png,missing_signature,train,doc_0393
images/missing_signature/0394.png,missing_signature,train,doc_0394
images/missing_signature/0395.png,missing_signature,train,doc_0395
images/missing_signature/0396.png,missing_signature,train,doc_0396
images/missing_signature/0397.png,missing_signature,test,doc_0397
images/missing_signature/0398.png,missing_signature,validation,doc_0398
images/missing_signature/0399.png,missing_signature,validation,doc_0399
images/missing_signature/0400.png,missing_signature,train,doc_0400
images/missing_signature/0401.png,missing_signature,train,doc_0401
images/missing_signature/0402.png,missing_signature,validation,doc_0402
images/missing_signature/0403.png,missing_signature,test,doc_0403
images/missing_signature/0404.png,missing_signature,train,doc_0404
images/missing_signature/0405.png,missing_signature,test,doc_0405
images/missing_signature/0406.png,missing_signature,train,doc_0406
images/missing_signature/0407.png,missing_signature,train,doc_0407
images/missing_signature/0408.png,missing_signature,train,doc_0408
images/missing_signature/0409.png,missing_signature,test,doc_0409
images/missing_signature/0410.png,missing_signature,train,doc_0410
images/missing_signature/0411.png,missing_signature,train,doc_0411
images/missing_signature/0412.png,missing_signature,train,doc_0412
images/missing_signature/0413.png,missing_signature,train,doc_0413
images/missing_signature/0414.png,missing_signature,train,doc_0414
images/missing_signature/0415.png,missing_signature,validation,doc_0415
images/missing_signature/0416.png,missing_signature,validation,doc_0416
images/missing_signature/0417.png,missing_signature,validation,doc_0417
images/missing_signature/0418.png,missing_signature,train,doc_0418
images/missing_signature/0419.png,missing_signature,train,doc_0419
images/missing_signature/0420.png,missing_signature,validation,doc_0420
images/missing_signature/0421.png,missing_signature,test,doc_0421
images/missing_signature/0422.png,missing_signature,train,doc_0422
images/missing_signature/0423.png,missing_signature,validation,doc_0423
images/missing_signature/0424.png,missing_signature,train,doc_0424
images/missing_signature/0425.png,missing_signature,train,doc_0425
images/missing_signature/0426.png,missing_signature,train,doc_0426
images/missing_signature/0427.png,missing_signature,train,doc_0427
images/missing_signature/0428.png,missing_signature,test,doc_0428
images/missing_signature/0429.png,missing_signature,validation,doc_0429
images/missing_signature/0430.png,missing_signature,train,doc_0430
images/missing_signature/0431.png,missing_signature,train,doc_0431
images/missing_signature/0432.png,missing_signature,train,doc_0432
images/missing_signature/0433.png,missing_signature,train,doc_0433
images/missing_signature/0434.png,missing_signature,train,doc_0434
images/missing_signature/0435.png,missing_signature,train,doc_0435
images/missing_signature/0436.png,missing_signature,train,doc_0436
images/missing_signature/0437.png,missing_signature,train,doc_0437
images/missing_signature/0438.png,missing_signature,train,doc_0438
images/missing_signature/0439.png,missing_signature,train,doc_0439
images/missing_signature/0440.png,missing_signature,validation,doc_0440
images/missing_signature/0441.png,missing_signature,train,doc_0441
images/missing_signature/0442.png,missing_signature,train,doc_0442
images/missing_signature/0443.png,missing_signature,test,doc_0443
images/missing_signature/0444.png,missing_signature,train,doc_0444
images/missing_signature/0445.png,missing_signature,test,doc_0445
images/missing_signature/0446.png,missing_signature,validation,doc_0446
images/missing_signature/0447.png,missing_signature,validation,doc_0447
images/missing_signature/0448.png,missing_signature,validation,doc_0448
images/missing_signature/0449.png,missing_signature,train,doc_0449
images/missing_signature/0450.png,missing_signature,train,doc_0450
images/missing_signature/0451.png,missing_signature,train,doc_0451
images/missing_signature/0452.png,missing_signature,test,doc_0452
images/missing_signature/0453.png,missing_signature,train,doc_0453
images/missing_signature/0454.png,missing_signature,train,doc_0454
images/missing_signature/0455.png,missing_signature,train,doc_0455
images/missing_signature/0456.png,missing_signature,train,doc_0456
images/missing_signature/0457.png,missing_signature,train,doc_0457
images/missing_signature/0458.png,missing_signature,train,doc_0458
images/missing_signature/0459.png,missing_signature,test,doc_0459
images/missing_signature/0460.png,missing_signature,train,doc_0460
images/missing_signature/0461.png,missing_signature,train,doc_0461
images/missing_signature/0462.png,missing_signature,train,doc_0462
images/missing_signature/0463.png,missing_signature,train,doc_0463
images/missing_signature/0464.png,missing_signature,validation,doc_0464
images/missing_signature/0465.png,missing_signature,train,doc_0465
images/missing_signature/0466.png,missing_signature,validation,doc_0466
images/missing_signature/0467.png,missing_signature,test,doc_0467
images/missing_signature/0468.png,missing_signature,test,doc_0468
images/missing_signature/0469.png,missing_signature,train,doc_0469
images/missing_signature/0470.png,missing_signature,train,doc_0470
images/missing_signature/0471.png,missing_signature,train,doc_0471
images/missing_signature/0472.png,missing_signature,train,doc_0472
images/missing_signature/0473.png,missing_signature,train,doc_0473
images/missing_signature/0474.png,missing_signature,train,doc_0474
images/missing_signature/0475.png,missing_signature,train,doc_0475
images/missing_signature/0476.png,missing_signature,test,doc_0476
images/missing_signature/0477.png,missing_signature,train,doc_0477
images/missing_signature/0478.png,missing_signature,train,doc_0478
images/missing_signature/0479.png,missing_signature,validation,doc_0479
images/missing_signature/0480.png,missing_signature,train,doc_0480
images/missing_signature/0481.png,missing_signature,validation,doc_0481
images/missing_signature/0482.png,missing_signature,train,doc_0482
images/missing_signature/0483.png,missing_signature,validation,doc_0483
images/missing_signature/0484.png,missing_signature,train,doc_0484
images/missing_signature/0485.png,missing_signature,train,doc_0485
images/missing_signature/0486.png,missing_signature,train,doc_0486
images/missing_signature/0487.png,missing_signature,train,doc_0487
images/missing_signature/0488.png,missing_signature,train,doc_0488
images/missing_signature/0489.png,missing_signature,test,doc_0489
images/missing_signature/0490.png,missing_signature,train,doc_0490
images/missing_signature/0491.png,missing_signature,train,doc_0491
images/missing_signature/0492.png,missing_signature,train,doc_0492
images/missing_signature/0493.png,missing_signature,train,doc_0493
images/missing_signature/0494.png,missing_signature,train,doc_0494
images/missing_signature/0495.png,missing_signature,train,doc_0495
images/missing_signature/0496.png,missing_signature,train,doc_0496
images/missing_signature/0497.png,missing_signature,test,doc_0497
images/missing_signature/0498.png,missing_signature,train,doc_0498
images/missing_signature/0499.png,missing_signature,train,doc_0499
images/missing_date/0500.png,missing_date,train,doc_0500
images/missing_date/0501.png,missing_date,train,doc_0501
images/missing_date/0502.png,missing_date,test,doc_0502
images/missing_date/0503.png,missing_date,train,doc_0503
images/missing_date/0504.png,missing_date,train,doc_0504
images/missing_date/0505.png,missing_date,train,doc_0505
images/missing_date/0506.png,missing_date,train,doc_0506
images/missing_date/0507.png,missing_date,test,doc_0507
images/missing_date/0508.png,missing_date,validation,doc_0508
images/missing_date/0509.png,missing_date,validation,doc_0509
images/missing_date/0510.png,missing_date,train,doc_0510
images/missing_date/0511.png,missing_date,validation,doc_0511
images/missing_date/0512.png,missing_date,validation,doc_0512
images/missing_date/0513.png,missing_date,train,doc_0513
images/missing_date/0514.png,missing_date,train,doc_0514
images/missing_date/0515.png,missing_date,train,doc_0515
images/missing_date/0516.png,missing_date,train,doc_0516
images/missing_date/0517.png,missing_date,validation,doc_0517
images/missing_date/0518.png,missing_date,test,doc_0518
images/missing_date/0519.png,missing_date,train,doc_0519
images/missing_date/0520.png,missing_date,train,doc_0520
images/missing_date/0521.png,missing_date,train,doc_0521
images/missing_date/0522.png,missing_date,train,doc_0522
images/missing_date/0523.png,missing_date,train,doc_0523
images/missing_date/0524.png,missing_date,validation,doc_0524
images/missing_date/0525.png,missing_date,test,doc_0525
images/missing_date/0526.png,missing_date,train,doc_0526
images/missing_date/0527.png,missing_date,validation,doc_0527
images/missing_date/0528.png,missing_date,test,doc_0528
images/missing_date/0529.png,missing_date,test,doc_0529
images/missing_date/0530.png,missing_date,train,doc_0530
images/missing_date/0531.png,missing_date,train,doc_0531
images/missing_date/0532.png,missing_date,train,doc_0532
images/missing_date/0533.png,missing_date,validation,doc_0533
images/missing_date/0534.png,missing_date,train,doc_0534
images/missing_date/0535.png,missing_date,train,doc_0535
images/missing_date/0536.png,missing_date,train,doc_0536
images/missing_date/0537.png,missing_date,train,doc_0537
images/missing_date/0538.png,missing_date,train,doc_0538
images/missing_date/0539.png,missing_date,train,doc_0539
images/missing_date/0540.png,missing_date,test,doc_0540
images/missing_date/0541.png,missing_date,train,doc_0541
images/missing_date/0542.png,missing_date,train,doc_0542
images/missing_date/0543.png,missing_date,train,doc_0543
images/missing_date/0544.png,missing_date,train,doc_0544
images/missing_date/0545.png,missing_date,test,doc_0545
images/missing_date/0546.png,missing_date,train,doc_0546
images/missing_date/0547.png,missing_date,train,doc_0547
images/missing_date/0548.png,missing_date,validation,doc_0548
images/missing_date/0549.png,missing_date,train,doc_0549
images/missing_date/0550.png,missing_date,train,doc_0550
images/missing_date/0551.png,missing_date,train,doc_0551
images/missing_date/0552.png,missing_date,train,doc_0552
images/missing_date/0553.png,missing_date,train,doc_0553
images/missing_date/0554.png,missing_date,train,doc_0554
images/missing_date/0555.png,missing_date,train,doc_0555
images/missing_date/0556.png,missing_date,train,doc_0556
images/missing_date/0557.png,missing_date,test,doc_0557
images/missing_date/0558.png,missing_date,train,doc_0558
images/missing_date/0559.png,missing_date,train,doc_0559
images/missing_date/0560.png,missing_date,train,doc_0560
images/missing_date/0561.png,missing_date,train,doc_0561
images/missing_date/0562.png,missing_date,train,doc_0562
images/missing_date/0563.png,missing_date,validation,doc_0563
images/missing_date/0564.png,missing_date,train,doc_0564
images/missing_date/0565.png,missing_date,train,doc_0565
images/missing_date/0566.png,missing_date,validation,doc_0566
images/missing_date/0567.png,missing_date,train,doc_0567
images/missing_date/0568.png,missing_date,train,doc_0568
images/missing_date/0569.png,missing_date,validation,doc_0569
images/missing_date/0570.png,missing_date,train,doc_0570
images/missing_date/0571.png,missing_date,train,doc_0571
images/missing_date/0572.png,missing_date,test,doc_0572
images/missing_date/0573.png,missing_date,train,doc_0573
images/missing_date/0574.png,missing_date,test,doc_0574
images/missing_date/0575.png,missing_date,train,doc_0575
images/missing_date/0576.png,missing_date,train,doc_0576
images/missing_date/0577.png,missing_date,test,doc_0577
images/missing_date/0578.png,missing_date,train,doc_0578
images/missing_date/0579.png,missing_date,train,doc_0579
images/missing_date/0580.png,missing_date,validation,doc_0580
images/missing_date/0581.png,missing_date,train,doc_0581
images/missing_date/0582.png,missing_date,train,doc_0582
images/missing_date/0583.png,missing_date,test,doc_0583
images/missing_date/0584.png,missing_date,validation,doc_0584
images/missing_date/0585.png,missing_date,train,doc_0585
images/missing_date/0586.png,missing_date,test,doc_0586
images/missing_date/0587.png,missing_date,train,doc_0587
images/missing_date/0588.png,missing_date,validation,doc_0588
images/missing_date/0589.png,missing_date,train,doc_0589
images/missing_date/0590.png,missing_date,train,doc_0590
images/missing_date/0591.png,missing_date,test,doc_0591
images/missing_date/0592.png,missing_date,train,doc_0592
images/missing_date/0593.png,missing_date,train,doc_0593
images/missing_date/0594.png,missing_date,validation,doc_0594
images/missing_date/0595.png,missing_date,train,doc_0595
images/missing_date/0596.png,missing_date,test,doc_0596
images/missing_date/0597.png,missing_date,test,doc_0597
images/missing_date/0598.png,missing_date,validation,doc_0598
images/missing_date/0599.png,missing_date,train,doc_0599
images/missing_date/0600.png,missing_date,train,doc_0600
images/missing_date/0601.png,missing_date,train,doc_0601
images/missing_date/0602.png,missing_date,train,doc_0602
images/missing_date/0603.png,missing_date,test,doc_0603
images/missing_date/0604.png,missing_date,test,doc_0604
images/missing_date/0605.png,missing_date,train,doc_0605
images/missing_date/0606.png,missing_date,train,doc_0606
images/missing_date/0607.png,missing_date,train,doc_0607
images/missing_date/0608.png,missing_date,train,doc_0608
images/missing_date/0609.png,missing_date,train,doc_0609
images/missing_date/0610.png,missing_date,train,doc_0610
images/missing_date/0611.png,missing_date,validation,doc_0611
images/missing_date/0612.png,missing_date,train,doc_0612
images/missing_date/0613.png,missing_date,train,doc_0613
images/missing_date/0614.png,missing_date,train,doc_0614
images/missing_date/0615.png,missing_date,train,doc_0615
images/missing_date/0616.png,missing_date,validation,doc_0616
images/missing_date/0617.png,missing_date,train,doc_0617
images/missing_date/0618.png,missing_date,train,doc_0618
images/missing_date/0619.png,missing_date,train,doc_0619
images/missing_date/0620.png,missing_date,validation,doc_0620
images/missing_date/0621.png,missing_date,validation,doc_0621
images/missing_date/0622.png,missing_date,validation,doc_0622
images/missing_date/0623.png,missing_date,train,doc_0623
images/missing_date/0624.png,missing_date,train,doc_0624
images/missing_date/0625.png,missing_date,train,doc_0625
images/missing_date/0626.png,missing_date,train,doc_0626
images/missing_date/0627.png,missing_date,train,doc_0627
images/missing_date/0628.png,missing_date,train,doc_0628
images/missing_date/0629.png,missing_date,train,doc_0629
images/missing_date/0630.png,missing_date,validation,doc_0630
images/missing_date/0631.png,missing_date,test,doc_0631
images/missing_date/0632.png,missing_date,train,doc_0632
images/missing_date/0633.png,missing_date,test,doc_0633
images/missing_date/0634.png,missing_date,train,doc_0634
images/missing_date/0635.png,missing_date,train,doc_0635
images/missing_date/0636.png,missing_date,train,doc_0636
images/missing_date/0637.png,missing_date,train,doc_0637
images/missing_date/0638.png,missing_date,test,doc_0638
images/missing_date/0639.png,missing_date,train,doc_0639
images/missing_date/0640.png,missing_date,train,doc_0640
images/missing_date/0641.png,missing_date,train,doc_0641
images/missing_date/0642.png,missing_date,train,doc_0642
images/missing_date/0643.png,missing_date,train,doc_0643
images/missing_date/0644.png,missing_date,train,doc_0644
images/missing_date/0645.png,missing_date,test,doc_0645
images/missing_date/0646.png,missing_date,train,doc_0646
images/missing_date/0647.png,missing_date,train,doc_0647
images/missing_date/0648.png,missing_date,train,doc_0648
images/missing_date/0649.png,missing_date,train,doc_0649
images/missing_date/0650.png,missing_date,validation,doc_0650
images/missing_date/0651.png,missing_date,test,doc_0651
images/missing_date/0652.png,missing_date,train,doc_0652
images/missing_date/0653.png,missing_date,train,doc_0653
images/missing_date/0654.png,missing_date,train,doc_0654
images/missing_date/0655.png,missing_date,train,doc_0655
images/missing_date/0656.png,missing_date,train,doc_0656
images/missing_date/0657.png,missing_date,train,doc_0657
images/missing_date/0658.png,missing_date,test,doc_0658
images/missing_date/0659.png,missing_date,train,doc_0659
images/missing_date/0660.png,missing_date,validation,doc_0660
images/missing_date/0661.png,missing_date,validation,doc_0661
images/missing_date/0662.png,missing_date,test,doc_0662
images/missing_date/0663.png,missing_date,train,doc_0663
images/missing_date/0664.png,missing_date,train,doc_0664
images/missing_date/0665.png,missing_date,train,doc_0665
images/missing_date/0666.png,missing_date,train,doc_0666
images/missing_date/0667.png,missing_date,validation,doc_0667
images/missing_date/0668.png,missing_date,train,doc_0668
images/missing_date/0669.png,missing_date,train,doc_0669
images/missing_date/0670.png,missing_date,train,doc_0670
images/missing_date/0671.png,missing_date,test,doc_0671
images/missing_date/0672.png,missing_date,validation,doc_0672
images/missing_date/0673.png,missing_date,train,doc_0673
images/missing_date/0674.png,missing_date,validation,doc_0674
images/missing_date/0675.png,missing_date,train,doc_0675
images/missing_date/0676.png,missing_date,test,doc_0676
images/missing_date/0677.png,missing_date,test,doc_0677
images/missing_date/0678.png,missing_date,train,doc_0678
images/missing_date/0679.png,missing_date,test,doc_0679
images/missing_date/0680.png,missing_date,train,doc_0680
images/missing_date/0681.png,missing_date,validation,doc_0681
images/missing_date/0682.png,missing_date,validation,doc_0682
images/missing_date/0683.png,missing_date,train,doc_0683
images/missing_date/0684.png,missing_date,train,doc_0684
images/missing_date/0685.png,missing_date,train,doc_0685
images/missing_date/0686.png,missing_date,train,doc_0686
images/missing_date/0687.png,missing_date,train,doc_0687
images/missing_date/0688.png,missing_date,train,doc_0688
images/missing_date/0689.png,missing_date,train,doc_0689
images/missing_date/0690.png,missing_date,train,doc_0690
images/missing_date/0691.png,missing_date,validation,doc_0691
images/missing_date/0692.png,missing_date,train,doc_0692
images/missing_date/0693.png,missing_date,train,doc_0693
images/missing_date/0694.png,missing_date,train,doc_0694
images/missing_date/0695.png,missing_date,train,doc_0695
images/missing_date/0696.png,missing_date,test,doc_0696
images/missing_date/0697.png,missing_date,train,doc_0697
images/missing_date/0698.png,missing_date,test,doc_0698
images/missing_date/0699.png,missing_date,train,doc_0699
images/missing_date/0700.png,missing_date,train,doc_0700
images/missing_date/0701.png,missing_date,train,doc_0701
images/missing_date/0702.png,missing_date,train,doc_0702
images/missing_date/0703.png,missing_date,train,doc_0703
images/missing_date/0704.png,missing_date,train,doc_0704
images/missing_date/0705.png,missing_date,train,doc_0705
images/missing_date/0706.png,missing_date,train,doc_0706
images/missing_date/0707.png,missing_date,train,doc_0707
images/missing_date/0708.png,missing_date,validation,doc_0708
images/missing_date/0709.png,missing_date,train,doc_0709
images/missing_date/0710.png,missing_date,train,doc_0710
images/missing_date/0711.png,missing_date,train,doc_0711
images/missing_date/0712.png,missing_date,train,doc_0712
images/missing_date/0713.png,missing_date,train,doc_0713
images/missing_date/0714.png,missing_date,train,doc_0714
images/missing_date/0715.png,missing_date,test,doc_0715
images/missing_date/0716.png,missing_date,train,doc_0716
images/missing_date/0717.png,missing_date,train,doc_0717
images/missing_date/0718.png,missing_date,train,doc_0718
images/missing_date/0719.png,missing_date,train,doc_0719
images/missing_date/0720.png,missing_date,test,doc_0720
images/missing_date/0721.png,missing_date,train,doc_0721
images/missing_date/0722.png,missing_date,train,doc_0722
images/missing_date/0723.png,missing_date,validation,doc_0723
images/missing_date/0724.png,missing_date,train,doc_0724
images/missing_date/0725.png,missing_date,validation,doc_0725
images/missing_date/0726.png,missing_date,train,doc_0726
images/missing_date/0727.png,missing_date,train,doc_0727
images/missing_date/0728.png,missing_date,validation,doc_0728
images/missing_date/0729.png,missing_date,train,doc_0729
images/missing_date/0730.png,missing_date,test,doc_0730
images/missing_date/0731.png,missing_date,train,doc_0731
images/missing_date/0732.png,missing_date,train,doc_0732
images/missing_date/0733.png,missing_date,test,doc_0733
images/missing_date/0734.png,missing_date,train,doc_0734
images/missing_date/0735.png,missing_date,train,doc_0735
images/missing_date/0736.png,missing_date,train,doc_0736
images/missing_date/0737.png,missing_date,train,doc_0737
images/missing_date/0738.png,missing_date,train,doc_0738
images/missing_date/0739.png,missing_date,train,doc_0739
images/missing_date/0740.png,missing_date,validation,doc_0740
images/missing_date/0741.png,missing_date,test,doc_0741
images/missing_date/0742.png,missing_date,train,doc_0742
images/missing_date/0743.png,missing_date,train,doc_0743
images/missing_date/0744.png,missing_date,test,doc_0744
images/missing_date/0745.png,missing_date,train,doc_0745
images/missing_date/0746.png,missing_date,train,doc_0746
images/missing_date/0747.png,missing_date,train,doc_0747
images/missing_date/0748.png,missing_date,train,doc_0748
images/missing_date/0749.png,missing_date,train,doc_0749
images/missing_amount/0750.png,missing_amount,train,doc_0750
images/missing_amount/0751.png,missing_amount,train,doc_0751
images/missing_amount/0752.png,missing_amount,test,doc_0752
images/missing_amount/0753.png,missing_amount,train,doc_0753
images/missing_amount/0754.png,missing_amount,validation,doc_0754
images/missing_amount/0755.png,missing_amount,test,doc_0755
images/missing_amount/0756.png,missing_amount,train,doc_0756
images/missing_amount/0757.png,missing_amount,train,doc_0757
images/missing_amount/0758.png,missing_amount,validation,doc_0758
images/missing_amount/0759.png,missing_amount,test,doc_0759
images/missing_amount/0760.png,missing_amount,train,doc_0760
images/missing_amount/0761.png,missing_amount,train,doc_0761
images/missing_amount/0762.png,missing_amount,train,doc_0762
images/missing_amount/0763.png,missing_amount,train,doc_0763
images/missing_amount/0764.png,missing_amount,test,doc_0764
images/missing_amount/0765.png,missing_amount,validation,doc_0765
images/missing_amount/0766.png,missing_amount,train,doc_0766
images/missing_amount/0767.png,missing_amount,test,doc_0767
images/missing_amount/0768.png,missing_amount,test,doc_0768
images/missing_amount/0769.png,missing_amount,test,doc_0769
images/missing_amount/0770.png,missing_amount,test,doc_0770
images/missing_amount/0771.png,missing_amount,train,doc_0771
images/missing_amount/0772.png,missing_amount,validation,doc_0772
images/missing_amount/0773.png,missing_amount,train,doc_0773
images/missing_amount/0774.png,missing_amount,validation,doc_0774
images/missing_amount/0775.png,missing_amount,train,doc_0775
images/missing_amount/0776.png,missing_amount,train,doc_0776
images/missing_amount/0777.png,missing_amount,train,doc_0777
images/missing_amount/0778.png,missing_amount,train,doc_0778
images/missing_amount/0779.png,missing_amount,test,doc_0779
images/missing_amount/0780.png,missing_amount,test,doc_0780
images/missing_amount/0781.png,missing_amount,train,doc_0781
images/missing_amount/0782.png,missing_amount,train,doc_0782
images/missing_amount/0783.png,missing_amount,train,doc_0783
images/missing_amount/0784.png,missing_amount,test,doc_0784
images/missing_amount/0785.png,missing_amount,train,doc_0785
images/missing_amount/0786.png,missing_amount,test,doc_0786
images/missing_amount/0787.png,missing_amount,train,doc_0787
images/missing_amount/0788.png,missing_amount,train,doc_0788
images/missing_amount/0789.png,missing_amount,test,doc_0789
images/missing_amount/0790.png,missing_amount,train,doc_0790
images/missing_amount/0791.png,missing_amount,train,doc_0791
images/missing_amount/0792.png,missing_amount,train,doc_0792
images/missing_amount/0793.png,missing_amount,train,doc_0793
images/missing_amount/0794.png,missing_amount,validation,doc_0794
images/missing_amount/0795.png,missing_amount,train,doc_0795
images/missing_amount/0796.png,missing_amount,train,doc_0796
images/missing_amount/0797.png,missing_amount,train,doc_0797
images/missing_amount/0798.png,missing_amount,train,doc_0798
images/missing_amount/0799.png,missing_amount,train,doc_0799
images/missing_amount/0800.png,missing_amount,train,doc_0800
images/missing_amount/0801.png,missing_amount,train,doc_0801
images/missing_amount/0802.png,missing_amount,train,doc_0802
images/missing_amount/0803.png,missing_amount,validation,doc_0803
images/missing_amount/0804.png,missing_amount,test,doc_0804
images/missing_amount/0805.png,missing_amount,train,doc_0805
images/missing_amount/0806.png,missing_amount,train,doc_0806
images/missing_amount/0807.png,missing_amount,train,doc_0807
images/missing_amount/0808.png,missing_amount,train,doc_0808
images/missing_amount/0809.png,missing_amount,train,doc_0809
images/missing_amount/0810.png,missing_amount,train,doc_0810
images/missing_amount/0811.png,missing_amount,train,doc_0811
images/missing_amount/0812.png,missing_amount,train,doc_0812
images/missing_amount/0813.png,missing_amount,train,doc_0813
images/missing_amount/0814.png,missing_amount,validation,doc_0814
images/missing_amount/0815.png,missing_amount,test,doc_0815
images/missing_amount/0816.png,missing_amount,train,doc_0816
images/missing_amount/0817.png,missing_amount,train,doc_0817
images/missing_amount/0818.png,missing_amount,train,doc_0818
images/missing_amount/0819.png,missing_amount,test,doc_0819
images/missing_amount/0820.png,missing_amount,train,doc_0820
images/missing_amount/0821.png,missing_amount,train,doc_0821
images/missing_amount/0822.png,missing_amount,test,doc_0822
images/missing_amount/0823.png,missing_amount,train,doc_0823
images/missing_amount/0824.png,missing_amount,train,doc_0824
images/missing_amount/0825.png,missing_amount,train,doc_0825
images/missing_amount/0826.png,missing_amount,train,doc_0826
images/missing_amount/0827.png,missing_amount,test,doc_0827
images/missing_amount/0828.png,missing_amount,train,doc_0828
images/missing_amount/0829.png,missing_amount,test,doc_0829
images/missing_amount/0830.png,missing_amount,train,doc_0830
images/missing_amount/0831.png,missing_amount,validation,doc_0831
images/missing_amount/0832.png,missing_amount,validation,doc_0832
images/missing_amount/0833.png,missing_amount,train,doc_0833
images/missing_amount/0834.png,missing_amount,validation,doc_0834
images/missing_amount/0835.png,missing_amount,train,doc_0835
images/missing_amount/0836.png,missing_amount,test,doc_0836
images/missing_amount/0837.png,missing_amount,train,doc_0837
images/missing_amount/0838.png,missing_amount,train,doc_0838
images/missing_amount/0839.png,missing_amount,validation,doc_0839
images/missing_amount/0840.png,missing_amount,train,doc_0840
images/missing_amount/0841.png,missing_amount,validation,doc_0841
images/missing_amount/0842.png,missing_amount,train,doc_0842
images/missing_amount/0843.png,missing_amount,train,doc_0843
images/missing_amount/0844.png,missing_amount,train,doc_0844
images/missing_amount/0845.png,missing_amount,validation,doc_0845
images/missing_amount/0846.png,missing_amount,train,doc_0846
images/missing_amount/0847.png,missing_amount,train,doc_0847
images/missing_amount/0848.png,missing_amount,train,doc_0848
images/missing_amount/0849.png,missing_amount,validation,doc_0849
images/missing_amount/0850.png,missing_amount,train,doc_0850
images/missing_amount/0851.png,missing_amount,train,doc_0851
images/missing_amount/0852.png,missing_amount,train,doc_0852
images/missing_amount/0853.png,missing_amount,train,doc_0853
images/missing_amount/0854.png,missing_amount,test,doc_0854
images/missing_amount/0855.png,missing_amount,validation,doc_0855
images/missing_amount/0856.png,missing_amount,test,doc_0856
images/missing_amount/0857.png,missing_amount,train,doc_0857
images/missing_amount/0858.png,missing_amount,train,doc_0858
images/missing_amount/0859.png,missing_amount,test,doc_0859
images/missing_amount/0860.png,missing_amount,train,doc_0860
images/missing_amount/0861.png,missing_amount,train,doc_0861
images/missing_amount/0862.png,missing_amount,train,doc_0862
images/missing_amount/0863.png,missing_amount,train,doc_0863
images/missing_amount/0864.png,missing_amount,train,doc_0864
images/missing_amount/0865.png,missing_amount,train,doc_0865
images/missing_amount/0866.png,missing_amount,train,doc_0866
images/missing_amount/0867.png,missing_amount,train,doc_0867
images/missing_amount/0868.png,missing_amount,train,doc_0868
images/missing_amount/0869.png,missing_amount,train,doc_0869
images/missing_amount/0870.png,missing_amount,train,doc_0870
images/missing_amount/0871.png,missing_amount,train,doc_0871
images/missing_amount/0872.png,missing_amount,train,doc_0872
images/missing_amount/0873.png,missing_amount,test,doc_0873
images/missing_amount/0874.png,missing_amount,test,doc_0874
images/missing_amount/0875.png,missing_amount,train,doc_0875
images/missing_amount/0876.png,missing_amount,validation,doc_0876
images/missing_amount/0877.png,missing_amount,train,doc_0877
images/missing_amount/0878.png,missing_amount,train,doc_0878
images/missing_amount/0879.png,missing_amount,train,doc_0879
images/missing_amount/0880.png,missing_amount,train,doc_0880
images/missing_amount/0881.png,missing_amount,train,doc_0881
images/missing_amount/0882.png,missing_amount,train,doc_0882
images/missing_amount/0883.png,missing_amount,train,doc_0883
images/missing_amount/0884.png,missing_amount,train,doc_0884
images/missing_amount/0885.png,missing_amount,validation,doc_0885
images/missing_amount/0886.png,missing_amount,train,doc_0886
images/missing_amount/0887.png,missing_amount,validation,doc_0887
images/missing_amount/0888.png,missing_amount,train,doc_0888
images/missing_amount/0889.png,missing_amount,train,doc_0889
images/missing_amount/0890.png,missing_amount,train,doc_0890
images/missing_amount/0891.png,missing_amount,train,doc_0891
images/missing_amount/0892.png,missing_amount,train,doc_0892
images/missing_amount/0893.png,missing_amount,train,doc_0893
images/missing_amount/0894.png,missing_amount,train,doc_0894
images/missing_amount/0895.png,missing_amount,train,doc_0895
images/missing_amount/0896.png,missing_amount,train,doc_0896
images/missing_amount/0897.png,missing_amount,train,doc_0897
images/missing_amount/0898.png,missing_amount,train,doc_0898
images/missing_amount/0899.png,missing_amount,train,doc_0899
images/missing_amount/0900.png,missing_amount,train,doc_0900
images/missing_amount/0901.png,missing_amount,validation,doc_0901
images/missing_amount/0902.png,missing_amount,train,doc_0902
images/missing_amount/0903.png,missing_amount,train,doc_0903
images/missing_amount/0904.png,missing_amount,train,doc_0904
images/missing_amount/0905.png,missing_amount,train,doc_0905
images/missing_amount/0906.png,missing_amount,test,doc_0906
images/missing_amount/0907.png,missing_amount,train,doc_0907
images/missing_amount/0908.png,missing_amount,validation,doc_0908
images/missing_amount/0909.png,missing_amount,test,doc_0909
images/missing_amount/0910.png,missing_amount,validation,doc_0910
images/missing_amount/0911.png,missing_amount,validation,doc_0911
images/missing_amount/0912.png,missing_amount,train,doc_0912
images/missing_amount/0913.png,missing_amount,train,doc_0913
images/missing_amount/0914.png,missing_amount,validation,doc_0914
images/missing_amount/0915.png,missing_amount,train,doc_0915
images/missing_amount/0916.png,missing_amount,test,doc_0916
images/missing_amount/0917.png,missing_amount,train,doc_0917
images/missing_amount/0918.png,missing_amount,train,doc_0918
images/missing_amount/0919.png,missing_amount,validation,doc_0919
images/missing_amount/0920.png,missing_amount,train,doc_0920
images/missing_amount/0921.png,missing_amount,train,doc_0921
images/missing_amount/0922.png,missing_amount,train,doc_0922
images/missing_amount/0923.png,missing_amount,train,doc_0923
images/missing_amount/0924.png,missing_amount,train,doc_0924
images/missing_amount/0925.png,missing_amount,train,doc_0925
images/missing_amount/0926.png,missing_amount,train,doc_0926
images/missing_amount/0927.png,missing_amount,train,doc_0927
images/missing_amount/0928.png,missing_amount,validation,doc_0928
images/missing_amount/0929.png,missing_amount,test,doc_0929
images/missing_amount/0930.png,missing_amount,train,doc_0930
images/missing_amount/0931.png,missing_amount,train,doc_0931
images/missing_amount/0932.png,missing_amount,train,doc_0932
images/missing_amount/0933.png,missing_amount,test,doc_0933
images/missing_amount/0934.png,missing_amount,train,doc_0934
images/missing_amount/0935.png,missing_amount,validation,doc_0935
images/missing_amount/0936.png,missing_amount,train,doc_0936
images/missing_amount/0937.png,missing_amount,validation,doc_0937
images/missing_amount/0938.png,missing_amount,test,doc_0938
images/missing_amount/0939.png,missing_amount,train,doc_0939
images/missing_amount/0940.png,missing_amount,test,doc_0940
images/missing_amount/0941.png,missing_amount,train,doc_0941
images/missing_amount/0942.png,missing_amount,validation,doc_0942
images/missing_amount/0943.png,missing_amount,train,doc_0943
images/missing_amount/0944.png,missing_amount,test,doc_0944
images/missing_amount/0945.png,missing_amount,train,doc_0945
images/missing_amount/0946.png,missing_amount,train,doc_0946
images/missing_amount/0947.png,missing_amount,train,doc_0947
images/missing_amount/0948.png,missing_amount,validation,doc_0948
images/missing_amount/0949.png,missing_amount,validation,doc_0949
images/missing_amount/0950.png,missing_amount,train,doc_0950
images/missing_amount/0951.png,missing_amount,train,doc_0951
images/missing_amount/0952.png,missing_amount,train,doc_0952
images/missing_amount/0953.png,missing_amount,test,doc_0953
images/missing_amount/0954.png,missing_amount,validation,doc_0954
images/missing_amount/0955.png,missing_amount,train,doc_0955
images/missing_amount/0956.png,missing_amount,test,doc_0956
images/missing_amount/0957.png,missing_amount,train,doc_0957
images/missing_amount/0958.png,missing_amount,train,doc_0958
images/missing_amount/0959.png,missing_amount,train,doc_0959
images/missing_amount/0960.png,missing_amount,train,doc_0960
images/missing_amount/0961.png,missing_amount,train,doc_0961
images/missing_amount/0962.png,missing_amount,train,doc_0962
images/missing_amount/0963.png,missing_amount,validation,doc_0963
images/missing_amount/0964.png,missing_amount,train,doc_0964
images/missing_amount/0965.png,missing_amount,train,doc_0965
images/missing_amount/0966.png,missing_amount,train,doc_0966
images/missing_amount/0967.png,missing_amount,test,doc_0967
images/missing_amount/0968.png,missing_amount,test,doc_0968
images/missing_amount/0969.png,missing_amount,train,doc_0969
images/missing_amount/0970.png,missing_amount,train,doc_0970
images/missing_amount/0971.png,missing_amount,train,doc_0971
images/missing_amount/0972.png,missing_amount,train,doc_0972
images/missing_amount/0973.png,missing_amount,validation,doc_0973
images/missing_amount/0974.png,missing_amount,train,doc_0974
images/missing_amount/0975.png,missing_amount,train,doc_0975
images/missing_amount/0976.png,missing_amount,train,doc_0976
images/missing_amount/0977.png,missing_amount,train,doc_0977
images/missing_amount/0978.png,missing_amount,train,doc_0978
images/missing_amount/0979.png,missing_amount,train,doc_0979
images/missing_amount/0980.png,missing_amount,train,doc_0980
images/missing_amount/0981.png,missing_amount,train,doc_0981
images/missing_amount/0982.png,missing_amount,validation,doc_0982
images/missing_amount/0983.png,missing_amount,train,doc_0983
images/missing_amount/0984.png,missing_amount,train,doc_0984
images/missing_amount/0985.png,missing_amount,train,doc_0985
images/missing_amount/0986.png,missing_amount,train,doc_0986
images/missing_amount/0987.png,missing_amount,train,doc_0987
images/missing_amount/0988.png,missing_amount,train,doc_0988
images/missing_amount/0989.png,missing_amount,train,doc_0989
images/missing_amount/0990.png,missing_amount,train,doc_0990
images/missing_amount/0991.png,missing_amount,train,doc_0991
images/missing_amount/0992.png,missing_amount,validation,doc_0992
images/missing_amount/0993.png,missing_amount,train,doc_0993
images/missing_amount/0994.png,missing_amount,train,doc_0994
images/missing_amount/0995.png,missing_amount,train,doc_0995
images/missing_amount/0996.png,missing_amount,validation,doc_0996
images/missing_amount/0997.png,missing_amount,train,doc_0997
images/missing_amount/0998.png,missing_amount,train,doc_0998
images/missing_amount/0999.png,missing_amount,test,doc_0999
