transaction_id,customer_age,transaction_amount_inr,account_age_months,transactions_last_hour,distance_from_home_km,merchant_risk_score,device_change_7d,failed_pin_attempts,hour_of_day,card_present,international_txn,merchant_category,payment_channel,device_type,customer_segment,weekday,avg_transaction_inr,city_tier,is_fraud
02000001,31,24022,49,4,183,71,2,5,22,No,Yes,Dining,POS,Android,Mass,0,9,Tier 2,1
02000002,45,133069,46,5,82,66,1,1,15,No,Yes,Electronics,ATM,iOS,Preferred,6,4,Tier 3,0
02000003,43,101134,39,21,14,86,10,5,3,No,No,Travel,Online,iOS,Premium,6,7,Tier 1,1
02000004,38,143617,30,23,64,18,6,1,11,No,Yes,Dining,POS,Android,Mass,7,0,Tier 3,1
02000005,44,143011,36,2,297,43,2,5,23,Yes,No,Dining,Online,Android,Premium,1,0,Tier 1,1
02000006,52,9424,66,15,474,25,9,0,22,Yes,Yes,Grocery,ATM,Web,Mass,3,3,Tier 3,1
02000007,24,3860,47,11,30,37,4,3,9,No,Yes,Grocery,POS,Web,Premium,7,9,Tier 2,0
02000008,22,38346,61,8,576,12,6,0,4,Yes,No,Travel,Online,iOS,Preferred,4,5,Tier 1,1
02000009,60,3119,23,18,199,32,10,4,7,No,Yes,Electronics,Online,Web,Premium,10,3,Tier 2,1
02000010,40,77338,45,5,436,68,3,5,9,Yes,Yes,Travel,POS,Android,Preferred,3,10,Tier 3,1
02000011,42,126773,36,7,88,88,0,3,0,Yes,No,Dining,Online,Web,Premium,4,1,Tier 2,1
02000012,69,16343,37,18,41,62,10,4,8,Yes,No,Grocery,ATM,Android,Premium,10,8,Tier 1,1
02000013,43,47150,23,12,312,16,1,5,14,No,No,Fuel,POS,iOS,Preferred,9,3,Tier 2,0
02000014,56,177261,32,8,690,76,2,0,23,No,No,Electronics,ATM,Web,Preferred,2,10,Tier 3,1
02000015,27,27921,50,16,498,5,1,1,22,Yes,No,Grocery,ATM,Web,Preferred,4,8,Tier 1,0
02000016,26,108096,55,0,53,7,1,5,18,No,Yes,Grocery,ATM,iOS,Preferred,4,10,Tier 1,0
02000017,25,18064,51,21,354,21,10,3,22,No,Yes,Electronics,ATM,iOS,Preferred,10,0,Tier 1,0
02000018,43,146108,28,1,355,63,7,2,1,Yes,Yes,Fuel,Online,Android,Preferred,6,2,Tier 2,0
02000019,48,46195,24,18,66,66,0,5,17,Yes,Yes,Dining,ATM,iOS,Preferred,1,9,Tier 2,0
02000020,26,16364,65,14,109,70,3,2,6,Yes,Yes,Grocery,Online,Android,Mass,4,10,Tier 1,1
02000021,41,123343,21,0,504,45,9,3,12,Yes,No,Fuel,POS,Android,Premium,4,0,Tier 3,0
02000022,32,110982,35,9,670,68,3,4,2,Yes,No,Fuel,Online,Web,Mass,9,8,Tier 1,1
02000023,55,167149,47,19,493,78,6,0,14,Yes,No,Electronics,ATM,iOS,Mass,9,9,Tier 2,0
02000024,26,118343,28,10,661,55,0,3,14,No,Yes,Travel,Online,Web,Premium,7,8,Tier 2,1
02000025,21,153908,42,12,230,41,1,4,0,No,No,Fuel,POS,Android,Mass,6,8,Tier 1,1
02000026,24,127179,65,7,580,46,6,1,23,No,No,Grocery,ATM,Web,Mass,1,4,Tier 1,0
02000027,35,104831,38,1,30,57,5,3,2,Yes,No,Fuel,ATM,Web,Premium,10,2,Tier 3,1
02000028,25,49776,51,18,585,51,0,4,1,No,Yes,Electronics,POS,Android,Mass,9,1,Tier 1,1
02000029,64,41311,24,14,55,53,10,0,20,Yes,No,Fuel,ATM,Web,Preferred,5,0,Tier 3,0
02000030,37,39041,48,3,16,50,8,0,11,No,No,Travel,ATM,Web,Premium,6,7,Tier 3,0
02000031,35,139256,68,14,528,60,5,3,22,No,No,Travel,ATM,Android,Preferred,10,5,Tier 2,1
02000032,24,102796,56,5,306,73,4,4,11,Yes,Yes,Travel,ATM,iOS,Premium,8,6,Tier 2,1
02000033,32,161130,25,13,72,25,7,1,17,Yes,Yes,Electronics,ATM,Web,Mass,10,0,Tier 1,0
02000034,59,88560,32,19,377,46,1,2,5,No,Yes,Fuel,ATM,iOS,Mass,5,1,Tier 3,0
02000035,61,169326,65,2,648,84,2,3,18,No,Yes,Dining,Online,Android,Preferred,0,1,Tier 1,1
02000036,41,36938,28,8,241,65,8,5,16,No,No,Dining,POS,iOS,Preferred,1,3,Tier 1,1
02000037,31,109546,34,21,528,43,10,4,6,No,No,Grocery,ATM,Web,Premium,0,10,Tier 1,0
02000038,61,156203,22,18,202,40,6,3,14,Yes,Yes,Fuel,POS,iOS,Premium,7,9,Tier 2,1
02000039,56,43987,51,19,183,61,9,2,0,No,Yes,Fuel,Online,Android,Preferred,9,7,Tier 1,1
02000040,24,36716,38,9,34,72,7,5,20,No,Yes,Fuel,POS,Web,Preferred,3,6,Tier 2,1
02000041,60,34860,44,19,37,45,10,0,9,Yes,Yes,Dining,Online,iOS,Mass,8,4,Tier 1,1
02000042,66,23895,22,2,368,80,0,3,18,No,Yes,Dining,POS,Web,Premium,9,8,Tier 3,0
02000043,56,142325,44,3,553,86,3,1,3,No,No,Dining,POS,iOS,Premium,5,4,Tier 3,0
02000044,69,46923,28,17,68,66,3,5,13,Yes,No,Electronics,Online,Web,Preferred,1,3,Tier 1,0
02000045,40,94086,59,16,46,65,5,1,4,No,No,Dining,Online,Web,Preferred,2,8,Tier 2,1
02000046,33,146379,54,15,404,74,4,5,9,No,Yes,Travel,Online,Web,Preferred,5,4,Tier 2,1
02000047,36,61926,66,2,571,95,7,3,22,No,No,Grocery,ATM,iOS,Preferred,4,2,Tier 2,1
02000048,58,68984,44,20,204,24,8,4,5,Yes,No,Fuel,ATM,Android,Premium,0,2,Tier 2,1
02000049,24,90008,21,6,320,54,4,2,1,No,Yes,Electronics,ATM,Web,Premium,2,1,Tier 3,1
02000050,51,2562,54,0,226,16,7,0,8,Yes,No,Grocery,Online,Web,Mass,1,4,Tier 3,0
02000051,44,6790,43,9,274,27,4,4,22,No,Yes,Travel,POS,Android,Mass,9,7,Tier 3,0
02000052,61,61898,53,19,148,84,9,5,21,No,Yes,Travel,POS,Web,Mass,4,3,Tier 1,1
02000053,27,19359,35,0,408,74,10,3,4,Yes,No,Fuel,ATM,Web,Mass,1,0,Tier 3,0
02000054,49,170474,47,5,683,10,1,3,18,No,Yes,Travel,Online,Android,Mass,5,1,Tier 2,1
02000055,23,153792,47,5,313,12,6,4,3,No,No,Fuel,Online,Web,Mass,7,7,Tier 3,1
02000056,57,20531,47,7,110,69,9,3,17,Yes,Yes,Travel,POS,Android,Preferred,1,7,Tier 1,0
02000057,44,124782,54,1,725,38,4,2,0,Yes,No,Fuel,ATM,Web,Mass,2,0,Tier 3,1
02000058,68,109978,41,17,50,90,2,2,18,No,Yes,Travel,POS,Android,Mass,10,1,Tier 3,0
02000059,43,162486,37,13,466,43,9,3,16,Yes,Yes,Travel,ATM,iOS,Preferred,9,0,Tier 1,1
02000060,58,105315,32,11,201,35,7,3,22,Yes,No,Electronics,POS,Web,Premium,10,6,Tier 3,0
02000061,58,143057,35,9,538,55,10,2,1,Yes,No,Fuel,POS,Android,Preferred,3,0,Tier 1,0
02000062,29,29566,49,11,334,80,0,5,13,Yes,Yes,Grocery,Online,Android,Premium,5,1,Tier 1,1
02000063,21,96814,30,20,739,10,9,4,7,No,No,Travel,POS,Android,Preferred,5,8,Tier 2,1
02000064,63,163681,34,18,95,23,10,3,13,No,Yes,Dining,Online,Android,Preferred,6,4,Tier 1,1
02000065,27,11079,30,22,545,19,3,2,20,No,Yes,Fuel,Online,Android,Premium,6,3,Tier 1,0
02000066,33,81938,54,8,60,43,9,2,0,Yes,No,Electronics,POS,Web,Premium,2,2,Tier 3,0
02000067,37,174621,25,21,562,19,9,4,15,Yes,No,Travel,ATM,Android,Preferred,7,2,Tier 2,1
02000068,53,87549,60,10,119,56,6,3,11,No,No,Electronics,ATM,Android,Preferred,5,10,Tier 2,0
02000069,68,33511,33,2,542,19,1,3,5,Yes,No,Fuel,ATM,Android,Premium,2,10,Tier 2,0
02000070,28,103106,55,1,403,85,4,1,1,No,No,Dining,Online,iOS,Premium,10,10,Tier 3,0
02000071,30,163783,21,14,488,68,2,5,16,No,No,Dining,ATM,Android,Preferred,6,5,Tier 3,1
02000072,66,32686,30,4,303,30,6,0,12,Yes,No,Fuel,ATM,iOS,Mass,8,8,Tier 3,0
02000073,66,81710,22,8,589,78,2,4,9,Yes,No,Travel,Online,Android,Premium,8,5,Tier 1,1
02000074,35,39503,62,17,457,35,4,2,11,No,Yes,Travel,POS,iOS,Premium,5,9,Tier 3,1
02000075,39,129430,45,0,606,56,2,5,10,Yes,No,Fuel,ATM,Android,Mass,1,8,Tier 3,1
02000076,34,75624,68,8,569,67,9,4,10,No,Yes,Grocery,ATM,Web,Premium,7,9,Tier 2,1
02000077,24,4048,22,9,356,76,6,1,20,Yes,No,Electronics,Online,Web,Mass,6,5,Tier 2,1
02000078,21,130400,36,17,728,21,8,3,0,Yes,No,Fuel,ATM,Android,Mass,3,9,Tier 3,1
02000079,42,31623,32,2,10,88,9,2,13,Yes,Yes,Travel,ATM,Android,Premium,9,7,Tier 1,0
02000080,49,162039,23,12,511,22,4,3,1,Yes,No,Grocery,POS,Web,Preferred,10,10,Tier 3,0
02000081,53,1568,44,19,335,33,9,1,12,No,Yes,Dining,POS,iOS,Preferred,7,8,Tier 1,1
02000082,59,154251,25,17,411,43,2,2,9,No,No,Dining,ATM,iOS,Premium,5,1,Tier 3,1
02000083,55,82052,32,22,487,45,1,0,22,Yes,No,Dining,POS,Web,Mass,9,6,Tier 1,0
02000084,68,176453,55,6,314,23,8,3,12,Yes,No,Fuel,ATM,Android,Premium,8,8,Tier 1,0
02000085,53,166595,43,21,626,48,4,0,5,No,Yes,Travel,ATM,Web,Mass,10,3,Tier 3,0
02000086,57,132927,57,0,611,92,6,1,14,No,Yes,Dining,Online,Web,Mass,3,0,Tier 3,0
02000087,31,134465,64,21,589,88,4,4,0,Yes,Yes,Travel,Online,Web,Mass,8,9,Tier 3,1
02000088,23,111715,54,20,236,16,8,1,5,Yes,No,Fuel,POS,iOS,Preferred,6,9,Tier 2,0
02000089,56,59657,46,21,491,61,3,1,18,No,Yes,Fuel,ATM,Android,Premium,5,9,Tier 3,1
02000090,36,56671,21,8,510,5,3,0,5,Yes,Yes,Grocery,ATM,iOS,Preferred,2,10,Tier 1,0
02000091,36,84367,39,23,635,52,3,4,20,No,No,Electronics,ATM,iOS,Mass,5,10,Tier 2,1
02000092,56,17401,48,17,399,6,3,1,4,Yes,No,Dining,Online,iOS,Premium,6,9,Tier 3,0
02000093,64,135350,34,9,710,22,4,1,7,Yes,Yes,Grocery,ATM,Android,Preferred,7,6,Tier 2,0
02000094,46,69445,57,1,369,7,5,0,8,No,No,Travel,ATM,iOS,Premium,6,9,Tier 3,1
02000095,49,133135,48,15,184,84,8,3,23,Yes,Yes,Grocery,Online,Android,Mass,5,7,Tier 1,1
02000096,52,45505,35,22,108,40,0,0,16,Yes,No,Travel,ATM,iOS,Premium,10,5,Tier 3,0
02000097,48,153315,43,17,430,44,6,3,0,No,No,Travel,POS,Android,Mass,2,7,Tier 1,0
02000098,61,70405,51,18,47,8,9,1,2,No,No,Dining,ATM,Web,Premium,9,8,Tier 1,0
02000099,45,6420,54,2,519,61,7,1,4,Yes,Yes,Dining,POS,iOS,Preferred,7,4,Tier 3,1
02000100,45,165491,55,14,481,53,6,1,6,Yes,No,Fuel,POS,Web,Mass,10,7,Tier 3,1
02000101,51,147319,32,4,267,29,8,2,9,Yes,Yes,Dining,Online,Android,Preferred,5,5,Tier 2,0
02000102,67,117016,32,8,228,24,0,2,3,Yes,No,Grocery,Online,Android,Premium,10,4,Tier 3,1
02000103,26,109336,62,1,216,94,2,0,4,Yes,Yes,Grocery,ATM,Web,Preferred,4,4,Tier 2,1
02000104,32,21958,55,3,520,48,9,2,0,Yes,No,Dining,Online,Android,Preferred,0,6,Tier 2,1
02000105,26,101740,68,20,50,58,5,5,0,No,No,Electronics,ATM,iOS,Mass,6,0,Tier 3,1
02000106,52,59781,30,16,714,66,4,4,19,No,No,Travel,Online,Android,Premium,8,8,Tier 1,0
02000107,43,156126,63,17,198,74,8,5,10,Yes,No,Fuel,ATM,iOS,Preferred,3,4,Tier 2,1
02000108,50,96607,43,17,123,22,1,2,16,No,Yes,Grocery,ATM,Web,Premium,3,7,Tier 2,0
02000109,46,11757,56,11,301,79,0,0,5,Yes,Yes,Electronics,POS,Web,Mass,10,4,Tier 3,0
02000110,63,54270,65,6,608,89,2,4,18,Yes,Yes,Grocery,Online,Android,Premium,6,1,Tier 3,1
02000111,44,120330,66,7,691,39,8,5,0,No,Yes,Fuel,ATM,iOS,Mass,1,9,Tier 1,1
02000112,27,96971,25,5,86,75,3,2,9,No,Yes,Fuel,POS,Web,Premium,10,8,Tier 1,1
02000113,58,139021,57,5,129,64,3,3,5,Yes,No,Travel,ATM,iOS,Mass,9,0,Tier 3,0
02000114,39,54761,21,20,363,50,1,3,7,No,Yes,Electronics,Online,Web,Mass,8,6,Tier 3,0
02000115,32,161336,34,18,221,43,8,0,22,Yes,Yes,Travel,ATM,Web,Premium,10,6,Tier 1,1
02000116,63,99134,25,22,435,91,1,1,14,No,No,Travel,Online,iOS,Preferred,5,7,Tier 1,1
02000117,65,92360,59,22,438,40,2,3,15,Yes,Yes,Electronics,POS,Web,Premium,5,5,Tier 1,1
02000118,44,44385,25,13,538,84,6,4,16,No,No,Dining,POS,iOS,Preferred,10,2,Tier 3,0
02000119,44,18929,39,9,477,6,4,1,19,No,Yes,Fuel,ATM,Android,Premium,2,5,Tier 1,0
02000120,57,69489,59,6,510,45,10,4,8,No,No,Fuel,Online,Android,Premium,10,6,Tier 2,1
02000121,64,66929,66,12,4,50,7,0,2,Yes,Yes,Travel,Online,Android,Preferred,2,2,Tier 3,0
02000122,50,151621,57,3,677,34,9,1,21,No,No,Travel,POS,Android,Preferred,1,6,Tier 3,0
02000123,46,157071,37,14,339,28,4,5,17,Yes,No,Electronics,Online,Web,Premium,3,2,Tier 2,1
02000124,41,139280,48,7,300,92,7,3,23,Yes,Yes,Electronics,Online,Android,Preferred,4,0,Tier 3,1
02000125,68,156885,60,7,452,91,1,1,5,Yes,Yes,Electronics,POS,Android,Mass,0,1,Tier 3,0
02000126,23,174688,22,3,740,34,9,2,19,No,Yes,Travel,ATM,Web,Preferred,7,10,Tier 2,0
02000127,32,59407,29,3,423,68,7,5,17,Yes,No,Fuel,Online,iOS,Preferred,3,0,Tier 3,0
02000128,53,29975,64,8,692,64,4,5,17,No,Yes,Grocery,POS,Android,Mass,8,2,Tier 1,1
02000129,21,139920,35,1,73,57,1,2,14,No,Yes,Electronics,POS,Android,Preferred,10,1,Tier 1,0
02000130,59,84035,28,14,128,73,1,0,4,Yes,Yes,Travel,ATM,Web,Mass,9,7,Tier 1,0
02000131,28,42537,64,6,71,90,3,4,17,Yes,No,Grocery,POS,iOS,Premium,6,8,Tier 3,0
02000132,37,77371,37,13,279,5,4,4,22,Yes,No,Grocery,POS,Web,Premium,8,7,Tier 2,1
02000133,28,37360,53,16,535,34,5,2,13,Yes,No,Electronics,POS,iOS,Premium,6,4,Tier 3,1
02000134,26,103756,42,17,178,38,0,1,6,Yes,No,Travel,ATM,Web,Premium,4,3,Tier 3,1
02000135,47,174436,26,15,307,7,5,2,3,Yes,No,Dining,POS,iOS,Premium,0,1,Tier 3,1
02000136,22,69331,38,21,253,77,3,4,18,No,No,Electronics,POS,Android,Mass,6,6,Tier 1,1
02000137,29,142685,61,10,492,12,2,0,9,No,No,Dining,POS,Android,Premium,10,5,Tier 3,0
02000138,60,139669,30,18,305,32,10,4,12,No,Yes,Travel,ATM,iOS,Premium,2,1,Tier 3,0
02000139,61,90025,55,17,394,90,2,0,2,No,No,Travel,POS,iOS,Mass,6,8,Tier 2,0
02000140,25,22207,58,20,172,24,6,5,10,No,No,Electronics,POS,iOS,Preferred,3,5,Tier 2,1
02000141,47,137369,31,18,26,32,10,2,5,Yes,No,Grocery,Online,iOS,Preferred,2,0,Tier 1,0
02000142,49,109545,63,14,388,6,6,4,4,Yes,Yes,Travel,POS,Android,Preferred,7,9,Tier 3,1
02000143,46,5717,65,4,667,44,10,2,18,No,No,Fuel,Online,Android,Premium,9,8,Tier 3,1
02000144,36,172236,56,11,656,51,8,1,18,No,No,Electronics,Online,Android,Premium,10,4,Tier 2,1
02000145,54,122721,32,12,720,79,10,5,9,No,Yes,Grocery,Online,Web,Preferred,2,6,Tier 1,1
02000146,25,79155,26,15,542,26,9,2,21,No,Yes,Electronics,ATM,Android,Mass,10,8,Tier 1,0
02000147,65,50879,30,20,25,77,10,1,22,No,Yes,Dining,POS,Android,Preferred,5,2,Tier 3,0
02000148,46,160927,37,0,296,19,3,3,17,Yes,No,Travel,Online,Android,Preferred,3,8,Tier 1,0
02000149,58,149120,48,21,485,24,6,0,0,No,Yes,Dining,Online,Android,Mass,8,7,Tier 1,1
02000150,58,47325,59,9,36,13,9,0,8,Yes,Yes,Fuel,Online,Web,Mass,5,8,Tier 2,0
02000151,27,4750,23,21,247,32,9,1,13,Yes,Yes,Fuel,POS,iOS,Mass,8,7,Tier 1,0
02000152,29,176293,32,23,399,83,1,4,5,No,Yes,Grocery,POS,iOS,Preferred,3,5,Tier 2,1
02000153,51,46496,27,7,677,6,4,2,14,Yes,Yes,Travel,Online,Web,Premium,10,4,Tier 1,0
02000154,23,159214,59,23,661,79,0,1,21,No,Yes,Electronics,POS,Web,Mass,3,5,Tier 1,1
02000155,58,112606,37,18,59,61,7,5,12,No,No,Grocery,Online,Web,Preferred,7,0,Tier 2,0
02000156,41,150754,22,13,21,34,0,3,5,No,Yes,Travel,POS,iOS,Premium,1,10,Tier 2,0
02000157,32,21311,26,14,707,26,0,4,16,No,No,Grocery,Online,Web,Premium,10,2,Tier 1,0
02000158,36,107937,64,7,456,24,2,2,14,No,No,Grocery,ATM,iOS,Premium,4,5,Tier 2,0
02000159,62,87976,48,7,94,62,3,4,15,Yes,No,Grocery,Online,iOS,Mass,4,6,Tier 1,0
02000160,31,70345,61,16,258,77,8,5,15,No,No,Dining,ATM,Android,Premium,10,2,Tier 3,1
02000161,62,12206,39,15,115,12,0,4,8,No,Yes,Fuel,POS,Android,Premium,0,1,Tier 1,0
02000162,41,82368,67,7,601,67,9,4,10,No,Yes,Dining,ATM,Android,Mass,9,5,Tier 1,1
02000163,64,42766,63,22,736,29,5,5,0,No,No,Grocery,ATM,Web,Preferred,5,1,Tier 2,0
02000164,62,100884,48,20,61,95,10,5,22,Yes,No,Grocery,ATM,Web,Preferred,3,2,Tier 1,1
02000165,65,71827,30,20,646,65,6,2,23,No,No,Grocery,Online,Web,Premium,10,2,Tier 1,1
02000166,41,40308,44,23,484,88,7,5,20,Yes,Yes,Grocery,ATM,Web,Premium,2,4,Tier 2,1
02000167,48,116611,54,16,711,22,5,4,3,No,No,Electronics,Online,iOS,Preferred,6,3,Tier 3,1
02000168,36,139092,54,16,548,26,10,3,22,Yes,Yes,Travel,ATM,Android,Premium,10,0,Tier 3,1
02000169,42,130838,49,18,49,82,5,0,19,No,No,Dining,POS,Web,Mass,5,9,Tier 1,1
02000170,35,97572,59,5,186,82,0,4,12,Yes,No,Fuel,Online,iOS,Premium,5,2,Tier 2,0
02000171,56,37220,41,23,450,42,7,4,9,Yes,Yes,Electronics,POS,iOS,Mass,9,5,Tier 3,0
02000172,43,14029,26,22,442,26,8,3,8,No,Yes,Electronics,ATM,iOS,Mass,7,9,Tier 2,0
02000173,30,58019,39,11,541,88,5,1,22,Yes,Yes,Fuel,Online,Android,Preferred,6,10,Tier 2,1
02000174,43,149772,50,3,332,58,6,5,15,Yes,Yes,Grocery,Online,Android,Preferred,6,3,Tier 3,1
02000175,60,72700,44,9,520,33,5,4,8,No,Yes,Electronics,POS,iOS,Mass,0,8,Tier 3,1
02000176,35,46235,63,21,549,17,3,4,12,No,No,Electronics,POS,iOS,Preferred,3,2,Tier 1,1
02000177,32,27969,60,17,491,68,7,3,19,Yes,No,Fuel,POS,iOS,Mass,6,2,Tier 1,0
02000178,62,15078,53,3,694,24,4,2,8,Yes,No,Electronics,POS,Android,Mass,8,2,Tier 3,1
02000179,61,25014,32,17,352,64,9,5,7,Yes,Yes,Grocery,Online,Web,Preferred,4,5,Tier 3,0
02000180,21,153823,53,15,731,6,10,5,4,Yes,No,Fuel,ATM,Android,Mass,2,6,Tier 2,1
02000181,46,23536,32,12,677,93,7,5,8,Yes,Yes,Fuel,POS,Android,Preferred,7,5,Tier 1,1
02000182,24,97285,57,15,386,72,10,1,6,No,Yes,Electronics,POS,Android,Mass,0,3,Tier 1,1
02000183,34,9919,46,0,59,23,3,3,15,No,No,Fuel,ATM,iOS,Premium,7,1,Tier 3,1
02000184,36,41522,25,22,747,79,4,5,23,No,No,Travel,Online,Web,Premium,5,5,Tier 3,1
02000185,68,109590,57,4,738,71,8,1,16,No,No,Grocery,ATM,Web,Mass,9,1,Tier 1,1
02000186,43,49887,56,0,9,40,2,5,15,No,No,Travel,ATM,iOS,Premium,5,6,Tier 2,0
02000187,22,135993,47,13,529,91,8,5,9,No,No,Travel,POS,Android,Preferred,2,10,Tier 2,1
02000188,66,34223,50,20,2,15,5,2,9,Yes,Yes,Travel,Online,Android,Preferred,5,0,Tier 2,1
02000189,60,47183,54,14,507,24,0,4,17,Yes,Yes,Electronics,Online,iOS,Premium,4,1,Tier 1,1
02000190,65,41683,69,21,63,37,1,1,17,No,Yes,Electronics,Online,Web,Mass,10,0,Tier 2,1
02000191,23,33979,35,4,692,73,7,4,6,Yes,Yes,Dining,POS,Web,Mass,2,4,Tier 1,1
02000192,48,173375,68,1,609,5,0,1,12,Yes,No,Travel,POS,Web,Preferred,0,9,Tier 3,0
02000193,42,172381,47,10,333,88,1,3,2,No,Yes,Electronics,POS,iOS,Mass,7,2,Tier 1,1
02000194,23,65947,41,10,584,62,8,0,23,No,No,Electronics,Online,iOS,Preferred,10,7,Tier 2,0
02000195,52,136329,62,19,661,89,9,3,19,No,No,Travel,POS,Web,Premium,0,3,Tier 1,0
02000196,64,95139,27,0,559,80,5,4,18,No,Yes,Dining,Online,Web,Mass,6,7,Tier 2,0
02000197,50,49243,62,18,383,86,8,3,0,Yes,Yes,Fuel,POS,Web,Preferred,2,1,Tier 1,1
02000198,61,133924,62,17,31,43,5,0,5,No,Yes,Dining,Online,Android,Mass,0,5,Tier 2,1
02000199,50,37568,67,11,378,47,9,5,5,Yes,Yes,Travel,Online,iOS,Mass,2,8,Tier 1,1
02000200,30,20990,64,15,498,15,8,4,6,No,No,Fuel,POS,Web,Mass,1,5,Tier 2,1
02000201,52,178828,25,9,744,29,2,5,19,Yes,No,Electronics,ATM,iOS,Premium,9,6,Tier 1,0
02000202,49,168045,51,9,155,35,4,4,13,Yes,No,Travel,Online,iOS,Premium,2,9,Tier 2,0
02000203,53,164805,32,18,385,44,7,4,8,No,Yes,Travel,ATM,iOS,Preferred,0,8,Tier 2,0
02000204,51,163739,48,11,138,55,10,5,3,Yes,No,Travel,POS,iOS,Preferred,5,1,Tier 3,1
02000205,62,154136,39,17,235,86,3,2,16,Yes,No,Electronics,Online,Web,Premium,7,9,Tier 2,0
02000206,45,50191,41,21,745,15,0,5,14,No,No,Grocery,ATM,Web,Preferred,2,9,Tier 3,1
02000207,69,134254,41,20,681,74,3,0,1,Yes,Yes,Travel,ATM,iOS,Premium,2,9,Tier 3,0
02000208,21,83584,31,6,143,16,0,5,6,Yes,Yes,Travel,ATM,iOS,Preferred,1,6,Tier 2,1
02000209,24,25426,55,7,655,15,8,2,14,Yes,Yes,Electronics,Online,Android,Mass,9,0,Tier 3,0
02000210,49,120828,33,12,656,49,0,5,3,No,No,Dining,ATM,Android,Mass,6,2,Tier 3,1
02000211,32,26221,50,8,275,81,10,4,0,No,Yes,Fuel,Online,Android,Premium,4,0,Tier 1,1
02000212,51,78907,68,9,271,38,3,1,9,Yes,No,Dining,POS,Android,Mass,1,10,Tier 3,0
02000213,24,76348,34,17,653,38,10,3,0,Yes,No,Fuel,POS,Android,Preferred,4,0,Tier 3,1
02000214,22,151569,31,11,661,69,8,1,10,Yes,Yes,Grocery,POS,Web,Preferred,2,8,Tier 3,1
02000215,68,133215,27,10,20,37,2,4,4,Yes,Yes,Travel,ATM,Web,Mass,5,8,Tier 2,0
02000216,40,149228,57,20,741,50,7,2,14,Yes,Yes,Travel,POS,Android,Mass,2,2,Tier 1,1
02000217,25,101291,50,19,588,71,7,1,9,No,No,Dining,Online,Android,Premium,1,7,Tier 3,1
02000218,21,148935,59,0,628,36,4,1,12,Yes,No,Dining,ATM,Android,Preferred,6,6,Tier 1,0
02000219,57,113494,44,12,118,73,5,1,16,No,Yes,Travel,POS,iOS,Premium,4,3,Tier 3,1
02000220,41,45229,49,22,211,5,2,4,22,No,Yes,Travel,POS,Android,Premium,4,0,Tier 3,0
02000221,56,120542,41,3,455,90,0,5,6,Yes,Yes,Travel,POS,iOS,Mass,0,5,Tier 3,0
02000222,31,134703,53,6,371,79,6,2,2,Yes,No,Dining,Online,Android,Preferred,3,1,Tier 1,0
02000223,21,135027,68,20,208,42,9,0,9,Yes,Yes,Grocery,POS,iOS,Premium,10,3,Tier 2,0
02000224,56,75515,58,15,140,64,3,0,5,Yes,No,Travel,POS,Android,Premium,9,3,Tier 2,0
02000225,48,34630,60,19,394,66,9,5,2,No,Yes,Electronics,ATM,Web,Premium,3,2,Tier 1,1
02000226,64,88871,34,3,22,6,5,0,21,No,No,Travel,Online,iOS,Mass,2,9,Tier 1,0
02000227,30,84424,42,20,516,18,10,0,22,Yes,No,Fuel,ATM,iOS,Mass,0,6,Tier 3,0
02000228,60,132251,64,12,295,26,1,4,13,Yes,No,Fuel,Online,iOS,Preferred,5,3,Tier 1,0
02000229,42,29993,24,7,392,90,8,4,22,Yes,No,Fuel,POS,Web,Premium,9,7,Tier 2,1
02000230,47,46277,50,7,196,81,5,1,19,No,Yes,Electronics,POS,Android,Preferred,6,9,Tier 1,1
02000231,41,172174,28,10,109,81,2,2,17,No,Yes,Grocery,ATM,iOS,Mass,8,5,Tier 1,1
02000232,66,99046,53,18,194,85,0,4,4,Yes,Yes,Electronics,Online,Web,Premium,10,6,Tier 3,1
02000233,25,86895,46,15,124,74,4,4,7,No,Yes,Travel,Online,Web,Mass,2,2,Tier 2,1
02000234,49,116669,38,20,682,79,7,3,2,No,No,Dining,ATM,iOS,Mass,0,5,Tier 3,1
02000235,24,119776,27,18,649,39,9,3,19,Yes,Yes,Grocery,POS,iOS,Premium,8,7,Tier 2,0
02000236,48,107047,50,22,733,77,9,1,10,Yes,No,Fuel,ATM,Web,Preferred,6,7,Tier 2,1
02000237,39,72078,49,5,185,17,4,0,14,Yes,No,Fuel,ATM,Android,Preferred,5,7,Tier 3,0
02000238,59,51857,52,6,467,82,6,0,17,No,Yes,Dining,ATM,Android,Preferred,6,2,Tier 2,0
02000239,53,23830,48,22,80,70,8,5,0,No,No,Grocery,POS,Web,Preferred,9,3,Tier 2,1
02000240,21,86070,39,11,86,87,10,2,22,No,Yes,Grocery,POS,Web,Premium,10,2,Tier 3,0
02000241,23,145644,66,8,439,29,1,2,10,Yes,Yes,Travel,POS,iOS,Preferred,9,0,Tier 3,0
02000242,49,86947,29,18,292,76,7,3,13,Yes,Yes,Dining,POS,Android,Mass,3,3,Tier 1,1
02000243,45,132701,69,21,222,49,8,3,15,Yes,Yes,Electronics,POS,Android,Preferred,7,5,Tier 1,0
02000244,52,73423,43,2,488,76,6,2,16,Yes,No,Grocery,ATM,Web,Premium,2,8,Tier 1,0
02000245,35,79894,32,7,140,82,1,1,7,No,No,Electronics,Online,Android,Mass,8,6,Tier 3,0
02000246,58,78709,61,6,548,36,3,5,19,No,No,Travel,Online,iOS,Premium,7,2,Tier 1,0
02000247,69,168946,27,7,741,60,5,4,1,Yes,Yes,Grocery,ATM,Android,Preferred,9,6,Tier 3,0
02000248,69,118469,63,7,665,64,2,1,10,No,No,Grocery,ATM,Web,Mass,1,7,Tier 2,1
02000249,34,84388,46,3,404,78,6,5,7,Yes,Yes,Dining,Online,Android,Preferred,8,8,Tier 1,1
02000250,33,162345,61,0,447,78,0,0,23,No,No,Dining,POS,Android,Preferred,0,7,Tier 1,0
02000251,25,57663,39,10,66,6,9,1,16,Yes,Yes,Fuel,Online,Web,Premium,8,3,Tier 3,1
02000252,58,9159,22,6,388,52,3,0,11,No,No,Grocery,Online,iOS,Mass,7,9,Tier 2,0
02000253,54,9090,41,10,733,19,6,1,18,No,Yes,Travel,ATM,Android,Premium,1,8,Tier 3,0
02000254,63,159746,23,18,695,48,1,4,6,Yes,Yes,Electronics,Online,iOS,Premium,3,8,Tier 3,1
02000255,44,19669,43,19,429,60,10,3,15,No,No,Electronics,Online,Web,Mass,9,8,Tier 2,1
02000256,65,168212,44,20,281,63,8,0,14,No,Yes,Fuel,POS,iOS,Preferred,1,3,Tier 1,1
02000257,55,4627,66,10,318,39,4,2,23,No,No,Dining,Online,Web,Preferred,1,6,Tier 2,0
02000258,66,102741,66,7,44,78,9,4,1,No,Yes,Fuel,POS,iOS,Preferred,7,9,Tier 3,0
02000259,37,111399,49,3,600,33,0,3,18,No,Yes,Grocery,POS,Web,Premium,10,7,Tier 3,0
02000260,68,115145,38,22,440,35,8,2,7,No,Yes,Travel,Online,iOS,Mass,4,5,Tier 2,1
02000261,69,125353,45,12,645,53,0,1,4,No,Yes,Electronics,POS,Android,Mass,2,4,Tier 3,0
02000262,55,40428,27,19,116,6,4,1,3,Yes,No,Grocery,Online,Android,Premium,8,10,Tier 2,0
02000263,56,177366,41,0,119,80,7,2,5,No,No,Electronics,POS,Android,Mass,4,4,Tier 1,0
02000264,68,72190,40,21,333,90,8,3,14,No,No,Fuel,Online,iOS,Mass,8,3,Tier 2,1
02000265,27,87978,68,23,603,83,3,0,2,No,Yes,Grocery,ATM,Android,Mass,5,6,Tier 2,0
02000266,29,164379,25,15,306,95,5,1,2,No,No,Grocery,ATM,Web,Premium,9,5,Tier 2,1
02000267,47,90866,33,12,81,13,1,2,2,Yes,No,Electronics,Online,Android,Mass,4,2,Tier 1,1
02000268,30,118210,66,14,635,56,7,2,19,Yes,Yes,Fuel,POS,Android,Mass,7,2,Tier 1,1
02000269,22,40818,69,16,87,57,3,4,18,Yes,Yes,Travel,ATM,Web,Mass,7,10,Tier 2,1
02000270,45,774,31,7,684,66,5,2,12,No,Yes,Travel,Online,iOS,Preferred,5,1,Tier 3,1
02000271,44,26452,27,12,224,62,6,3,3,Yes,Yes,Travel,Online,Android,Mass,10,2,Tier 2,0
02000272,45,127179,32,1,249,63,3,3,15,Yes,No,Dining,ATM,Web,Premium,2,0,Tier 3,0
02000273,42,137650,33,19,729,50,3,2,23,No,No,Fuel,Online,Android,Mass,5,6,Tier 3,0
02000274,33,139411,57,21,404,41,4,4,14,No,Yes,Travel,ATM,Android,Mass,7,7,Tier 1,1
02000275,39,147845,47,9,83,77,8,1,10,Yes,Yes,Grocery,POS,Web,Premium,4,9,Tier 2,0
02000276,30,112684,63,13,108,10,7,4,15,Yes,Yes,Travel,ATM,Android,Mass,0,8,Tier 3,0
02000277,23,129033,45,20,354,14,9,0,17,No,Yes,Grocery,ATM,Web,Mass,7,3,Tier 1,1
02000278,62,130575,46,1,191,39,5,0,6,No,No,Electronics,POS,Web,Mass,2,8,Tier 1,0
02000279,53,67948,27,6,276,29,3,0,9,No,Yes,Grocery,POS,iOS,Premium,4,6,Tier 3,0
02000280,24,77969,50,6,459,60,1,0,19,No,Yes,Grocery,POS,Web,Mass,9,3,Tier 1,0
02000281,45,111644,41,10,169,18,4,4,15,Yes,Yes,Electronics,Online,iOS,Mass,3,8,Tier 3,0
02000282,48,154741,49,8,311,17,8,4,1,Yes,Yes,Fuel,Online,Android,Premium,4,9,Tier 1,0
02000283,66,165469,47,3,570,95,7,3,10,No,No,Fuel,Online,Web,Mass,6,2,Tier 2,1
02000284,37,109769,34,0,703,12,2,0,17,Yes,No,Fuel,POS,Web,Preferred,2,7,Tier 2,0
02000285,44,131512,60,15,648,56,5,1,8,Yes,Yes,Travel,Online,Android,Preferred,4,5,Tier 2,1
02000286,63,69245,48,11,714,74,0,0,14,No,No,Grocery,ATM,iOS,Preferred,0,6,Tier 1,1
02000287,53,120540,23,11,334,14,2,0,20,Yes,No,Electronics,Online,Android,Mass,4,0,Tier 3,0
02000288,32,58150,35,6,200,84,7,3,19,Yes,Yes,Dining,POS,Web,Preferred,5,3,Tier 3,1
02000289,47,165364,40,23,109,42,6,0,19,No,Yes,Fuel,POS,iOS,Preferred,1,3,Tier 2,0
02000290,22,108303,25,7,605,48,0,1,13,Yes,Yes,Fuel,POS,Android,Mass,1,8,Tier 2,0
02000291,45,89209,49,20,164,40,1,3,2,Yes,No,Travel,ATM,Android,Premium,8,7,Tier 1,0
02000292,31,79325,25,23,94,89,3,0,21,No,No,Travel,ATM,Web,Preferred,10,10,Tier 3,1
02000293,26,53437,30,14,568,36,10,4,18,Yes,No,Grocery,Online,Web,Mass,10,4,Tier 3,1
02000294,38,48028,56,13,593,5,7,3,14,No,Yes,Grocery,POS,iOS,Mass,3,7,Tier 1,0
02000295,41,148261,50,6,514,61,7,5,19,No,Yes,Grocery,POS,Android,Mass,10,2,Tier 2,0
02000296,26,170693,36,11,159,65,5,0,15,Yes,No,Dining,POS,Android,Preferred,3,2,Tier 1,1
02000297,30,176400,66,14,572,30,8,0,9,No,No,Travel,POS,Web,Premium,7,10,Tier 2,1
02000298,37,46199,33,12,234,48,10,3,15,Yes,No,Fuel,POS,Web,Mass,6,10,Tier 2,1
02000299,26,9198,23,23,544,73,9,5,23,Yes,No,Travel,ATM,iOS,Preferred,9,10,Tier 1,1
02000300,21,98184,27,18,155,14,4,0,18,Yes,Yes,Fuel,POS,Web,Mass,0,7,Tier 2,1
02000301,21,119244,29,17,3,83,9,0,1,No,Yes,Electronics,Online,iOS,Premium,0,0,Tier 3,1
02000302,46,145254,50,19,631,10,2,3,20,Yes,Yes,Fuel,POS,Android,Preferred,8,2,Tier 3,1
02000303,48,39107,62,12,566,31,4,4,5,Yes,No,Grocery,ATM,Android,Mass,2,4,Tier 3,0
02000304,43,64859,36,0,43,54,4,1,21,No,Yes,Fuel,POS,iOS,Premium,6,7,Tier 3,0
02000305,45,50824,35,19,179,29,0,0,12,No,Yes,Travel,Online,iOS,Premium,8,8,Tier 2,0
02000306,64,29351,33,21,482,20,8,2,14,No,Yes,Travel,POS,iOS,Premium,10,9,Tier 3,0
02000307,26,30820,41,13,255,65,4,5,7,Yes,Yes,Electronics,POS,Android,Preferred,7,5,Tier 2,1
02000308,55,80256,59,6,399,67,2,2,3,Yes,Yes,Travel,POS,iOS,Preferred,3,8,Tier 3,0
02000309,22,55151,58,6,3,62,9,0,12,No,Yes,Fuel,POS,Web,Preferred,2,7,Tier 1,1
02000310,51,91486,52,2,87,67,3,2,15,No,No,Grocery,Online,Android,Premium,3,3,Tier 2,1
02000311,56,146600,41,8,53,45,4,5,3,No,No,Grocery,Online,iOS,Premium,1,9,Tier 1,0
02000312,43,104460,53,3,346,35,2,0,19,No,No,Grocery,ATM,Android,Preferred,3,7,Tier 1,0
02000313,34,166001,40,11,591,30,1,0,13,Yes,Yes,Grocery,POS,Android,Mass,7,3,Tier 2,1
02000314,64,137637,52,12,65,46,1,2,15,No,Yes,Electronics,ATM,iOS,Premium,6,7,Tier 3,0
02000315,62,40916,63,13,169,55,8,2,23,No,No,Travel,Online,Android,Preferred,0,5,Tier 2,0
02000316,52,81603,69,11,3,65,8,5,8,Yes,Yes,Electronics,Online,Web,Preferred,4,5,Tier 3,1
02000317,21,76197,27,14,713,69,3,2,5,No,Yes,Grocery,ATM,Android,Mass,10,9,Tier 1,1
02000318,67,118255,68,22,334,53,3,2,9,Yes,No,Dining,POS,Web,Mass,9,5,Tier 1,1
02000319,58,152622,42,4,422,17,4,2,7,Yes,Yes,Fuel,Online,iOS,Premium,2,7,Tier 3,0
02000320,54,31376,42,0,89,47,6,4,6,No,Yes,Fuel,ATM,Android,Premium,10,8,Tier 3,0
02000321,66,132684,42,2,21,49,9,4,18,Yes,Yes,Electronics,Online,iOS,Mass,0,1,Tier 3,0
02000322,26,21543,47,9,526,49,7,3,10,No,Yes,Grocery,ATM,Web,Mass,7,7,Tier 2,1
02000323,68,26302,44,13,307,21,9,3,11,No,No,Electronics,POS,Web,Mass,10,10,Tier 2,0
02000324,64,32427,53,20,39,53,7,1,8,No,No,Fuel,Online,Android,Mass,3,2,Tier 1,1
02000325,59,168091,39,23,561,18,0,5,17,No,Yes,Fuel,POS,Android,Mass,6,8,Tier 3,1
02000326,42,7851,53,8,130,58,1,1,11,Yes,No,Dining,Online,iOS,Mass,10,10,Tier 1,0
02000327,33,112361,49,13,528,29,8,2,18,Yes,Yes,Grocery,POS,Android,Mass,5,5,Tier 3,1
02000328,53,116811,31,14,160,67,6,4,10,Yes,No,Travel,POS,iOS,Mass,5,1,Tier 1,1
02000329,57,49036,54,10,634,50,7,4,1,No,No,Travel,POS,Web,Premium,3,9,Tier 1,0
02000330,21,177807,54,9,333,39,2,1,9,Yes,No,Fuel,ATM,Web,Mass,10,7,Tier 1,0
02000331,40,131172,49,11,693,10,6,4,6,Yes,No,Travel,POS,Android,Mass,4,8,Tier 1,0
02000332,60,136241,59,11,129,90,9,1,21,No,No,Travel,POS,Web,Mass,6,4,Tier 2,0
02000333,69,89944,32,2,451,30,8,0,18,Yes,No,Fuel,Online,Web,Preferred,6,10,Tier 2,0
02000334,44,11384,65,9,402,55,7,4,18,Yes,No,Grocery,POS,Web,Mass,8,5,Tier 2,1
02000335,29,47744,47,2,451,31,3,2,20,Yes,No,Electronics,ATM,Android,Premium,4,1,Tier 1,0
02000336,45,132952,34,22,195,26,9,0,4,Yes,No,Grocery,ATM,Web,Mass,0,4,Tier 1,0
02000337,36,18432,38,4,331,37,3,2,9,No,No,Grocery,POS,iOS,Preferred,6,7,Tier 1,0
02000338,45,154716,60,2,231,38,8,1,22,No,Yes,Travel,ATM,Web,Preferred,9,5,Tier 3,0
02000339,64,166164,28,10,740,71,10,4,3,Yes,Yes,Fuel,ATM,Android,Preferred,5,5,Tier 1,0
02000340,45,133173,69,18,634,59,0,4,15,Yes,Yes,Grocery,ATM,iOS,Preferred,6,3,Tier 3,1
02000341,43,141831,60,21,100,80,2,1,9,Yes,Yes,Electronics,ATM,iOS,Premium,2,9,Tier 2,1
02000342,48,161600,43,10,741,89,6,2,5,No,Yes,Dining,ATM,Android,Premium,0,7,Tier 3,1
02000343,30,40527,32,0,200,37,2,2,5,No,Yes,Grocery,POS,Web,Preferred,6,3,Tier 1,1
02000344,44,11948,34,23,383,51,1,2,21,Yes,Yes,Travel,ATM,Web,Mass,4,9,Tier 3,0
02000345,56,130339,51,0,528,70,3,0,11,No,No,Fuel,ATM,Web,Mass,7,0,Tier 3,1
02000346,39,4782,29,15,511,55,2,4,22,No,No,Fuel,ATM,iOS,Mass,5,4,Tier 2,0
02000347,27,17717,26,8,360,94,10,5,14,Yes,No,Electronics,Online,Android,Preferred,4,2,Tier 1,1
02000348,69,170523,32,19,381,54,3,5,23,No,No,Dining,POS,Web,Preferred,6,4,Tier 2,0
02000349,57,131804,37,14,316,71,2,5,12,No,No,Grocery,Online,iOS,Mass,1,7,Tier 2,1
02000350,47,100029,22,22,95,67,1,2,20,No,No,Travel,Online,Android,Mass,1,6,Tier 2,1
02000351,40,9329,46,11,98,31,8,5,12,No,No,Electronics,ATM,Web,Preferred,0,6,Tier 1,1
02000352,31,18948,46,7,482,73,6,2,11,Yes,No,Fuel,ATM,Web,Mass,9,8,Tier 1,0
02000353,23,82129,63,5,568,74,4,4,2,No,Yes,Fuel,POS,iOS,Mass,8,7,Tier 3,1
02000354,66,133545,40,7,436,56,9,5,6,Yes,No,Fuel,POS,Android,Mass,5,7,Tier 2,0
02000355,38,129237,37,22,215,62,0,1,23,Yes,No,Travel,ATM,Android,Premium,5,7,Tier 3,0
02000356,37,57229,22,2,690,55,9,1,17,Yes,No,Grocery,Online,Web,Premium,3,9,Tier 3,0
02000357,68,97469,55,21,206,79,9,3,17,Yes,No,Travel,ATM,Web,Mass,1,8,Tier 2,1
02000358,53,132054,55,23,417,24,6,3,17,No,Yes,Grocery,ATM,Web,Premium,2,2,Tier 1,1
02000359,69,84851,51,18,641,75,7,0,3,No,No,Grocery,POS,Android,Preferred,5,7,Tier 1,1
02000360,38,108035,66,2,32,76,8,1,10,Yes,No,Fuel,POS,Web,Preferred,7,2,Tier 1,0
02000361,36,18576,39,1,718,36,10,5,9,No,No,Fuel,POS,Web,Preferred,2,6,Tier 1,1
02000362,42,73861,27,16,629,72,3,5,19,No,Yes,Electronics,Online,Android,Preferred,9,10,Tier 3,1
02000363,38,70590,51,5,479,23,8,5,23,No,Yes,Dining,POS,iOS,Premium,8,3,Tier 2,1
02000364,40,150539,54,18,345,69,2,3,18,Yes,No,Travel,ATM,Android,Preferred,6,10,Tier 3,1
02000365,64,154911,36,2,336,89,7,1,18,No,Yes,Electronics,ATM,Android,Premium,7,3,Tier 3,1
02000366,31,69359,36,1,515,8,0,3,3,Yes,Yes,Grocery,POS,iOS,Preferred,9,2,Tier 3,0
02000367,35,27257,44,19,603,37,3,4,3,No,No,Dining,Online,iOS,Mass,7,4,Tier 2,1
02000368,31,80735,60,17,357,16,1,4,8,Yes,No,Dining,POS,iOS,Premium,5,1,Tier 3,0
02000369,35,114427,39,23,500,19,0,5,21,Yes,No,Electronics,POS,Web,Premium,3,0,Tier 3,0
02000370,25,179473,47,8,713,94,9,1,3,Yes,No,Fuel,Online,Android,Premium,4,6,Tier 1,1
02000371,38,101818,50,11,190,50,10,2,23,Yes,No,Electronics,Online,iOS,Premium,9,6,Tier 1,0
02000372,46,134770,23,15,633,13,8,2,6,Yes,No,Electronics,ATM,Web,Premium,8,8,Tier 3,0
02000373,34,29253,27,10,630,41,9,4,5,Yes,No,Fuel,Online,iOS,Premium,10,7,Tier 3,1
02000374,39,73339,26,9,540,36,5,4,6,Yes,Yes,Electronics,Online,Web,Premium,1,1,Tier 1,0
02000375,24,94884,42,1,507,57,5,1,9,No,No,Travel,ATM,Web,Premium,0,0,Tier 2,1
02000376,57,83697,60,11,107,63,7,2,11,No,No,Dining,Online,Web,Mass,9,4,Tier 2,0
02000377,59,91968,54,17,121,52,5,0,19,Yes,Yes,Dining,Online,Web,Mass,2,6,Tier 2,1
02000378,36,95939,44,3,712,58,1,3,1,No,No,Fuel,POS,Android,Preferred,8,6,Tier 1,1
02000379,52,169856,26,6,226,12,2,2,23,No,No,Travel,ATM,Android,Mass,6,10,Tier 2,0
02000380,31,85904,25,10,522,75,5,3,21,Yes,Yes,Dining,Online,Android,Mass,5,8,Tier 1,1
02000381,50,18726,38,12,205,49,4,0,6,No,Yes,Fuel,Online,iOS,Mass,2,4,Tier 3,0
02000382,31,178569,53,14,514,51,2,2,19,No,No,Fuel,ATM,Android,Mass,4,2,Tier 3,1
02000383,23,93637,50,8,669,92,8,1,7,No,Yes,Grocery,Online,Web,Mass,10,3,Tier 2,1
02000384,33,52965,27,14,586,15,1,5,9,No,Yes,Travel,Online,iOS,Mass,4,6,Tier 2,1
02000385,40,67133,27,15,195,47,8,2,18,Yes,Yes,Fuel,Online,Web,Mass,3,0,Tier 2,1
02000386,49,56795,65,8,568,93,2,3,14,Yes,No,Dining,Online,Web,Preferred,7,9,Tier 2,1
02000387,30,151678,53,1,710,12,3,2,1,Yes,No,Fuel,ATM,Web,Preferred,9,6,Tier 1,1
02000388,33,85241,67,7,456,41,0,5,14,No,No,Electronics,POS,iOS,Mass,5,3,Tier 2,1
02000389,28,58878,33,4,99,67,7,0,18,No,Yes,Dining,Online,iOS,Mass,2,6,Tier 1,0
02000390,35,157206,63,2,418,85,0,5,13,No,Yes,Dining,ATM,Android,Mass,10,1,Tier 1,1
02000391,31,118640,69,19,354,56,6,2,14,No,Yes,Dining,ATM,Web,Preferred,4,3,Tier 3,1
02000392,64,7350,57,20,73,15,8,1,21,No,Yes,Electronics,POS,iOS,Mass,9,6,Tier 2,0
02000393,48,174353,22,6,399,28,3,1,11,Yes,No,Travel,Online,iOS,Mass,9,6,Tier 2,0
02000394,51,168732,28,1,431,95,1,4,9,Yes,Yes,Electronics,ATM,Web,Mass,1,6,Tier 1,0
02000395,27,141458,25,8,340,37,8,1,18,No,Yes,Electronics,ATM,iOS,Mass,6,9,Tier 2,0
02000396,39,162553,38,23,225,41,4,5,16,Yes,Yes,Electronics,ATM,Android,Preferred,1,1,Tier 3,1
02000397,36,11493,21,2,503,13,4,1,1,Yes,Yes,Travel,ATM,iOS,Premium,10,9,Tier 3,0
02000398,58,112833,61,18,466,7,4,3,9,Yes,Yes,Fuel,ATM,Web,Premium,1,3,Tier 3,0
02000399,57,96659,46,2,38,32,7,0,18,Yes,No,Electronics,ATM,Web,Premium,8,6,Tier 2,1
02000400,23,50335,55,22,18,5,7,2,8,No,No,Dining,POS,iOS,Preferred,7,10,Tier 3,0
02000401,27,176939,39,19,686,79,8,3,15,Yes,No,Dining,Online,Android,Mass,1,1,Tier 3,0
02000402,52,85259,62,10,292,87,4,0,11,No,Yes,Travel,ATM,Android,Preferred,3,6,Tier 1,1
02000403,36,80966,23,18,220,73,9,2,3,Yes,No,Dining,Online,iOS,Preferred,4,0,Tier 2,1
02000404,43,57019,51,14,136,68,8,2,6,No,Yes,Fuel,POS,Web,Mass,5,8,Tier 1,0
02000405,23,15393,27,10,337,45,1,5,3,No,Yes,Travel,Online,Android,Preferred,6,4,Tier 1,0
02000406,69,169703,56,0,584,8,9,2,13,Yes,No,Dining,POS,iOS,Preferred,2,6,Tier 3,0
02000407,39,162667,46,7,447,91,0,0,19,Yes,No,Fuel,ATM,Android,Mass,7,2,Tier 2,1
02000408,44,107829,30,13,423,77,9,1,8,No,Yes,Electronics,Online,Android,Mass,3,3,Tier 1,0
02000409,27,166992,40,23,590,53,4,1,9,Yes,Yes,Fuel,ATM,iOS,Preferred,8,2,Tier 3,1
02000410,47,73089,56,6,322,11,3,5,16,No,No,Fuel,Online,Android,Preferred,0,2,Tier 1,0
02000411,21,59207,61,12,67,48,10,1,23,Yes,No,Electronics,Online,Web,Preferred,0,7,Tier 1,1
02000412,51,44135,53,1,398,94,5,2,13,Yes,No,Dining,POS,Web,Preferred,5,9,Tier 3,0
02000413,59,132645,60,8,230,64,6,1,0,Yes,No,Electronics,POS,Android,Preferred,4,7,Tier 2,1
02000414,60,76647,24,17,450,89,0,4,3,No,Yes,Electronics,POS,Web,Preferred,8,8,Tier 3,0
02000415,63,79750,32,11,17,42,3,4,4,Yes,Yes,Fuel,ATM,iOS,Premium,4,4,Tier 2,0
02000416,62,16977,50,10,681,14,4,4,13,No,No,Electronics,ATM,Android,Premium,9,2,Tier 3,0
02000417,31,122383,35,5,483,69,1,3,8,Yes,No,Electronics,ATM,Web,Preferred,10,0,Tier 2,1
02000418,52,122315,29,17,166,20,8,4,2,No,Yes,Grocery,POS,Web,Mass,2,7,Tier 3,0
02000419,26,111268,44,20,333,34,6,4,15,Yes,No,Electronics,Online,Android,Mass,3,8,Tier 3,1
02000420,40,125657,67,21,706,23,0,4,3,No,Yes,Fuel,Online,iOS,Mass,0,4,Tier 2,1
02000421,35,4502,62,22,483,25,8,1,3,No,Yes,Fuel,ATM,Android,Preferred,2,3,Tier 2,1
02000422,49,127020,37,9,368,65,3,4,10,Yes,No,Travel,ATM,iOS,Premium,3,8,Tier 2,1
02000423,44,58064,58,4,201,90,3,1,10,Yes,No,Grocery,POS,Android,Mass,1,6,Tier 2,0
02000424,37,155364,25,20,29,48,7,0,12,No,Yes,Grocery,Online,Web,Mass,3,4,Tier 1,1
02000425,38,35427,52,12,642,66,4,0,21,Yes,No,Travel,POS,Android,Preferred,10,9,Tier 1,0
02000426,51,174604,37,19,271,41,10,3,23,Yes,Yes,Dining,POS,Web,Mass,6,6,Tier 2,1
02000427,48,146150,58,15,121,27,10,1,4,No,Yes,Grocery,ATM,Web,Mass,9,5,Tier 3,0
02000428,63,161890,54,15,178,90,0,2,3,Yes,No,Travel,POS,iOS,Premium,2,6,Tier 3,0
02000429,63,154128,66,11,276,33,2,3,12,No,No,Electronics,Online,Web,Preferred,8,0,Tier 1,0
02000430,58,70716,31,18,254,23,0,3,13,No,Yes,Fuel,Online,iOS,Preferred,5,0,Tier 3,0
02000431,33,38399,25,20,293,25,1,3,19,Yes,No,Travel,POS,iOS,Premium,10,0,Tier 3,1
02000432,32,72824,54,20,693,15,10,3,8,No,No,Travel,Online,Web,Preferred,6,1,Tier 2,1
02000433,48,87340,22,5,153,27,3,3,23,No,No,Grocery,Online,Web,Mass,0,8,Tier 2,0
02000434,25,10290,55,4,102,25,6,5,9,No,No,Grocery,Online,Web,Preferred,0,8,Tier 2,1
02000435,69,96228,39,0,555,5,4,2,18,Yes,Yes,Dining,POS,Android,Preferred,1,6,Tier 1,0
02000436,62,108092,31,12,692,59,4,4,0,Yes,No,Electronics,Online,iOS,Premium,0,2,Tier 3,1
02000437,23,94730,38,11,417,17,9,4,4,No,Yes,Electronics,ATM,Web,Mass,2,1,Tier 1,1
02000438,36,144023,23,21,479,20,0,0,10,No,Yes,Travel,Online,Web,Premium,6,8,Tier 2,1
02000439,59,102541,23,5,706,34,6,5,2,Yes,Yes,Dining,Online,Android,Premium,7,0,Tier 3,1
02000440,34,42351,50,7,594,75,9,3,17,No,Yes,Electronics,ATM,Web,Premium,8,5,Tier 2,1
02000441,66,44640,69,23,131,85,9,2,23,No,No,Dining,Online,iOS,Mass,2,2,Tier 3,1
02000442,54,4307,21,3,664,41,8,4,4,No,Yes,Fuel,Online,Android,Premium,8,1,Tier 3,0
02000443,40,27987,67,18,719,34,5,2,19,Yes,Yes,Electronics,Online,Web,Premium,3,5,Tier 3,1
02000444,56,3519,30,12,603,19,9,3,15,No,No,Grocery,Online,Web,Preferred,6,1,Tier 1,1
02000445,26,108296,37,11,554,40,3,5,23,No,Yes,Electronics,POS,Web,Mass,6,0,Tier 3,1
02000446,48,42614,22,14,620,41,4,3,16,No,Yes,Fuel,POS,Web,Mass,8,10,Tier 1,0
02000447,43,92091,46,5,52,42,2,2,16,No,No,Fuel,ATM,Android,Preferred,7,9,Tier 3,0
02000448,45,70162,67,16,382,16,9,2,11,No,Yes,Dining,Online,iOS,Premium,1,3,Tier 2,0
02000449,35,170246,31,21,121,88,5,3,20,No,Yes,Dining,POS,iOS,Premium,9,5,Tier 1,1
02000450,37,172317,21,3,661,74,2,5,16,Yes,No,Travel,POS,Android,Premium,5,2,Tier 2,0
02000451,52,6273,67,13,195,72,2,0,12,No,No,Travel,ATM,iOS,Premium,6,7,Tier 1,0
02000452,26,159286,49,3,69,68,4,5,12,No,No,Travel,ATM,Web,Preferred,0,2,Tier 3,0
02000453,64,34799,27,20,362,11,10,4,4,Yes,Yes,Electronics,Online,Android,Mass,0,5,Tier 3,0
02000454,35,133239,50,14,107,53,0,1,18,No,No,Fuel,ATM,Android,Mass,6,1,Tier 2,0
02000455,60,50898,29,10,60,23,1,1,12,No,No,Fuel,ATM,Android,Preferred,3,4,Tier 3,0
02000456,50,111285,58,9,15,21,4,3,8,No,No,Fuel,Online,Android,Preferred,7,1,Tier 1,1
02000457,29,65600,65,8,393,39,3,5,23,Yes,No,Dining,Online,iOS,Premium,10,1,Tier 3,1
02000458,58,55477,30,2,700,48,10,1,9,Yes,Yes,Fuel,Online,Web,Preferred,4,5,Tier 2,0
02000459,32,115762,23,16,538,67,7,4,13,No,Yes,Fuel,POS,iOS,Premium,1,6,Tier 2,1
02000460,21,59648,54,14,485,23,9,2,2,Yes,Yes,Dining,Online,iOS,Preferred,4,9,Tier 3,1
02000461,63,15059,38,3,133,75,0,5,13,Yes,Yes,Electronics,POS,Web,Premium,4,8,Tier 3,0
02000462,36,18166,25,1,5,73,10,4,18,No,Yes,Travel,ATM,Web,Premium,1,7,Tier 3,1
02000463,34,65271,35,12,130,47,8,0,4,Yes,No,Fuel,ATM,iOS,Preferred,8,9,Tier 1,1
02000464,66,36474,29,20,69,30,0,1,4,No,Yes,Travel,POS,Web,Premium,10,5,Tier 1,0
02000465,32,152815,48,12,369,34,4,2,20,No,No,Fuel,ATM,Web,Preferred,6,2,Tier 3,1
02000466,44,28400,56,11,611,91,9,1,14,No,Yes,Fuel,Online,Web,Mass,1,5,Tier 3,1
02000467,53,86938,40,1,182,83,0,2,9,No,Yes,Travel,ATM,Android,Premium,5,1,Tier 2,0
02000468,27,67145,22,13,431,46,0,3,8,Yes,Yes,Grocery,POS,Web,Mass,0,8,Tier 1,1
02000469,38,116444,63,12,651,41,6,1,20,Yes,No,Dining,POS,Web,Mass,8,7,Tier 1,1
02000470,50,77546,26,19,570,60,6,5,22,No,Yes,Fuel,POS,Web,Preferred,4,3,Tier 2,1
02000471,57,155364,38,13,186,52,4,3,12,Yes,No,Dining,POS,Web,Mass,9,3,Tier 1,0
02000472,54,59281,22,13,724,12,0,2,4,Yes,Yes,Grocery,POS,Android,Mass,3,4,Tier 2,1
02000473,30,99465,68,0,616,79,6,4,9,No,Yes,Grocery,POS,Android,Mass,10,9,Tier 3,0
02000474,47,124414,54,23,612,64,9,0,15,No,Yes,Electronics,POS,Android,Mass,9,10,Tier 1,1
02000475,50,89259,63,13,611,75,4,5,10,Yes,Yes,Electronics,ATM,iOS,Premium,5,10,Tier 2,1
02000476,56,61740,60,4,87,79,9,0,12,No,Yes,Grocery,Online,Web,Mass,10,3,Tier 1,1
02000477,29,98263,33,9,95,23,6,2,7,No,Yes,Travel,ATM,Web,Premium,0,2,Tier 1,1
02000478,47,7041,64,3,496,15,7,4,18,No,No,Fuel,POS,Web,Premium,8,9,Tier 2,1
02000479,28,14338,69,0,425,62,8,1,8,No,Yes,Electronics,Online,Web,Preferred,1,3,Tier 2,0
02000480,35,157663,52,9,515,86,6,1,20,No,Yes,Travel,ATM,Web,Mass,4,0,Tier 3,1
02000481,39,43665,58,3,513,37,9,2,5,No,Yes,Electronics,ATM,Web,Preferred,8,2,Tier 3,1
02000482,24,179420,28,12,679,55,4,0,13,No,Yes,Grocery,ATM,Web,Preferred,7,8,Tier 2,0
02000483,32,126078,24,3,489,52,9,0,22,No,Yes,Fuel,POS,Web,Premium,0,8,Tier 1,0
02000484,58,36634,55,10,533,7,3,0,0,No,No,Electronics,Online,iOS,Preferred,10,4,Tier 3,0
02000485,66,153026,52,4,234,70,10,4,2,No,No,Dining,POS,Android,Preferred,6,7,Tier 2,0
02000486,53,122557,59,15,196,47,10,4,10,No,No,Travel,Online,Android,Premium,10,10,Tier 2,1
02000487,58,176577,29,21,162,53,5,1,9,No,No,Grocery,POS,iOS,Premium,1,5,Tier 2,0
02000488,23,58329,56,1,464,43,2,2,5,No,No,Grocery,POS,Android,Preferred,9,6,Tier 1,0
02000489,36,26567,21,9,736,40,8,5,11,Yes,Yes,Fuel,POS,iOS,Preferred,4,2,Tier 2,1
02000490,48,110687,45,11,609,56,5,5,15,No,Yes,Fuel,ATM,Web,Mass,4,9,Tier 2,1
02000491,55,87273,66,5,464,88,1,5,10,Yes,No,Travel,POS,iOS,Mass,6,9,Tier 1,1
02000492,67,169583,62,4,737,82,2,1,21,Yes,No,Grocery,ATM,iOS,Preferred,0,1,Tier 2,1
02000493,59,144358,49,4,567,5,2,3,17,No,Yes,Travel,POS,Android,Preferred,10,7,Tier 3,0
02000494,63,5748,62,8,126,61,6,4,19,Yes,Yes,Grocery,ATM,iOS,Premium,0,3,Tier 3,0
02000495,22,79816,34,23,33,21,8,3,5,No,No,Fuel,ATM,iOS,Premium,6,9,Tier 3,1
02000496,32,142446,53,9,540,72,3,0,12,Yes,No,Travel,Online,iOS,Preferred,7,8,Tier 2,1
02000497,39,160598,28,3,734,85,8,4,21,No,Yes,Electronics,POS,Web,Mass,5,7,Tier 1,1
02000498,66,162447,69,16,648,8,8,5,17,Yes,No,Electronics,Online,iOS,Mass,10,3,Tier 1,0
02000499,54,16331,66,8,486,68,10,4,1,No,No,Fuel,ATM,iOS,Premium,9,4,Tier 2,1
02000500,62,122501,60,21,489,39,0,0,15,No,Yes,Grocery,POS,iOS,Premium,6,0,Tier 2,1
02000501,46,160713,41,18,30,21,1,4,16,Yes,Yes,Travel,ATM,iOS,Mass,1,9,Tier 2,0
02000502,28,60128,49,1,36,70,2,2,3,No,Yes,Fuel,POS,Android,Preferred,8,7,Tier 2,1
02000503,47,6174,36,13,707,14,9,1,4,No,Yes,Fuel,ATM,Android,Premium,2,4,Tier 3,1
02000504,38,140662,66,20,157,30,8,0,9,No,No,Travel,Online,Android,Preferred,10,3,Tier 3,1
02000505,54,4770,43,19,607,84,3,3,17,No,Yes,Travel,Online,Web,Premium,10,10,Tier 2,1
02000506,60,108863,52,7,23,64,1,5,19,Yes,No,Dining,POS,iOS,Premium,5,9,Tier 1,1
02000507,51,110083,67,5,233,38,5,2,4,Yes,Yes,Grocery,ATM,Android,Premium,0,7,Tier 2,0
02000508,44,160317,27,6,417,8,9,1,18,Yes,Yes,Electronics,Online,Web,Preferred,4,4,Tier 1,0
02000509,52,92495,45,5,476,48,3,2,0,No,Yes,Grocery,POS,Android,Mass,8,4,Tier 1,0
02000510,23,115310,63,11,703,85,4,3,17,No,Yes,Fuel,Online,iOS,Premium,1,10,Tier 1,1
02000511,32,170335,33,6,55,64,1,3,6,Yes,Yes,Dining,ATM,iOS,Premium,5,4,Tier 2,1
02000512,34,109010,44,18,736,79,9,2,7,No,No,Electronics,Online,Web,Premium,6,2,Tier 3,1
02000513,29,105402,29,2,583,46,3,1,0,No,Yes,Dining,POS,Android,Mass,3,3,Tier 3,0
02000514,60,131275,50,15,501,85,8,3,20,Yes,Yes,Fuel,ATM,iOS,Preferred,0,9,Tier 2,1
02000515,21,64144,31,17,675,63,2,5,22,No,Yes,Fuel,ATM,Android,Preferred,1,7,Tier 2,1
02000516,64,507,23,2,323,41,3,5,18,No,No,Fuel,Online,Web,Premium,7,9,Tier 1,0
02000517,48,101457,63,2,75,94,8,0,12,No,Yes,Grocery,Online,Web,Preferred,9,6,Tier 1,1
02000518,52,145803,26,12,625,43,4,2,20,Yes,No,Dining,POS,iOS,Preferred,3,4,Tier 1,1
02000519,31,175093,34,4,671,66,4,0,14,No,Yes,Electronics,ATM,iOS,Premium,6,1,Tier 1,1
02000520,32,94568,34,1,309,41,4,0,21,No,Yes,Grocery,Online,iOS,Mass,4,4,Tier 2,1
02000521,28,59189,26,4,271,75,1,2,1,No,Yes,Fuel,Online,iOS,Preferred,8,10,Tier 1,1
02000522,48,75268,41,12,299,26,4,2,2,Yes,Yes,Dining,POS,Web,Preferred,10,7,Tier 3,1
02000523,59,132479,45,8,592,45,2,1,22,Yes,No,Fuel,POS,Android,Mass,8,9,Tier 2,0
02000524,49,8254,22,14,39,39,6,4,22,Yes,Yes,Travel,Online,Android,Mass,8,1,Tier 3,0
02000525,50,49040,32,2,474,17,0,0,1,Yes,Yes,Fuel,POS,iOS,Premium,6,3,Tier 3,0
02000526,26,60808,22,17,206,94,4,4,0,No,Yes,Dining,ATM,Android,Premium,3,5,Tier 3,1
02000527,45,126387,49,9,97,94,8,1,20,Yes,No,Dining,POS,iOS,Preferred,0,5,Tier 2,1
02000528,38,104719,60,1,170,19,3,2,12,Yes,No,Dining,Online,iOS,Mass,8,7,Tier 3,0
02000529,26,136105,27,21,510,19,5,1,8,Yes,Yes,Grocery,POS,Web,Premium,4,6,Tier 3,0
02000530,59,103094,48,7,332,67,0,3,22,Yes,No,Electronics,POS,Web,Preferred,9,6,Tier 3,0
02000531,54,127997,60,22,136,74,5,1,9,No,Yes,Grocery,Online,Android,Premium,4,8,Tier 2,1
02000532,46,83724,58,9,232,15,6,0,17,No,No,Travel,ATM,Web,Mass,10,9,Tier 3,0
02000533,24,41661,60,5,106,81,5,4,1,No,No,Dining,POS,Web,Premium,7,7,Tier 1,0
02000534,31,3680,35,6,746,42,10,0,11,Yes,Yes,Electronics,POS,Android,Premium,4,10,Tier 2,1
02000535,22,205,64,22,349,57,0,3,17,No,No,Electronics,ATM,Android,Mass,3,2,Tier 1,1
02000536,30,171680,34,13,694,24,2,0,9,Yes,Yes,Travel,ATM,iOS,Preferred,9,10,Tier 2,0
02000537,49,85380,31,14,608,44,10,3,21,Yes,Yes,Dining,Online,Android,Mass,3,6,Tier 2,1
02000538,48,164281,40,15,503,66,9,3,15,Yes,No,Grocery,POS,iOS,Preferred,4,7,Tier 2,1
02000539,53,160275,27,7,21,9,5,3,17,No,Yes,Electronics,POS,Android,Premium,1,6,Tier 1,0
02000540,42,29031,24,9,374,77,0,4,2,No,Yes,Fuel,ATM,Android,Premium,9,7,Tier 3,0
02000541,68,69165,39,7,343,26,7,1,7,Yes,Yes,Fuel,ATM,Web,Premium,6,10,Tier 2,0
02000542,39,44726,65,12,155,69,9,1,4,Yes,Yes,Fuel,Online,Web,Mass,6,2,Tier 2,1
02000543,57,142428,25,11,203,87,6,3,7,Yes,No,Grocery,POS,Web,Premium,3,4,Tier 3,1
02000544,53,129500,32,22,116,11,1,0,23,Yes,No,Fuel,POS,Android,Preferred,2,5,Tier 2,0
02000545,21,63804,53,19,750,61,6,3,7,Yes,Yes,Electronics,ATM,Android,Premium,7,4,Tier 1,1
02000546,21,79005,22,23,76,86,9,4,9,No,Yes,Electronics,ATM,iOS,Premium,8,8,Tier 1,1
02000547,31,1770,37,14,740,20,10,2,0,Yes,Yes,Electronics,ATM,iOS,Preferred,4,10,Tier 3,1
02000548,62,26694,21,1,651,14,5,2,4,No,Yes,Dining,ATM,Android,Mass,10,9,Tier 2,0
02000549,54,36067,33,8,405,90,3,5,22,No,Yes,Electronics,POS,Web,Preferred,5,0,Tier 1,1
02000550,47,27847,41,21,302,34,7,1,5,No,Yes,Travel,Online,Web,Premium,5,1,Tier 1,1
02000551,57,19788,64,2,576,80,0,2,17,Yes,Yes,Fuel,Online,iOS,Preferred,0,9,Tier 3,0
02000552,37,138391,51,11,254,43,5,2,4,No,No,Dining,POS,iOS,Premium,6,6,Tier 1,1
02000553,34,173664,31,3,541,55,0,4,14,Yes,No,Fuel,POS,iOS,Premium,4,3,Tier 2,1
02000554,33,35989,48,2,475,34,7,0,0,No,No,Electronics,Online,Android,Mass,2,1,Tier 3,0
02000555,45,60623,44,19,682,73,4,1,11,Yes,Yes,Electronics,Online,Android,Mass,1,5,Tier 3,1
02000556,29,79958,37,2,172,26,1,5,14,Yes,Yes,Dining,Online,iOS,Mass,7,9,Tier 2,0
02000557,27,122813,60,18,315,64,5,4,10,Yes,Yes,Dining,POS,Android,Premium,4,3,Tier 3,1
02000558,26,152197,52,4,199,8,10,5,20,Yes,No,Travel,Online,Android,Mass,9,0,Tier 1,1
02000559,27,82637,46,14,391,32,4,3,1,No,Yes,Electronics,POS,Web,Preferred,3,1,Tier 1,1
02000560,28,119858,63,6,630,45,0,4,23,Yes,Yes,Electronics,Online,Android,Mass,2,8,Tier 3,0
02000561,57,162790,26,9,234,12,6,1,7,Yes,No,Grocery,Online,iOS,Preferred,6,10,Tier 1,0
02000562,35,5645,57,6,378,51,9,3,6,Yes,Yes,Fuel,ATM,Android,Mass,1,4,Tier 2,0
02000563,50,123849,55,18,201,17,6,1,21,No,No,Grocery,POS,Web,Preferred,10,1,Tier 1,0
02000564,67,94864,59,12,533,42,4,2,19,No,No,Travel,ATM,iOS,Preferred,5,5,Tier 1,1
02000565,62,3966,27,23,555,91,8,0,9,Yes,Yes,Electronics,POS,Web,Premium,2,1,Tier 2,1
02000566,30,174692,21,18,179,49,9,0,8,Yes,Yes,Travel,Online,iOS,Preferred,7,2,Tier 1,1
02000567,61,39568,35,9,416,16,7,2,5,Yes,No,Travel,Online,Web,Mass,4,9,Tier 2,0
02000568,40,48705,50,17,619,89,7,1,18,No,No,Electronics,POS,Android,Mass,8,7,Tier 2,1
02000569,40,29124,32,15,729,91,3,2,2,Yes,Yes,Grocery,Online,Android,Preferred,9,6,Tier 3,1
02000570,54,52349,27,3,65,17,0,3,3,Yes,Yes,Travel,Online,Web,Premium,0,6,Tier 2,0
02000571,46,135713,69,3,441,22,6,0,2,No,Yes,Travel,Online,iOS,Premium,8,6,Tier 3,0
02000572,49,16027,59,4,288,46,6,2,6,No,Yes,Electronics,Online,Android,Preferred,5,1,Tier 1,1
02000573,60,1325,44,23,352,67,2,2,15,Yes,Yes,Electronics,POS,Android,Mass,1,3,Tier 2,1
02000574,64,158093,23,0,482,51,3,1,3,Yes,No,Electronics,ATM,Android,Preferred,8,2,Tier 1,0
02000575,34,67021,42,6,533,41,2,3,4,No,No,Fuel,ATM,Android,Premium,9,6,Tier 3,0
02000576,26,109431,32,19,653,31,4,2,12,No,No,Electronics,Online,iOS,Premium,2,2,Tier 2,0
02000577,58,130810,51,9,127,49,2,1,13,No,No,Fuel,POS,Android,Premium,2,6,Tier 3,0
02000578,35,87439,33,16,642,39,10,5,4,No,No,Dining,ATM,Android,Premium,5,10,Tier 3,1
02000579,37,166161,51,0,372,18,4,5,16,No,Yes,Grocery,ATM,Android,Mass,2,2,Tier 1,0
02000580,30,95831,45,4,442,66,7,0,23,Yes,Yes,Fuel,Online,Web,Preferred,0,2,Tier 1,0
02000581,66,62834,59,22,68,14,9,2,20,No,No,Fuel,POS,iOS,Preferred,6,5,Tier 3,0
02000582,57,123744,37,2,333,61,10,5,14,No,No,Dining,Online,Android,Preferred,6,6,Tier 2,1
02000583,47,136145,68,14,106,6,2,2,22,Yes,No,Dining,ATM,iOS,Mass,2,4,Tier 2,0
02000584,41,174578,65,15,186,32,10,5,10,Yes,Yes,Fuel,Online,Android,Premium,6,9,Tier 3,1
02000585,56,178433,56,7,213,94,2,1,7,No,Yes,Dining,ATM,iOS,Mass,8,9,Tier 3,1
02000586,34,143351,22,11,620,35,0,0,5,Yes,Yes,Dining,Online,iOS,Preferred,7,5,Tier 1,0
02000587,33,53521,60,2,602,56,6,2,14,Yes,Yes,Electronics,ATM,Android,Preferred,2,9,Tier 1,1
02000588,65,59168,42,7,318,57,5,4,23,No,Yes,Grocery,Online,iOS,Preferred,9,5,Tier 1,0
02000589,41,150280,48,13,249,6,3,3,8,Yes,Yes,Electronics,Online,Web,Premium,1,5,Tier 2,1
02000590,57,165819,24,3,572,77,2,0,20,Yes,Yes,Dining,ATM,iOS,Preferred,9,7,Tier 2,1
02000591,26,69390,50,16,454,45,9,0,23,No,Yes,Fuel,Online,iOS,Preferred,6,4,Tier 2,0
02000592,37,52859,46,17,469,33,5,3,18,Yes,No,Fuel,POS,Android,Premium,7,4,Tier 1,0
02000593,40,27772,68,2,11,95,4,3,11,Yes,Yes,Travel,ATM,Web,Premium,3,1,Tier 3,1
02000594,30,159064,30,21,230,7,6,5,6,Yes,No,Fuel,ATM,Android,Premium,5,2,Tier 1,0
02000595,51,58270,64,10,709,28,3,0,21,Yes,No,Grocery,ATM,Web,Premium,0,3,Tier 2,0
02000596,29,127868,61,20,543,65,1,5,19,No,Yes,Travel,POS,Web,Mass,4,4,Tier 3,1
02000597,21,105968,26,5,423,91,5,1,4,Yes,Yes,Electronics,Online,Web,Preferred,0,2,Tier 3,1
02000598,44,141055,58,13,458,43,0,1,5,Yes,No,Travel,ATM,Android,Preferred,10,8,Tier 2,1
02000599,30,144262,68,15,245,57,9,2,13,No,Yes,Grocery,POS,iOS,Preferred,2,4,Tier 2,1
02000600,57,64725,54,4,134,79,4,5,0,Yes,Yes,Fuel,ATM,iOS,Preferred,7,7,Tier 2,0
02000601,38,52487,55,13,70,41,9,5,9,No,No,Grocery,Online,Web,Mass,3,2,Tier 1,1
02000602,43,57481,22,17,585,86,10,4,3,No,No,Grocery,POS,Android,Mass,8,1,Tier 3,1
02000603,37,10828,58,1,256,19,3,2,0,Yes,No,Dining,Online,Web,Preferred,2,0,Tier 2,0
02000604,64,4114,25,15,636,23,5,3,21,Yes,Yes,Electronics,POS,Web,Preferred,5,8,Tier 1,0
02000605,51,13686,22,9,26,26,9,3,13,No,Yes,Dining,POS,iOS,Premium,5,2,Tier 1,1
02000606,66,142862,45,15,476,86,5,4,4,Yes,No,Travel,POS,iOS,Mass,1,0,Tier 2,1
02000607,57,60285,37,5,593,64,8,1,5,Yes,Yes,Electronics,ATM,Web,Preferred,0,9,Tier 2,1
02000608,60,7905,56,1,190,36,3,2,5,Yes,Yes,Travel,POS,Web,Premium,8,6,Tier 3,0
02000609,27,136517,22,20,44,12,8,5,23,Yes,Yes,Dining,ATM,Web,Premium,9,1,Tier 1,1
02000610,41,163503,40,10,141,61,0,1,20,No,No,Travel,ATM,Web,Preferred,3,6,Tier 3,0
02000611,39,106457,62,17,244,49,10,4,17,No,No,Grocery,ATM,Android,Mass,10,9,Tier 2,1
02000612,39,110161,43,6,690,76,3,0,4,No,No,Dining,POS,Android,Mass,7,2,Tier 2,1
02000613,60,133563,24,11,238,7,2,5,4,Yes,No,Electronics,POS,Android,Preferred,9,0,Tier 3,0
02000614,36,125114,60,20,575,36,5,2,18,No,No,Grocery,ATM,Android,Premium,2,4,Tier 2,1
02000615,22,118275,55,1,528,11,4,3,17,No,Yes,Fuel,Online,iOS,Premium,8,9,Tier 3,0
02000616,56,93219,68,1,576,87,2,2,15,Yes,No,Travel,POS,Web,Premium,10,6,Tier 2,1
02000617,47,32989,38,7,79,28,7,5,18,No,Yes,Electronics,Online,iOS,Premium,9,4,Tier 3,1
02000618,51,67933,48,3,607,94,2,1,3,Yes,No,Electronics,POS,Web,Premium,1,5,Tier 2,1
02000619,61,142492,36,9,379,26,10,0,5,No,No,Fuel,POS,Android,Preferred,5,9,Tier 2,0
02000620,41,172052,33,11,729,12,7,1,11,No,No,Fuel,POS,iOS,Preferred,10,8,Tier 2,1
02000621,49,29010,31,9,481,42,6,4,2,No,No,Grocery,Online,Web,Premium,2,10,Tier 2,1
02000622,63,20527,40,16,287,75,10,0,13,Yes,No,Grocery,ATM,Web,Preferred,0,5,Tier 3,0
02000623,25,98359,65,2,417,6,10,4,21,No,No,Travel,ATM,Android,Mass,0,10,Tier 3,1
02000624,46,42369,24,5,100,83,10,0,2,Yes,Yes,Grocery,ATM,Web,Mass,3,4,Tier 1,1
02000625,25,51991,33,8,350,34,10,0,11,No,Yes,Fuel,POS,Android,Preferred,1,8,Tier 3,0
02000626,29,56777,63,3,395,75,8,3,14,Yes,Yes,Travel,POS,Web,Premium,2,1,Tier 1,1
02000627,55,161555,36,17,589,82,4,4,12,Yes,No,Dining,ATM,Web,Preferred,0,2,Tier 2,0
02000628,46,97296,27,16,645,38,7,5,19,Yes,Yes,Grocery,POS,Android,Premium,8,4,Tier 3,1
02000629,56,63808,60,3,233,30,10,4,8,No,Yes,Dining,POS,Web,Mass,1,10,Tier 2,0
02000630,38,150795,63,11,356,54,6,5,7,Yes,No,Dining,POS,Android,Mass,8,0,Tier 1,0
02000631,54,132489,41,2,614,48,0,5,5,Yes,Yes,Travel,Online,iOS,Mass,1,7,Tier 1,1
02000632,28,35292,53,21,108,62,3,5,5,Yes,No,Travel,ATM,iOS,Premium,0,1,Tier 3,1
02000633,38,13323,47,8,437,18,0,0,13,Yes,No,Grocery,ATM,iOS,Premium,1,0,Tier 2,0
02000634,26,164436,46,12,26,22,4,1,8,Yes,No,Grocery,POS,Web,Mass,2,10,Tier 1,0
02000635,59,81010,25,9,734,93,3,4,23,Yes,Yes,Dining,ATM,iOS,Mass,10,9,Tier 3,0
02000636,60,112601,37,9,624,31,1,5,11,No,Yes,Fuel,ATM,Web,Premium,1,4,Tier 2,0
02000637,60,125526,43,9,362,18,10,4,4,Yes,No,Dining,Online,Web,Preferred,6,3,Tier 2,1
02000638,64,103915,25,14,31,6,5,0,13,Yes,Yes,Fuel,Online,Web,Preferred,7,3,Tier 2,0
02000639,36,72462,43,11,606,19,7,2,14,No,No,Electronics,ATM,Android,Premium,9,4,Tier 3,1
02000640,37,27063,63,9,424,26,0,5,22,No,No,Electronics,POS,iOS,Mass,9,0,Tier 3,0
02000641,67,92584,57,5,17,70,8,0,13,Yes,Yes,Electronics,ATM,iOS,Mass,6,5,Tier 1,0
02000642,69,140832,43,13,675,79,3,1,3,No,Yes,Dining,POS,Android,Preferred,0,10,Tier 2,1
02000643,48,136599,52,22,334,72,9,0,19,Yes,No,Electronics,Online,iOS,Mass,5,2,Tier 1,1
02000644,49,136138,41,6,416,58,1,3,23,No,Yes,Electronics,Online,Web,Mass,9,9,Tier 1,1
02000645,24,163018,58,0,113,56,1,2,21,No,No,Dining,ATM,Web,Premium,2,0,Tier 2,0
02000646,36,39175,28,8,347,54,3,0,18,Yes,No,Grocery,ATM,Web,Preferred,6,8,Tier 1,0
02000647,65,39034,58,5,59,84,1,0,15,Yes,No,Electronics,ATM,Web,Premium,1,9,Tier 2,0
02000648,59,164744,51,23,239,47,2,2,13,No,No,Dining,Online,Web,Premium,2,4,Tier 3,0
02000649,52,110190,28,22,260,15,7,2,2,Yes,No,Travel,POS,iOS,Premium,1,9,Tier 1,1
02000650,51,83777,41,17,99,17,6,5,9,Yes,No,Dining,Online,iOS,Preferred,5,9,Tier 1,1
02000651,25,128228,58,2,658,75,3,5,3,Yes,Yes,Electronics,Online,iOS,Mass,10,2,Tier 1,1
02000652,64,157220,62,17,264,48,10,4,1,Yes,No,Fuel,Online,Web,Premium,5,4,Tier 1,0
02000653,61,7901,22,12,134,54,3,2,13,Yes,No,Electronics,POS,Android,Preferred,9,4,Tier 1,0
02000654,39,86904,27,22,476,74,3,1,4,No,No,Grocery,POS,Android,Premium,5,0,Tier 1,1
02000655,69,94901,30,15,413,20,10,2,14,No,Yes,Dining,ATM,iOS,Mass,2,2,Tier 3,0
02000656,67,9173,60,12,160,17,8,0,21,No,Yes,Fuel,Online,Android,Mass,9,0,Tier 1,0
02000657,54,179477,29,1,91,53,1,3,22,Yes,Yes,Electronics,ATM,iOS,Preferred,4,5,Tier 3,0
02000658,29,74227,58,16,3,75,2,5,23,Yes,No,Grocery,ATM,Web,Premium,5,5,Tier 1,1
02000659,29,111854,23,11,727,28,4,5,17,No,Yes,Grocery,Online,iOS,Preferred,2,0,Tier 2,1
02000660,22,142216,45,0,205,22,7,0,16,Yes,Yes,Travel,Online,Android,Preferred,8,6,Tier 3,0
02000661,47,123885,62,7,276,78,0,1,23,No,Yes,Dining,Online,Android,Premium,1,5,Tier 3,0
02000662,33,14256,53,15,431,85,6,4,15,Yes,Yes,Grocery,POS,Web,Preferred,9,4,Tier 1,1
02000663,60,67055,54,17,508,85,8,2,14,No,Yes,Fuel,ATM,iOS,Preferred,7,6,Tier 3,1
02000664,61,90468,27,2,704,17,4,3,20,No,Yes,Fuel,POS,Android,Preferred,4,6,Tier 1,0
02000665,44,62799,54,19,385,88,3,2,21,Yes,Yes,Grocery,POS,Web,Mass,3,3,Tier 2,1
02000666,21,59830,22,7,458,66,5,2,4,No,Yes,Fuel,ATM,iOS,Premium,3,6,Tier 2,1
02000667,22,98122,55,14,330,83,4,1,13,Yes,Yes,Dining,POS,iOS,Preferred,3,7,Tier 3,1
02000668,44,168097,43,16,150,59,0,5,12,Yes,No,Dining,POS,Web,Premium,0,10,Tier 3,1
02000669,26,148817,28,4,276,77,1,3,13,No,No,Electronics,ATM,iOS,Preferred,8,5,Tier 3,1
02000670,35,137972,27,11,732,31,1,0,8,Yes,No,Electronics,POS,iOS,Preferred,8,2,Tier 3,0
02000671,54,86494,37,2,342,10,10,5,20,Yes,No,Dining,Online,iOS,Mass,7,3,Tier 1,0
02000672,45,106140,48,9,614,79,5,4,8,Yes,No,Grocery,ATM,iOS,Mass,1,9,Tier 1,0
02000673,65,109636,57,5,360,13,7,3,4,No,No,Grocery,Online,iOS,Mass,3,1,Tier 3,0
02000674,39,13471,57,21,108,81,2,3,6,Yes,Yes,Electronics,ATM,Web,Mass,2,10,Tier 2,1
02000675,61,52679,25,22,358,44,3,4,20,No,Yes,Travel,ATM,Android,Premium,7,3,Tier 1,0
02000676,54,127537,67,15,631,26,6,3,19,No,Yes,Travel,Online,Web,Preferred,6,5,Tier 2,1
02000677,67,120749,40,18,525,27,10,5,16,No,No,Travel,ATM,iOS,Premium,3,8,Tier 3,0
02000678,31,35005,69,8,490,71,2,4,22,Yes,Yes,Electronics,ATM,Android,Preferred,9,1,Tier 3,1
02000679,54,10594,28,4,97,17,2,5,5,Yes,Yes,Dining,ATM,iOS,Premium,1,3,Tier 3,0
02000680,59,63561,38,0,214,84,1,2,14,No,Yes,Dining,ATM,Web,Preferred,2,4,Tier 1,0
02000681,30,63610,47,5,490,89,0,2,21,No,No,Dining,ATM,iOS,Mass,9,3,Tier 1,0
02000682,55,3055,36,7,382,50,2,2,13,Yes,Yes,Dining,POS,Web,Preferred,10,0,Tier 3,0
02000683,29,3119,52,19,65,90,6,2,11,Yes,Yes,Travel,ATM,Web,Mass,9,5,Tier 3,1
02000684,55,57226,44,20,592,34,3,2,8,Yes,No,Grocery,Online,Android,Premium,9,9,Tier 2,0
02000685,60,90744,65,18,577,19,5,2,10,Yes,No,Dining,ATM,iOS,Premium,8,4,Tier 3,1
02000686,53,65640,27,6,277,41,5,4,18,Yes,Yes,Grocery,POS,Web,Mass,4,8,Tier 2,0
02000687,60,12110,34,3,70,19,7,3,15,No,No,Travel,ATM,iOS,Mass,6,0,Tier 1,0
02000688,54,107811,64,1,201,90,5,5,16,No,No,Grocery,POS,Web,Preferred,10,6,Tier 1,1
02000689,37,113631,53,9,421,45,9,2,0,Yes,No,Grocery,ATM,iOS,Preferred,9,5,Tier 1,1
02000690,61,87493,65,9,522,54,1,5,8,No,No,Electronics,POS,Android,Mass,5,6,Tier 2,0
02000691,68,128932,56,15,724,5,9,4,6,Yes,Yes,Electronics,POS,Android,Preferred,3,7,Tier 3,1
02000692,56,33560,28,22,292,14,9,2,9,No,Yes,Travel,POS,Web,Preferred,10,7,Tier 1,0
02000693,43,24467,32,8,681,18,5,4,22,No,Yes,Grocery,ATM,iOS,Preferred,3,7,Tier 3,0
02000694,69,25776,34,16,152,20,6,0,12,No,No,Grocery,Online,Android,Mass,1,4,Tier 2,0
02000695,43,105615,23,11,455,50,6,0,3,Yes,Yes,Electronics,POS,Web,Preferred,5,8,Tier 1,0
02000696,49,123785,26,17,284,52,4,5,19,Yes,No,Grocery,Online,Web,Mass,3,10,Tier 1,1
02000697,36,172860,60,7,462,62,2,3,3,Yes,Yes,Grocery,POS,Android,Mass,6,7,Tier 3,1
02000698,69,5698,65,23,186,76,8,4,9,Yes,Yes,Dining,POS,Android,Mass,5,0,Tier 1,1
02000699,46,48938,45,19,652,30,6,0,2,Yes,Yes,Dining,Online,iOS,Premium,9,9,Tier 3,0
02000700,67,15138,56,16,526,93,9,5,19,No,No,Dining,POS,Android,Premium,1,5,Tier 2,1
02000701,66,161877,43,2,666,76,5,0,9,No,No,Dining,POS,Android,Preferred,2,4,Tier 3,0
02000702,65,90834,22,20,313,95,3,2,17,No,Yes,Grocery,POS,Android,Preferred,5,3,Tier 2,0
02000703,35,91280,57,9,554,38,3,2,10,Yes,Yes,Electronics,POS,Android,Mass,9,0,Tier 2,0
02000704,35,137564,59,14,441,45,3,3,3,Yes,No,Dining,Online,Android,Mass,2,5,Tier 2,0
02000705,43,144340,52,16,329,53,7,5,23,Yes,Yes,Grocery,POS,Android,Premium,10,2,Tier 3,1
02000706,23,112281,24,23,205,20,2,2,21,No,Yes,Grocery,Online,Android,Preferred,9,9,Tier 3,1
02000707,26,115480,21,2,532,21,4,0,23,Yes,Yes,Travel,Online,Web,Mass,3,8,Tier 2,0
02000708,48,19467,40,9,334,8,7,1,4,Yes,Yes,Fuel,Online,Android,Premium,2,7,Tier 2,0
02000709,65,119411,58,8,656,84,10,0,13,No,Yes,Electronics,ATM,Android,Preferred,5,2,Tier 3,1
02000710,44,32080,50,9,176,8,2,3,4,Yes,No,Grocery,Online,Android,Mass,2,2,Tier 1,0
02000711,63,98381,63,13,494,53,10,4,16,No,No,Electronics,Online,Android,Premium,2,4,Tier 3,1
02000712,58,46229,30,20,551,69,6,1,23,No,No,Travel,Online,Web,Premium,8,1,Tier 1,1
02000713,21,4009,66,3,625,86,4,3,6,No,No,Dining,Online,Web,Mass,8,4,Tier 1,1
02000714,56,24071,52,6,603,8,8,1,22,Yes,Yes,Fuel,POS,iOS,Preferred,0,7,Tier 3,0
02000715,68,164462,38,4,710,90,5,0,20,Yes,No,Grocery,ATM,Android,Preferred,7,2,Tier 2,1
02000716,39,80543,57,16,150,68,1,4,20,No,No,Grocery,Online,Android,Premium,8,0,Tier 1,1
02000717,58,62413,33,16,494,83,1,1,23,Yes,No,Travel,Online,Web,Mass,7,4,Tier 1,1
02000718,39,28512,27,15,174,68,0,4,13,Yes,Yes,Fuel,POS,iOS,Mass,5,2,Tier 2,0
02000719,23,167101,54,3,566,7,2,5,4,Yes,Yes,Grocery,Online,iOS,Preferred,5,4,Tier 3,1
02000720,32,14319,53,12,374,47,7,4,2,Yes,Yes,Grocery,POS,iOS,Preferred,3,4,Tier 2,1
02000721,34,78799,44,11,750,17,0,0,19,Yes,No,Electronics,ATM,iOS,Premium,10,9,Tier 1,0
02000722,51,147733,30,23,2,47,0,1,17,No,Yes,Dining,POS,Android,Premium,9,2,Tier 2,1
02000723,29,141022,65,17,299,6,3,4,5,No,Yes,Dining,Online,iOS,Preferred,4,10,Tier 1,1
02000724,56,14818,58,9,512,21,7,3,22,No,No,Electronics,ATM,iOS,Preferred,5,4,Tier 3,0
02000725,26,167014,60,8,382,11,3,4,16,No,Yes,Fuel,POS,iOS,Premium,4,4,Tier 2,1
02000726,45,179484,34,9,711,59,1,0,11,No,Yes,Grocery,Online,Web,Mass,8,8,Tier 1,0
02000727,30,133045,62,3,722,44,9,2,14,No,No,Grocery,POS,iOS,Premium,10,7,Tier 2,1
02000728,24,177025,28,4,408,62,5,1,11,No,Yes,Electronics,POS,Web,Mass,1,7,Tier 1,1
02000729,39,43698,31,14,484,23,9,3,9,Yes,Yes,Travel,Online,iOS,Premium,9,0,Tier 2,0
02000730,27,30604,40,14,224,71,8,0,5,Yes,Yes,Travel,POS,Web,Mass,9,4,Tier 3,1
02000731,49,106107,65,14,325,19,6,0,19,No,Yes,Grocery,Online,iOS,Premium,6,8,Tier 2,0
02000732,27,157784,58,14,576,13,5,1,5,No,Yes,Electronics,ATM,Web,Mass,4,4,Tier 3,1
02000733,45,153065,23,2,20,88,0,2,10,Yes,No,Grocery,Online,Web,Preferred,0,1,Tier 3,0
02000734,37,25767,36,18,222,16,8,3,12,No,No,Travel,POS,Web,Preferred,8,4,Tier 3,0
02000735,56,32287,52,8,577,67,0,5,10,No,No,Fuel,Online,Web,Premium,9,2,Tier 2,1
02000736,35,53353,25,1,374,69,1,2,17,No,Yes,Electronics,POS,iOS,Preferred,0,1,Tier 2,0
02000737,34,78095,40,18,9,80,4,3,7,Yes,Yes,Dining,POS,Android,Mass,1,4,Tier 1,0
02000738,43,155550,55,14,529,76,1,3,22,Yes,Yes,Dining,Online,Android,Mass,6,8,Tier 3,1
02000739,48,6858,65,2,85,95,6,1,22,Yes,No,Fuel,Online,iOS,Mass,2,1,Tier 2,1
02000740,37,46450,53,12,192,79,7,1,12,Yes,Yes,Grocery,Online,Web,Mass,0,6,Tier 1,1
02000741,31,110411,29,15,330,11,10,3,15,No,Yes,Travel,POS,Android,Preferred,8,2,Tier 2,1
02000742,30,163537,44,9,175,48,7,3,22,No,Yes,Electronics,Online,Android,Mass,10,2,Tier 2,0
02000743,63,93075,35,0,102,71,0,5,2,No,Yes,Dining,POS,iOS,Mass,4,7,Tier 3,0
02000744,27,117057,59,22,720,45,2,4,19,Yes,Yes,Grocery,ATM,Android,Mass,6,7,Tier 3,1
02000745,29,96882,40,4,691,10,4,5,20,No,Yes,Grocery,ATM,Web,Premium,0,5,Tier 2,0
02000746,66,21094,46,6,13,64,7,1,23,Yes,No,Electronics,ATM,Android,Preferred,0,10,Tier 1,0
02000747,65,11842,29,20,522,22,5,1,4,No,Yes,Electronics,Online,iOS,Preferred,6,6,Tier 1,0
02000748,43,96856,27,4,65,51,2,2,23,Yes,No,Fuel,POS,iOS,Preferred,8,0,Tier 2,0
02000749,27,124768,65,12,303,6,3,3,10,Yes,No,Electronics,POS,Web,Mass,5,1,Tier 1,0
02000750,37,65726,30,15,111,66,1,5,21,Yes,No,Fuel,Online,iOS,Preferred,0,1,Tier 3,0
02000751,43,142377,45,2,199,77,5,2,22,No,Yes,Travel,POS,iOS,Premium,3,3,Tier 3,1
02000752,23,106602,67,13,38,13,4,3,8,No,No,Dining,ATM,Android,Preferred,10,5,Tier 2,0
02000753,54,43757,40,20,311,58,0,4,2,Yes,No,Fuel,POS,Web,Preferred,6,1,Tier 1,0
02000754,52,111527,67,13,412,17,9,0,6,Yes,No,Electronics,POS,Android,Preferred,1,2,Tier 3,1
02000755,45,135488,27,9,68,55,3,2,14,Yes,No,Electronics,Online,Android,Mass,7,4,Tier 1,0
02000756,57,85830,56,22,565,80,3,1,16,No,No,Dining,ATM,Android,Mass,3,3,Tier 1,1
02000757,45,53187,47,1,74,27,8,3,21,Yes,No,Electronics,ATM,iOS,Preferred,0,5,Tier 3,0
02000758,33,177075,38,13,437,78,4,3,1,No,No,Fuel,ATM,iOS,Mass,8,1,Tier 3,1
02000759,26,144889,25,15,123,10,10,2,17,No,Yes,Electronics,POS,iOS,Mass,3,5,Tier 2,0
02000760,56,107693,28,2,467,78,0,1,23,No,Yes,Dining,ATM,Android,Mass,4,0,Tier 2,0
02000761,46,151200,30,19,515,83,3,3,17,Yes,No,Travel,POS,Web,Mass,10,10,Tier 2,1
02000762,60,174183,58,13,165,38,4,2,4,Yes,Yes,Dining,Online,Web,Preferred,8,9,Tier 1,0
02000763,55,60027,48,8,651,90,10,5,11,No,Yes,Electronics,ATM,Android,Preferred,1,6,Tier 3,1
02000764,61,143300,26,19,76,84,0,3,10,No,Yes,Fuel,POS,iOS,Preferred,9,1,Tier 1,1
02000765,60,146295,24,0,388,72,4,3,16,Yes,No,Fuel,Online,iOS,Preferred,9,1,Tier 3,1
02000766,53,165765,37,17,609,71,0,4,18,No,Yes,Travel,ATM,iOS,Preferred,3,3,Tier 2,1
02000767,32,156917,41,0,121,37,7,3,6,No,Yes,Electronics,POS,iOS,Premium,7,4,Tier 1,1
02000768,42,61828,38,0,66,19,3,0,21,No,Yes,Travel,Online,Android,Premium,4,6,Tier 1,0
02000769,68,97288,38,7,443,45,0,4,20,Yes,Yes,Electronics,POS,iOS,Premium,6,3,Tier 3,0
02000770,28,156419,56,6,749,47,7,1,3,Yes,No,Electronics,Online,Android,Premium,2,0,Tier 3,1
02000771,50,130167,59,23,73,5,8,4,9,Yes,Yes,Dining,Online,Web,Mass,8,6,Tier 2,0
02000772,47,159660,62,2,578,94,9,0,17,Yes,No,Fuel,ATM,Android,Mass,8,1,Tier 3,1
02000773,25,6871,69,13,687,77,5,5,9,Yes,Yes,Electronics,POS,Web,Preferred,10,0,Tier 3,1
02000774,48,163412,34,14,481,8,1,0,0,Yes,No,Travel,POS,iOS,Preferred,1,6,Tier 3,0
02000775,33,81475,51,14,463,78,4,4,16,No,No,Electronics,ATM,Web,Mass,6,6,Tier 3,1
02000776,31,32212,23,1,75,31,3,4,15,No,Yes,Electronics,ATM,iOS,Premium,5,7,Tier 1,0
02000777,22,141664,48,15,719,33,5,3,9,No,No,Grocery,POS,Web,Preferred,8,8,Tier 1,1
02000778,26,81821,25,1,40,42,0,4,22,No,No,Fuel,ATM,iOS,Preferred,6,3,Tier 3,0
02000779,58,177643,43,0,180,15,0,0,6,No,No,Grocery,POS,Web,Premium,0,1,Tier 2,0
02000780,59,42803,26,22,175,84,5,0,16,No,No,Dining,ATM,iOS,Preferred,3,0,Tier 1,0
02000781,55,149528,26,10,725,13,5,1,10,Yes,No,Electronics,POS,iOS,Premium,3,2,Tier 1,0
02000782,59,168814,68,1,464,71,10,1,6,No,Yes,Fuel,POS,Web,Mass,6,8,Tier 2,0
02000783,52,80717,23,20,738,66,2,0,19,No,No,Travel,Online,iOS,Preferred,6,7,Tier 2,0
02000784,50,46244,28,0,270,36,7,4,5,Yes,No,Dining,ATM,iOS,Preferred,9,6,Tier 3,1
02000785,25,22408,27,5,536,23,7,0,16,Yes,Yes,Travel,ATM,iOS,Preferred,6,5,Tier 3,0
02000786,28,121678,50,11,55,72,7,0,16,No,No,Dining,Online,Android,Preferred,5,0,Tier 1,0
02000787,53,47571,33,14,72,47,3,5,3,Yes,No,Dining,POS,Android,Preferred,4,5,Tier 2,0
02000788,31,63953,37,23,527,49,6,5,13,Yes,No,Fuel,ATM,Web,Preferred,9,7,Tier 2,1
02000789,22,6826,42,22,400,28,3,5,22,No,No,Fuel,POS,Android,Mass,5,2,Tier 2,1
02000790,38,120920,65,4,573,8,3,4,23,No,Yes,Dining,ATM,Web,Preferred,0,0,Tier 2,1
02000791,27,157134,43,5,162,5,8,1,1,No,Yes,Grocery,Online,Web,Premium,8,7,Tier 2,0
02000792,30,125865,34,1,159,77,6,0,12,Yes,Yes,Dining,POS,Android,Mass,9,5,Tier 2,0
02000793,49,89157,24,13,43,69,10,1,21,Yes,Yes,Fuel,Online,Android,Premium,3,0,Tier 1,0
02000794,42,176989,32,7,114,78,9,2,16,Yes,Yes,Electronics,Online,iOS,Preferred,1,2,Tier 1,1
02000795,55,19821,22,13,126,94,10,3,13,Yes,Yes,Dining,ATM,Web,Preferred,9,5,Tier 3,1
02000796,56,166265,55,7,615,64,5,3,10,No,No,Travel,Online,Android,Premium,1,3,Tier 1,1
02000797,39,24725,48,18,117,74,1,1,6,Yes,No,Electronics,POS,Web,Mass,2,7,Tier 1,1
02000798,28,47067,64,19,508,89,8,0,3,No,Yes,Travel,ATM,Android,Premium,9,10,Tier 3,1
02000799,64,138590,54,0,378,22,10,2,15,Yes,No,Grocery,POS,iOS,Premium,3,10,Tier 1,0
02000800,63,125940,25,15,361,31,9,2,21,No,No,Travel,POS,Android,Preferred,0,7,Tier 2,0
02000801,65,26191,32,13,704,93,5,0,23,No,Yes,Travel,Online,iOS,Premium,1,8,Tier 1,1
02000802,34,171657,30,22,302,90,6,4,10,No,No,Grocery,Online,iOS,Mass,3,0,Tier 1,1
02000803,31,118746,38,7,450,36,0,1,14,No,Yes,Grocery,ATM,Android,Premium,7,10,Tier 1,0
02000804,66,73886,35,3,348,32,8,2,23,Yes,Yes,Fuel,ATM,Web,Mass,10,7,Tier 3,0
02000805,65,42725,57,8,31,87,4,5,16,No,No,Fuel,ATM,iOS,Mass,5,0,Tier 1,0
02000806,35,82552,68,16,131,90,2,0,11,No,Yes,Dining,ATM,iOS,Preferred,0,8,Tier 1,1
02000807,58,93188,58,2,18,10,1,0,11,Yes,Yes,Travel,POS,Web,Premium,2,7,Tier 2,0
02000808,37,93502,46,7,490,57,8,0,19,Yes,Yes,Grocery,Online,Android,Preferred,6,2,Tier 1,0
02000809,56,177081,37,12,655,65,6,5,10,Yes,Yes,Grocery,ATM,iOS,Premium,4,2,Tier 2,0
02000810,52,20610,56,11,392,38,0,3,10,No,Yes,Dining,ATM,Android,Preferred,5,7,Tier 2,0
02000811,41,87099,30,8,723,81,0,1,10,Yes,No,Fuel,POS,Web,Mass,7,4,Tier 3,1
02000812,44,10621,51,11,172,74,5,4,21,Yes,Yes,Dining,ATM,Web,Premium,8,6,Tier 1,1
02000813,50,97320,62,7,455,16,5,0,0,Yes,No,Electronics,ATM,iOS,Preferred,1,3,Tier 3,1
02000814,62,129919,44,14,743,85,10,3,9,No,No,Fuel,ATM,Web,Premium,5,2,Tier 1,1
02000815,36,79254,55,21,95,74,9,4,17,No,No,Grocery,Online,Android,Premium,4,10,Tier 3,1
02000816,49,98777,54,0,522,68,5,5,4,Yes,No,Dining,ATM,Web,Mass,10,1,Tier 1,1
02000817,36,157988,32,4,722,94,7,2,8,Yes,Yes,Travel,POS,iOS,Mass,6,7,Tier 3,0
02000818,61,6036,60,19,204,34,4,1,15,No,Yes,Electronics,POS,Web,Preferred,4,8,Tier 2,0
02000819,29,124924,34,0,320,72,2,0,14,Yes,Yes,Fuel,POS,Android,Mass,4,2,Tier 3,1
02000820,30,49575,39,6,670,32,0,1,15,Yes,No,Electronics,ATM,iOS,Premium,7,7,Tier 1,0
02000821,25,175842,24,23,486,59,9,1,17,No,Yes,Fuel,Online,Android,Premium,5,4,Tier 2,1
02000822,42,78884,48,20,585,35,8,0,21,Yes,No,Fuel,POS,Web,Premium,10,0,Tier 2,1
02000823,43,39179,27,18,367,89,1,4,4,Yes,No,Grocery,ATM,iOS,Mass,2,2,Tier 1,1
02000824,45,4994,43,12,723,88,8,1,22,No,No,Electronics,POS,Android,Mass,2,9,Tier 2,1
02000825,29,44635,39,15,67,9,4,3,22,Yes,No,Fuel,POS,iOS,Premium,10,1,Tier 3,1
02000826,35,66362,28,6,491,24,2,5,15,No,Yes,Electronics,POS,Web,Mass,4,2,Tier 3,0
02000827,41,52701,60,4,644,9,5,3,22,Yes,Yes,Grocery,Online,Web,Preferred,1,7,Tier 1,0
02000828,31,37004,45,8,207,10,3,2,2,Yes,Yes,Travel,Online,iOS,Mass,5,3,Tier 3,0
02000829,41,158902,52,10,604,51,10,2,5,No,No,Grocery,ATM,iOS,Premium,3,5,Tier 1,1
02000830,26,1299,37,8,620,34,0,0,2,Yes,Yes,Grocery,POS,Android,Mass,8,5,Tier 2,1
02000831,28,137579,51,19,251,59,4,5,11,No,No,Grocery,Online,Android,Premium,9,3,Tier 1,0
02000832,43,161317,32,19,96,84,8,4,10,Yes,No,Grocery,Online,Web,Premium,0,2,Tier 1,1
02000833,29,173554,46,22,22,29,4,0,8,Yes,Yes,Fuel,Online,Web,Preferred,6,2,Tier 2,1
02000834,61,86433,26,9,129,10,10,5,14,Yes,No,Electronics,ATM,Web,Preferred,0,7,Tier 1,0
02000835,46,143593,29,4,190,41,3,1,0,No,No,Travel,Online,Web,Mass,4,6,Tier 2,0
02000836,23,148321,29,15,410,45,6,0,11,Yes,Yes,Fuel,ATM,Web,Premium,9,0,Tier 2,1
02000837,67,153741,32,14,499,95,9,5,14,No,Yes,Dining,POS,Android,Preferred,0,0,Tier 1,1
02000838,43,145853,68,5,328,45,3,2,6,No,Yes,Fuel,POS,Android,Preferred,1,9,Tier 1,0
02000839,47,104589,47,0,695,88,9,1,9,Yes,No,Grocery,ATM,Android,Premium,2,3,Tier 2,0
02000840,22,103171,22,18,26,23,3,0,22,Yes,Yes,Travel,POS,iOS,Preferred,0,7,Tier 1,0
02000841,39,6309,58,0,570,27,8,1,20,Yes,Yes,Grocery,Online,iOS,Mass,5,8,Tier 1,0
02000842,66,25308,36,3,135,36,4,5,1,No,No,Grocery,ATM,Android,Mass,8,0,Tier 2,0
02000843,29,82937,25,3,357,83,9,0,9,No,Yes,Dining,POS,Web,Preferred,9,3,Tier 2,1
02000844,31,158054,35,8,717,47,5,4,16,No,No,Dining,ATM,iOS,Preferred,5,3,Tier 3,1
02000845,23,137217,21,21,155,73,9,3,10,No,No,Dining,Online,iOS,Mass,2,5,Tier 2,1
02000846,57,121565,63,14,334,9,7,3,0,Yes,No,Electronics,POS,Android,Mass,1,8,Tier 2,0
02000847,44,61779,48,12,55,9,6,0,17,Yes,No,Dining,POS,Android,Mass,4,10,Tier 1,0
02000848,50,11073,59,23,551,87,4,3,13,Yes,No,Travel,Online,Android,Premium,1,9,Tier 2,1
02000849,68,32081,57,23,644,18,2,2,10,No,Yes,Fuel,ATM,iOS,Mass,10,8,Tier 2,0
02000850,30,97123,59,5,482,32,7,2,20,No,No,Fuel,POS,Web,Preferred,5,5,Tier 1,1
02000851,41,60527,22,18,153,86,3,3,5,No,Yes,Dining,POS,iOS,Preferred,7,10,Tier 1,1
02000852,42,25757,44,1,27,21,0,0,7,No,Yes,Dining,Online,Android,Mass,1,5,Tier 2,1
02000853,38,81280,64,10,55,55,0,4,10,No,Yes,Travel,Online,Android,Premium,3,0,Tier 1,0
02000854,30,19103,47,0,658,72,4,3,12,No,No,Travel,Online,Android,Preferred,7,10,Tier 3,1
02000855,36,119613,68,10,684,9,9,2,2,Yes,Yes,Electronics,ATM,Web,Mass,6,4,Tier 3,0
02000856,37,10965,34,10,268,43,4,2,12,Yes,Yes,Travel,Online,Web,Preferred,6,3,Tier 1,0
02000857,37,8126,55,7,108,47,9,1,14,Yes,Yes,Fuel,ATM,Web,Premium,7,7,Tier 3,1
02000858,37,130255,35,2,109,51,8,3,12,No,No,Fuel,POS,Android,Preferred,2,10,Tier 2,0
02000859,21,137484,53,3,407,90,2,3,8,No,No,Dining,ATM,iOS,Premium,5,1,Tier 2,1
02000860,44,139804,52,15,468,24,5,2,9,No,Yes,Travel,ATM,Android,Mass,6,4,Tier 3,0
02000861,61,96301,63,8,619,63,1,2,3,No,Yes,Electronics,Online,Android,Premium,0,5,Tier 2,0
02000862,65,86950,41,5,202,23,6,5,19,Yes,Yes,Fuel,Online,iOS,Preferred,0,0,Tier 3,0
02000863,58,57283,63,22,617,68,4,2,15,No,No,Fuel,Online,Android,Preferred,1,2,Tier 1,0
02000864,40,140849,53,13,218,76,5,3,7,Yes,Yes,Fuel,POS,Android,Preferred,8,2,Tier 2,1
02000865,23,120203,28,22,736,45,9,2,19,No,Yes,Dining,Online,iOS,Mass,4,3,Tier 2,1
02000866,37,91442,38,1,165,52,4,3,1,Yes,No,Dining,ATM,iOS,Mass,5,9,Tier 1,0
02000867,50,8279,44,4,675,5,10,2,3,No,Yes,Fuel,Online,Web,Premium,1,2,Tier 1,0
02000868,23,134862,42,20,400,88,5,4,0,No,No,Electronics,Online,Web,Premium,3,8,Tier 3,1
02000869,22,85633,65,5,683,47,7,0,16,Yes,Yes,Electronics,POS,Web,Premium,3,2,Tier 3,1
02000870,65,5606,29,17,258,73,9,4,2,No,Yes,Grocery,POS,Android,Preferred,8,0,Tier 3,0
02000871,63,168771,61,12,137,26,8,4,12,No,Yes,Fuel,POS,iOS,Premium,6,0,Tier 1,1
02000872,43,16690,36,18,570,91,9,4,7,Yes,Yes,Dining,POS,Web,Preferred,10,2,Tier 1,1
02000873,46,38269,33,4,335,76,4,4,11,Yes,Yes,Fuel,ATM,Android,Mass,8,2,Tier 3,1
02000874,61,137750,22,18,160,63,0,0,7,Yes,Yes,Travel,Online,Android,Premium,3,0,Tier 3,0
02000875,63,157828,23,8,15,18,10,4,17,Yes,No,Fuel,Online,Android,Preferred,4,1,Tier 1,0
02000876,27,130641,58,4,268,24,2,5,1,No,Yes,Electronics,POS,Web,Premium,8,8,Tier 1,0
02000877,57,84057,56,6,740,20,6,0,5,Yes,Yes,Travel,POS,Web,Premium,3,2,Tier 2,1
02000878,25,132435,64,8,145,48,1,1,2,Yes,No,Travel,Online,Web,Mass,8,6,Tier 1,1
02000879,23,77394,48,14,714,9,1,4,19,Yes,No,Travel,POS,iOS,Preferred,5,2,Tier 2,0
02000880,55,123449,26,6,621,23,0,2,7,No,Yes,Dining,POS,Web,Premium,3,5,Tier 3,1
02000881,34,82134,60,13,582,31,1,0,8,Yes,No,Grocery,ATM,Android,Preferred,9,1,Tier 1,0
02000882,50,117625,22,2,189,87,9,4,6,Yes,No,Electronics,POS,iOS,Mass,7,9,Tier 3,1
02000883,41,54552,33,23,509,75,8,2,7,Yes,Yes,Grocery,Online,iOS,Mass,8,8,Tier 3,1
02000884,25,71915,48,18,291,59,0,3,0,No,No,Grocery,ATM,Android,Mass,2,4,Tier 2,1
02000885,69,107668,50,15,279,93,2,4,9,No,Yes,Fuel,Online,Android,Premium,8,2,Tier 2,1
02000886,65,37006,37,11,267,16,0,2,23,Yes,No,Travel,POS,Android,Mass,9,2,Tier 1,0
02000887,33,91982,56,5,11,19,5,3,20,Yes,Yes,Electronics,Online,Web,Preferred,2,10,Tier 1,1
02000888,26,3356,45,12,733,78,1,5,20,Yes,Yes,Dining,Online,iOS,Premium,5,7,Tier 3,1
02000889,55,82613,53,3,238,39,4,2,16,Yes,Yes,Dining,Online,Android,Premium,2,0,Tier 3,0
02000890,42,27735,46,9,696,20,8,3,4,Yes,Yes,Grocery,POS,Android,Preferred,1,3,Tier 2,0
02000891,24,98151,58,5,589,85,4,5,19,Yes,No,Fuel,POS,iOS,Mass,4,6,Tier 3,0
02000892,42,154967,46,6,639,59,9,4,4,No,Yes,Fuel,ATM,Web,Preferred,4,4,Tier 2,1
02000893,29,46157,37,14,383,87,5,1,1,Yes,No,Electronics,ATM,Android,Premium,1,2,Tier 2,1
02000894,27,162446,37,18,477,92,6,0,20,Yes,No,Dining,POS,Web,Premium,8,5,Tier 1,1
02000895,56,119247,56,9,565,30,9,4,21,No,No,Grocery,ATM,Web,Preferred,3,10,Tier 2,1
02000896,39,43276,22,10,511,45,9,2,7,Yes,No,Travel,POS,Web,Mass,9,0,Tier 2,0
02000897,42,106670,30,19,178,51,5,5,15,Yes,No,Fuel,POS,Web,Premium,6,3,Tier 3,1
02000898,51,167925,51,17,674,10,6,5,23,No,No,Fuel,POS,iOS,Premium,1,5,Tier 1,1
02000899,22,8994,52,19,156,53,8,1,5,No,Yes,Electronics,ATM,Android,Mass,6,4,Tier 1,0
02000900,59,116895,49,2,257,37,6,3,0,No,No,Dining,Online,Web,Premium,1,5,Tier 1,0
02000901,30,74063,32,17,472,16,4,5,9,Yes,Yes,Electronics,POS,iOS,Mass,3,3,Tier 1,1
02000902,52,164957,31,2,439,80,7,4,15,Yes,Yes,Grocery,ATM,iOS,Premium,10,6,Tier 2,1
02000903,31,39705,28,11,54,5,10,2,8,No,Yes,Travel,Online,iOS,Mass,5,0,Tier 3,0
02000904,33,57753,49,12,436,11,8,2,12,No,Yes,Travel,ATM,Web,Preferred,2,8,Tier 1,1
02000905,65,109781,57,5,41,54,7,5,9,Yes,No,Dining,ATM,Web,Preferred,0,8,Tier 2,0
02000906,31,25697,56,13,467,16,7,5,9,No,Yes,Travel,POS,Web,Mass,0,7,Tier 1,1
02000907,64,80015,51,13,444,87,0,2,3,Yes,No,Travel,Online,iOS,Premium,9,4,Tier 1,0
02000908,39,108122,67,9,181,7,9,2,17,Yes,No,Electronics,POS,iOS,Preferred,7,6,Tier 1,0
02000909,49,95558,32,13,143,13,4,1,13,No,No,Fuel,ATM,iOS,Preferred,0,7,Tier 3,0
02000910,52,113600,69,8,105,8,2,5,17,No,Yes,Grocery,Online,Web,Mass,9,7,Tier 1,0
02000911,41,48487,33,5,492,7,1,3,22,Yes,No,Travel,ATM,Android,Mass,1,9,Tier 3,0
02000912,43,55902,36,21,363,63,1,1,6,No,No,Travel,ATM,Web,Mass,3,6,Tier 1,1
02000913,59,31876,34,9,71,91,7,0,12,Yes,Yes,Fuel,POS,Android,Preferred,5,3,Tier 3,0
02000914,49,21323,46,4,339,40,3,0,14,No,No,Dining,Online,Web,Mass,5,6,Tier 1,1
02000915,58,59098,65,23,551,34,10,5,4,Yes,Yes,Travel,ATM,Web,Mass,7,5,Tier 3,1
02000916,41,3293,29,16,593,69,2,2,8,Yes,No,Grocery,ATM,Android,Preferred,9,10,Tier 1,1
02000917,67,132421,22,2,88,87,2,5,2,No,No,Travel,Online,Android,Mass,10,10,Tier 1,0
02000918,34,116205,65,13,9,26,1,2,15,No,Yes,Grocery,Online,Android,Premium,5,7,Tier 1,0
02000919,66,175408,21,17,703,94,4,2,9,Yes,No,Grocery,ATM,Android,Mass,7,10,Tier 2,1
02000920,36,4327,62,21,717,91,2,0,19,Yes,No,Dining,Online,iOS,Premium,1,6,Tier 2,1
02000921,48,155473,47,8,376,51,6,4,16,No,No,Grocery,ATM,Android,Preferred,6,0,Tier 3,1
02000922,55,37175,27,2,8,18,4,5,5,Yes,Yes,Travel,ATM,Android,Mass,0,9,Tier 1,0
02000923,43,13044,46,23,13,93,10,0,12,Yes,Yes,Dining,ATM,Android,Premium,2,2,Tier 2,1
02000924,55,172296,61,17,281,55,8,2,22,Yes,Yes,Dining,ATM,Web,Mass,1,0,Tier 2,1
02000925,27,161919,29,14,474,88,0,4,4,No,Yes,Fuel,Online,iOS,Preferred,4,2,Tier 2,0
02000926,57,93978,36,17,734,14,10,2,2,Yes,Yes,Dining,Online,iOS,Premium,1,1,Tier 1,0
02000927,29,24989,37,11,328,64,6,3,15,No,No,Fuel,Online,iOS,Preferred,7,0,Tier 3,1
02000928,23,77972,51,5,524,37,10,2,19,Yes,No,Travel,POS,iOS,Premium,10,7,Tier 2,0
02000929,32,139815,46,7,163,82,9,5,21,Yes,No,Dining,POS,Android,Mass,6,1,Tier 3,1
02000930,65,114048,49,7,294,75,4,1,3,Yes,Yes,Electronics,Online,Android,Preferred,5,6,Tier 1,0
02000931,50,52379,39,0,732,33,8,3,5,Yes,No,Dining,Online,iOS,Mass,3,7,Tier 2,0
02000932,69,150397,60,5,365,72,10,0,12,No,No,Travel,ATM,Android,Preferred,5,0,Tier 3,1
02000933,69,27778,48,11,612,34,2,1,22,Yes,Yes,Fuel,ATM,Web,Preferred,1,9,Tier 1,0
02000934,55,148296,37,7,45,28,2,1,22,No,Yes,Fuel,Online,iOS,Premium,3,10,Tier 1,0
02000935,50,133957,69,4,410,12,9,0,23,Yes,Yes,Dining,Online,iOS,Premium,1,9,Tier 2,0
02000936,60,130856,48,9,64,61,10,3,6,No,No,Dining,Online,iOS,Mass,9,2,Tier 1,1
02000937,55,44684,69,3,566,68,2,0,0,No,Yes,Electronics,POS,Web,Preferred,10,7,Tier 2,1
02000938,32,20053,34,14,162,38,4,5,13,No,No,Fuel,POS,Android,Premium,7,8,Tier 2,1
02000939,66,18100,34,17,126,27,4,4,0,No,Yes,Fuel,POS,iOS,Mass,9,10,Tier 3,0
02000940,63,114526,50,21,556,33,4,4,11,Yes,No,Electronics,ATM,iOS,Mass,2,1,Tier 3,1
02000941,39,1518,50,14,674,28,2,5,2,Yes,No,Electronics,Online,Android,Preferred,4,3,Tier 1,1
02000942,21,67108,29,22,599,16,3,3,18,Yes,Yes,Travel,POS,Web,Mass,8,7,Tier 2,1
02000943,21,176502,56,8,359,38,7,1,11,No,Yes,Grocery,Online,iOS,Premium,5,10,Tier 2,1
02000944,45,36825,64,20,113,28,1,4,19,No,No,Electronics,POS,iOS,Premium,0,5,Tier 3,0
02000945,27,167204,58,0,682,43,0,5,9,Yes,No,Electronics,ATM,Web,Premium,6,10,Tier 1,0
02000946,24,61437,25,6,545,11,5,2,23,No,No,Travel,Online,Android,Mass,7,0,Tier 3,0
02000947,53,70138,38,18,600,81,2,5,1,No,No,Travel,POS,Web,Preferred,4,4,Tier 3,1
02000948,41,49036,66,12,42,77,10,4,10,No,No,Electronics,Online,Android,Premium,8,2,Tier 2,1
02000949,60,172589,67,21,745,80,7,2,8,Yes,Yes,Fuel,ATM,Web,Premium,4,8,Tier 1,1
02000950,47,34305,46,0,531,83,9,4,16,Yes,Yes,Fuel,ATM,Android,Preferred,7,5,Tier 2,1
02000951,57,99005,56,10,558,46,3,0,0,Yes,Yes,Electronics,POS,Android,Preferred,0,6,Tier 3,1
02000952,61,141567,36,11,726,14,0,3,17,Yes,No,Grocery,POS,iOS,Preferred,6,5,Tier 1,0
02000953,35,133146,22,13,342,35,2,2,4,Yes,Yes,Grocery,Online,iOS,Mass,4,3,Tier 1,1
02000954,52,56999,29,11,85,12,1,0,10,Yes,No,Travel,Online,Web,Preferred,10,2,Tier 3,0
02000955,38,58148,65,15,34,31,3,1,13,Yes,Yes,Electronics,Online,Android,Premium,6,9,Tier 2,0
02000956,50,149421,22,19,348,13,10,3,23,No,Yes,Grocery,ATM,iOS,Preferred,10,8,Tier 3,0
02000957,48,85736,39,21,234,77,7,5,13,No,Yes,Dining,POS,Android,Premium,6,6,Tier 3,1
02000958,47,100338,63,21,327,17,3,0,0,No,Yes,Electronics,POS,Android,Mass,3,9,Tier 1,0
02000959,36,172267,25,12,227,87,5,3,8,No,Yes,Electronics,Online,Android,Preferred,0,3,Tier 1,1
02000960,52,18246,63,10,440,21,4,1,17,Yes,Yes,Dining,Online,Android,Premium,4,7,Tier 2,0
02000961,21,107621,53,4,514,90,1,2,2,No,No,Travel,POS,Web,Mass,8,1,Tier 2,1
02000962,62,84036,61,3,166,48,3,3,19,Yes,Yes,Electronics,ATM,iOS,Mass,2,7,Tier 2,0
02000963,28,169723,57,9,714,87,3,4,11,No,Yes,Grocery,POS,Web,Preferred,0,5,Tier 1,1
02000964,69,34019,50,17,244,37,5,2,18,No,No,Fuel,POS,Android,Premium,10,9,Tier 1,0
02000965,41,57167,61,16,520,30,10,4,20,Yes,Yes,Fuel,POS,Android,Preferred,2,1,Tier 2,0
02000966,39,91674,52,3,509,91,4,0,5,Yes,Yes,Travel,Online,Web,Preferred,9,7,Tier 3,1
02000967,68,90680,63,22,185,10,0,2,0,No,No,Grocery,POS,Web,Mass,4,3,Tier 1,0
02000968,58,1915,49,15,140,89,8,5,18,No,No,Dining,POS,iOS,Preferred,7,8,Tier 1,1
02000969,29,172377,46,14,348,58,5,3,22,No,Yes,Fuel,Online,Android,Mass,8,2,Tier 1,1
02000970,47,44582,35,16,712,52,1,1,19,No,Yes,Dining,POS,iOS,Premium,10,8,Tier 1,1
02000971,40,65117,56,18,628,47,0,0,13,No,Yes,Travel,POS,Android,Preferred,7,0,Tier 3,0
02000972,21,136357,31,2,694,40,3,5,12,No,Yes,Electronics,POS,Web,Mass,6,2,Tier 3,0
02000973,32,105373,37,3,391,54,4,1,4,No,Yes,Electronics,Online,iOS,Preferred,7,0,Tier 3,0
02000974,46,132007,52,14,695,22,2,3,11,No,Yes,Travel,ATM,Android,Premium,6,8,Tier 1,0
02000975,49,147737,63,23,277,21,2,5,17,No,Yes,Electronics,POS,Android,Premium,7,5,Tier 1,1
02000976,55,162281,37,3,486,15,1,4,2,Yes,Yes,Travel,ATM,Android,Premium,0,5,Tier 3,0
02000977,28,12715,46,23,335,45,0,3,21,No,No,Fuel,ATM,Web,Mass,2,10,Tier 2,1
02000978,62,169471,67,0,253,12,10,5,15,No,No,Dining,POS,Android,Mass,7,9,Tier 1,0
02000979,57,171749,42,12,446,41,7,0,15,No,Yes,Grocery,ATM,Web,Mass,1,0,Tier 3,1
02000980,40,115767,31,5,352,71,4,4,21,Yes,No,Fuel,ATM,Web,Preferred,3,2,Tier 1,0
02000981,51,36934,28,10,597,53,4,4,12,Yes,No,Dining,POS,iOS,Premium,2,6,Tier 1,0
02000982,24,14080,62,13,654,36,1,4,13,Yes,Yes,Travel,Online,Web,Premium,3,2,Tier 3,1
02000983,39,73406,27,17,335,26,4,3,20,No,Yes,Travel,ATM,iOS,Preferred,10,9,Tier 2,0
02000984,35,147958,26,1,210,48,3,0,20,Yes,Yes,Dining,ATM,iOS,Mass,6,0,Tier 1,0
02000985,26,71620,66,1,441,90,7,5,9,No,Yes,Electronics,POS,iOS,Preferred,3,4,Tier 2,1
02000986,48,10136,56,6,230,26,7,5,8,No,No,Travel,ATM,Web,Mass,1,1,Tier 1,0
02000987,31,11371,43,7,515,27,1,1,16,Yes,No,Fuel,ATM,Web,Mass,5,0,Tier 3,0
02000988,51,65095,23,9,387,19,5,0,22,No,No,Dining,ATM,Web,Premium,2,1,Tier 3,0
02000989,53,24804,59,23,625,30,5,2,18,Yes,Yes,Electronics,POS,iOS,Mass,8,7,Tier 3,0
02000990,69,100491,33,7,172,13,9,5,12,No,No,Travel,Online,Web,Mass,2,6,Tier 2,0
02000991,29,78700,42,6,506,28,10,2,17,Yes,No,Electronics,Online,Web,Preferred,10,5,Tier 3,0
02000992,60,122463,61,4,604,45,7,2,6,No,Yes,Grocery,ATM,Web,Mass,6,3,Tier 1,0
02000993,47,73018,21,7,257,70,10,3,3,Yes,Yes,Travel,ATM,Web,Preferred,3,3,Tier 3,0
02000994,68,102908,69,3,197,63,3,3,12,Yes,No,Fuel,POS,iOS,Premium,7,0,Tier 2,0
02000995,63,169213,65,18,583,14,9,4,9,No,No,Electronics,POS,Android,Mass,6,4,Tier 2,0
02000996,51,54555,50,21,659,18,3,4,21,Yes,No,Electronics,Online,iOS,Premium,4,9,Tier 1,0
02000997,51,61331,65,5,502,8,5,0,11,Yes,No,Grocery,Online,iOS,Premium,1,1,Tier 3,0
02000998,61,162189,50,1,450,45,4,0,8,No,Yes,Electronics,POS,Android,Preferred,10,10,Tier 2,0
02000999,42,167013,53,15,95,78,5,0,13,Yes,Yes,Dining,Online,Web,Premium,7,3,Tier 1,1
02001000,59,85205,23,19,223,14,4,1,17,No,Yes,Travel,Online,Web,Preferred,4,10,Tier 1,0
