contact_id,customer_age,account_balance_inr,last_contact_days_ago,campaign_contacts,prior_campaign_successes,call_duration_seconds,bank_tenure_years,monthly_income_inr,savings_products_count,housing_loan,personal_loan,occupation,education,contact_method,contact_month,marital_status,digital_active,branch_visits_3m,subscribed
03000001,36,532410,143,11,5,410,7,1351920,0,No,No,Professional,School,Email,Jan,Married,No,4,1
03000002,69,429794,120,11,4,293,3,2100264,1,No,No,Business,Postgraduate,Branch,Sep,Other,No,9,0
03000003,56,670659,91,4,7,536,17,1879384,2,Yes,Yes,Professional,Graduate,Phone,Sep,Married,Yes,2,1
03000004,30,614140,128,7,5,327,25,1578441,5,Yes,No,Professional,Graduate,Phone,Nov,Married,Yes,10,1
03000005,64,700822,82,11,7,598,13,2464760,6,Yes,No,Business,School,Email,Jan,Other,Yes,5,1
03000006,38,940021,12,7,5,507,23,250744,4,No,Yes,Professional,School,Phone,Mar,Other,No,8,1
03000007,61,380268,22,1,3,532,17,2345945,3,No,Yes,Professional,Graduate,Phone,Mar,Married,No,10,1
03000008,58,902413,97,4,1,83,5,1546483,6,No,No,Professional,Graduate,Email,Mar,Married,No,0,0
03000009,48,681517,125,11,2,421,4,2777731,6,Yes,No,Service,Graduate,Branch,Nov,Single,Yes,9,0
03000010,34,156219,123,7,9,193,1,268050,7,Yes,No,Retired,Postgraduate,Email,Jun,Other,Yes,4,1
03000011,45,140594,75,3,7,257,25,2382231,1,No,No,Retired,School,Phone,Jan,Married,No,10,1
03000012,21,1196341,76,11,9,500,13,776696,4,No,Yes,Professional,School,Email,Mar,Married,No,4,1
03000013,37,518275,20,6,8,191,14,1621971,5,No,No,Business,Postgraduate,Phone,Nov,Other,Yes,1,1
03000014,61,149014,91,6,9,598,5,2581329,2,No,Yes,Business,School,Phone,Mar,Married,No,8,1
03000015,32,886141,24,3,0,250,8,962223,7,No,No,Service,Graduate,Email,Nov,Single,Yes,2,0
03000016,61,632408,17,3,8,32,9,2667271,2,Yes,Yes,Retired,Postgraduate,Email,Jan,Single,No,11,0
03000017,52,467575,166,1,10,306,16,1631056,6,Yes,No,Service,School,Branch,Jan,Other,Yes,3,1
03000018,62,1068032,91,10,8,188,18,1406288,1,No,Yes,Retired,School,Email,Mar,Single,Yes,7,0
03000019,23,807374,153,3,1,546,13,294442,7,Yes,No,Business,Graduate,Phone,Jan,Married,Yes,3,0
03000020,41,482751,65,4,0,375,3,2667607,3,Yes,Yes,Business,Graduate,Phone,Jun,Other,Yes,5,0
03000021,60,80522,81,12,5,320,6,1554081,0,Yes,Yes,Retired,School,Phone,Jan,Married,No,12,0
03000022,52,304755,109,6,0,176,16,2615761,5,No,Yes,Business,School,Branch,Nov,Single,Yes,7,0
03000023,29,440298,117,5,9,588,23,2727884,2,No,Yes,Business,Postgraduate,Email,Sep,Married,No,10,1
03000024,30,279803,74,6,0,217,2,1500350,7,No,No,Professional,Postgraduate,Branch,Mar,Other,No,10,0
03000025,23,287689,105,1,2,478,17,1035055,7,No,Yes,Professional,Graduate,Branch,Jun,Single,No,12,1
03000026,64,854393,12,6,4,301,3,2266827,5,Yes,Yes,Business,School,Phone,Mar,Single,No,12,1
03000027,41,742084,41,2,10,428,5,1476855,7,Yes,No,Service,Graduate,Phone,Mar,Single,No,3,0
03000028,28,287232,16,9,3,271,15,2476695,8,Yes,No,Business,Postgraduate,Branch,Jun,Single,Yes,10,0
03000029,51,823918,40,12,2,614,13,1943678,7,Yes,Yes,Service,Postgraduate,Phone,Mar,Other,Yes,0,1
03000030,43,736964,33,10,7,537,20,2213554,0,No,No,Retired,Postgraduate,Email,Sep,Single,No,3,0
03000031,66,256655,12,9,1,563,11,1546429,4,No,No,Professional,School,Phone,Jan,Married,No,1,1
03000032,58,1017840,94,10,4,191,15,2586353,7,No,Yes,Retired,Graduate,Phone,Jun,Single,No,3,1
03000033,22,1071585,159,5,7,217,4,2380557,8,Yes,Yes,Professional,Postgraduate,Branch,Jun,Married,Yes,12,0
03000034,58,1177367,177,4,6,354,17,1622067,4,Yes,Yes,Service,School,Branch,Mar,Single,No,2,0
03000035,54,1156068,54,1,8,571,18,1809321,8,Yes,No,Business,School,Phone,Sep,Married,No,12,1
03000036,52,645156,149,9,8,460,25,1768740,2,Yes,No,Business,Graduate,Phone,Nov,Married,No,1,0
03000037,62,19692,108,4,3,448,18,997144,2,No,No,Professional,School,Phone,Mar,Married,No,10,0
03000038,63,652625,85,6,9,379,22,2976927,4,No,No,Professional,Graduate,Phone,Nov,Single,No,3,1
03000039,21,1147840,82,7,6,525,14,1371480,8,No,Yes,Service,Postgraduate,Email,Jun,Other,Yes,3,1
03000040,54,1162083,127,1,7,648,15,967959,2,No,Yes,Retired,School,Email,Jan,Married,No,12,0
03000041,53,212423,49,1,8,255,24,1665873,0,No,No,Retired,Postgraduate,Branch,Jun,Single,No,12,0
03000042,69,770119,62,12,1,80,23,2092175,7,Yes,No,Professional,Graduate,Phone,Nov,Married,Yes,5,0
03000043,31,524437,64,1,6,189,22,308626,7,No,No,Business,Graduate,Email,Nov,Married,Yes,8,1
03000044,63,651343,98,11,4,127,18,921369,3,Yes,Yes,Professional,School,Branch,Jun,Single,Yes,4,0
03000045,49,486759,111,8,3,494,20,1839451,3,No,No,Professional,Postgraduate,Branch,Mar,Single,Yes,10,1
03000046,56,848395,87,5,10,461,22,2776111,2,No,Yes,Service,Postgraduate,Phone,Mar,Other,Yes,1,1
03000047,61,419785,81,12,8,463,9,1114670,8,Yes,No,Service,Graduate,Branch,Jun,Married,No,6,0
03000048,44,1116581,110,2,3,517,13,1751468,8,Yes,Yes,Business,School,Branch,Mar,Other,Yes,10,0
03000049,66,227687,92,2,2,454,18,1023537,5,Yes,Yes,Professional,Postgraduate,Branch,Mar,Single,No,8,0
03000050,60,48911,93,1,0,599,5,2078238,1,Yes,Yes,Business,Postgraduate,Email,Jun,Single,No,6,0
03000051,62,980615,173,5,0,562,21,2662267,5,No,Yes,Retired,Graduate,Branch,Jun,Other,Yes,5,0
03000052,51,570840,77,6,5,344,12,2026828,5,No,Yes,Professional,Postgraduate,Phone,Sep,Single,Yes,2,1
03000053,60,291453,138,7,9,111,10,1703379,4,No,No,Retired,School,Phone,Jun,Other,Yes,6,0
03000054,23,331541,104,1,9,354,25,2460915,0,Yes,Yes,Business,Postgraduate,Branch,Mar,Other,Yes,7,0
03000055,61,396460,68,8,10,137,16,560950,0,Yes,No,Service,Graduate,Email,Jan,Single,Yes,1,0
03000056,28,191724,140,12,7,308,13,1974890,7,No,Yes,Retired,Postgraduate,Phone,Sep,Other,No,6,1
03000057,45,1126181,72,9,5,599,6,2804897,1,No,Yes,Business,Postgraduate,Branch,Sep,Single,Yes,9,1
03000058,42,985184,45,6,6,586,21,2632660,1,No,Yes,Service,Postgraduate,Branch,Mar,Single,No,11,1
03000059,38,11610,117,2,4,79,8,779903,7,Yes,Yes,Service,Graduate,Email,Nov,Single,No,12,1
03000060,26,400597,174,3,7,235,23,2642024,5,No,Yes,Retired,School,Branch,Jun,Married,No,0,0
03000061,22,753990,45,7,10,578,4,1943222,0,Yes,No,Business,Graduate,Phone,Sep,Single,Yes,11,1
03000062,50,611181,167,12,0,382,24,2057363,2,No,No,Professional,Graduate,Branch,Nov,Single,No,0,1
03000063,51,162787,48,7,0,475,18,1623415,5,Yes,No,Retired,School,Phone,Jun,Single,No,1,0
03000064,56,246960,125,10,2,438,24,2322527,0,Yes,Yes,Professional,School,Email,Mar,Other,Yes,3,0
03000065,36,971703,13,7,5,498,15,1308497,4,Yes,Yes,Business,Postgraduate,Branch,Jan,Married,No,1,1
03000066,45,864979,1,1,0,158,25,2341430,5,No,Yes,Business,Graduate,Branch,Sep,Married,Yes,10,0
03000067,27,869212,25,6,6,118,0,2190884,8,No,Yes,Service,School,Email,Mar,Married,No,11,0
03000068,34,955582,21,4,2,632,2,764345,7,Yes,No,Business,Postgraduate,Branch,Sep,Other,Yes,7,0
03000069,58,925892,54,3,3,62,3,1819847,0,No,Yes,Business,School,Email,Mar,Married,No,11,0
03000070,59,349616,166,6,4,85,25,725965,2,Yes,No,Business,School,Branch,Nov,Other,No,4,1
03000071,39,650725,147,2,4,214,9,2864085,0,Yes,Yes,Retired,Graduate,Phone,Sep,Other,No,2,1
03000072,35,6710,132,2,0,479,2,1053940,8,No,No,Business,School,Email,Mar,Other,No,4,0
03000073,67,778997,83,3,9,42,15,1991688,6,Yes,No,Professional,Graduate,Phone,Sep,Other,No,1,0
03000074,21,354295,125,10,9,583,7,961533,7,Yes,No,Professional,School,Branch,Mar,Married,Yes,7,1
03000075,41,214620,96,10,0,531,11,2211642,8,Yes,No,Professional,Graduate,Phone,Nov,Single,No,7,1
03000076,23,362335,179,10,9,103,4,2749641,7,Yes,No,Service,Graduate,Phone,Nov,Single,Yes,2,1
03000077,40,89671,159,7,4,78,19,1154668,8,Yes,Yes,Professional,Postgraduate,Email,Mar,Married,Yes,9,0
03000078,40,782888,95,4,2,470,0,1967063,1,No,No,Business,School,Phone,Jan,Single,Yes,6,0
03000079,62,57000,53,1,6,59,4,588052,1,Yes,Yes,Retired,Postgraduate,Phone,Mar,Other,No,5,0
03000080,31,447365,122,5,8,370,8,2135268,6,Yes,Yes,Service,Graduate,Branch,Jan,Single,Yes,7,1
03000081,50,725025,156,7,7,171,7,2505710,3,No,Yes,Business,Postgraduate,Email,Jan,Single,No,12,0
03000082,60,311471,142,5,10,32,12,767569,4,Yes,No,Service,School,Email,Jun,Other,No,9,0
03000083,68,758493,71,12,9,392,12,2573497,3,Yes,No,Service,Graduate,Phone,Jun,Other,No,4,1
03000084,45,166961,116,10,9,344,18,2840451,3,No,Yes,Service,Postgraduate,Phone,Nov,Other,Yes,12,0
03000085,52,196434,45,1,9,641,6,1189205,0,No,Yes,Retired,Graduate,Branch,Mar,Other,No,0,1
03000086,43,141616,24,3,4,91,22,1395646,1,Yes,Yes,Business,Postgraduate,Phone,Jan,Single,Yes,0,0
03000087,27,1163076,141,2,2,583,8,1352956,1,No,Yes,Service,Postgraduate,Phone,Mar,Married,Yes,9,1
03000088,55,560247,103,5,5,79,2,2344988,6,Yes,No,Professional,Graduate,Email,Mar,Other,No,7,0
03000089,38,42743,69,8,5,589,2,997745,4,Yes,Yes,Retired,Postgraduate,Phone,Jun,Married,Yes,4,1
03000090,34,1039758,58,5,10,606,18,2347636,8,No,No,Service,Postgraduate,Branch,Nov,Other,No,11,0
03000091,67,559580,21,11,3,353,22,1812032,1,No,Yes,Service,School,Email,Mar,Married,No,7,1
03000092,33,68853,33,2,7,468,1,1240561,3,Yes,Yes,Professional,Postgraduate,Phone,Jun,Other,Yes,0,1
03000093,34,15975,148,9,7,523,0,364750,7,Yes,No,Retired,Postgraduate,Email,Mar,Other,Yes,1,1
03000094,60,210897,108,5,7,194,14,956656,0,Yes,Yes,Service,Postgraduate,Email,Jan,Other,Yes,6,0
03000095,34,18632,79,9,7,321,23,2329824,8,No,No,Business,Postgraduate,Branch,Sep,Married,No,5,1
03000096,36,247209,180,4,10,210,25,420836,7,Yes,Yes,Retired,Postgraduate,Branch,Mar,Other,Yes,12,0
03000097,44,1175933,61,7,9,602,5,2577391,1,No,No,Retired,Postgraduate,Branch,Mar,Single,Yes,9,1
03000098,27,739825,144,7,8,115,21,1060552,8,No,Yes,Service,Graduate,Branch,Sep,Single,Yes,5,0
03000099,59,861456,73,11,1,33,4,1274721,7,Yes,Yes,Business,Postgraduate,Branch,Nov,Single,Yes,8,1
03000100,48,920272,55,9,9,307,7,434847,5,Yes,No,Professional,School,Branch,Jan,Single,Yes,2,0
03000101,57,233521,80,7,2,360,1,1790089,0,No,Yes,Professional,School,Branch,Jun,Married,Yes,8,0
03000102,69,576571,60,5,9,508,15,1097079,3,No,Yes,Professional,Graduate,Email,Nov,Other,No,4,1
03000103,43,839220,129,1,4,234,4,1530456,1,Yes,Yes,Professional,School,Branch,Nov,Married,Yes,7,1
03000104,61,369414,6,8,7,72,8,2106045,4,Yes,No,Retired,School,Email,Jun,Single,No,10,0
03000105,68,18265,130,11,4,360,6,2464776,5,No,No,Professional,School,Branch,Jun,Other,No,11,0
03000106,65,901321,179,3,3,186,12,2105521,1,No,No,Service,Postgraduate,Email,Sep,Married,No,2,1
03000107,31,363412,47,4,4,146,3,2509452,3,No,No,Professional,Graduate,Phone,Mar,Married,No,9,0
03000108,23,45679,161,8,3,414,19,2893296,6,No,No,Service,Graduate,Branch,Mar,Married,No,2,1
03000109,21,1159672,150,3,5,515,3,2911678,1,Yes,Yes,Professional,Graduate,Phone,Sep,Married,No,10,1
03000110,52,962055,171,5,6,175,15,2979317,2,Yes,No,Retired,Graduate,Phone,Nov,Other,Yes,11,0
03000111,31,615035,143,11,10,457,17,952812,4,No,Yes,Professional,School,Email,Jun,Other,Yes,8,1
03000112,66,1081042,35,7,3,440,0,2443951,1,No,Yes,Professional,Graduate,Email,Jan,Married,Yes,10,1
03000113,40,832503,61,5,0,524,7,2307528,8,Yes,Yes,Professional,Graduate,Branch,Mar,Single,Yes,8,0
03000114,62,106552,158,11,2,222,2,661770,1,No,Yes,Service,School,Branch,Mar,Married,No,5,0
03000115,31,262959,101,8,9,513,16,341759,2,Yes,No,Service,Postgraduate,Phone,Sep,Single,Yes,12,1
03000116,69,627280,9,12,4,247,2,1928328,4,Yes,Yes,Professional,Graduate,Branch,Sep,Other,No,9,0
03000117,30,516188,179,6,3,196,17,690218,0,No,Yes,Service,Postgraduate,Email,Mar,Married,Yes,5,1
03000118,36,1146602,118,1,0,189,4,320259,7,Yes,Yes,Professional,School,Email,Mar,Married,No,2,0
03000119,58,503761,116,7,8,573,24,1383125,4,Yes,Yes,Retired,Graduate,Email,Mar,Married,No,5,1
03000120,54,51006,76,11,0,207,8,2178634,7,Yes,No,Professional,Postgraduate,Branch,Mar,Single,Yes,11,0
03000121,45,619895,10,9,7,582,4,1798085,6,No,Yes,Business,Postgraduate,Branch,Jun,Other,Yes,8,1
03000122,44,423379,55,10,9,333,20,2389507,5,No,Yes,Retired,Postgraduate,Phone,Jun,Single,No,2,1
03000123,68,842061,132,6,8,639,15,2728727,7,No,No,Retired,Postgraduate,Email,Nov,Other,No,12,1
03000124,27,50057,155,12,5,344,23,1552105,6,Yes,No,Service,Postgraduate,Phone,Jun,Married,No,12,0
03000125,56,55080,116,4,1,444,7,754278,8,No,Yes,Service,Graduate,Branch,Sep,Married,Yes,12,1
03000126,26,749242,51,7,6,434,24,2969780,2,Yes,Yes,Professional,School,Branch,Mar,Single,No,0,1
03000127,41,330103,106,5,6,248,5,2891478,4,No,No,Professional,Postgraduate,Branch,Nov,Single,No,8,0
03000128,63,948308,77,11,5,96,14,2714268,5,No,No,Professional,School,Phone,Jan,Single,Yes,0,1
03000129,60,726188,35,11,6,609,7,643448,8,No,No,Retired,Postgraduate,Branch,Jun,Other,No,11,1
03000130,48,1111086,0,10,10,139,5,982868,8,Yes,No,Professional,Postgraduate,Phone,Jan,Other,No,7,1
03000131,34,791250,88,7,1,333,10,2519764,7,Yes,No,Retired,School,Branch,Jan,Single,No,3,0
03000132,55,439042,85,2,0,363,3,2254002,0,Yes,No,Professional,Postgraduate,Email,Jun,Married,No,5,0
03000133,58,376734,70,1,9,237,16,508643,7,No,No,Business,Graduate,Email,Mar,Other,No,5,1
03000134,52,445356,37,3,6,553,20,1938644,6,No,Yes,Professional,Graduate,Branch,Jun,Single,Yes,11,0
03000135,30,903207,109,7,6,513,25,2032989,8,Yes,Yes,Professional,School,Email,Jun,Single,Yes,1,1
03000136,48,767233,121,10,4,92,1,2882218,2,No,No,Business,Graduate,Phone,Nov,Married,No,11,1
03000137,49,1071973,180,3,5,620,2,2041666,3,No,Yes,Service,Graduate,Phone,Jun,Single,No,2,1
03000138,55,3174,64,5,6,242,8,2242480,2,No,Yes,Retired,School,Phone,Sep,Single,No,6,0
03000139,47,52068,158,10,0,587,22,2414549,5,Yes,Yes,Professional,Postgraduate,Phone,Sep,Other,Yes,3,1
03000140,26,127445,173,8,9,520,20,1248228,7,No,Yes,Business,School,Phone,Sep,Married,No,11,1
03000141,23,607591,175,8,8,114,1,2456147,2,Yes,No,Retired,Graduate,Email,Mar,Single,No,3,1
03000142,65,371202,35,8,5,628,16,2238538,2,Yes,Yes,Retired,Graduate,Branch,Mar,Married,No,4,1
03000143,60,333084,72,12,5,534,16,1647253,8,Yes,Yes,Service,School,Phone,Sep,Married,No,4,1
03000144,63,679262,157,4,8,584,9,733849,5,Yes,Yes,Service,Postgraduate,Phone,Jun,Other,Yes,4,1
03000145,47,710167,145,7,4,93,5,2205726,5,Yes,No,Business,Graduate,Email,Nov,Single,Yes,10,0
03000146,21,279192,85,11,8,153,16,1254640,7,No,No,Service,Postgraduate,Email,Jun,Married,No,5,1
03000147,39,257028,152,2,6,364,11,1252940,6,No,No,Service,School,Email,Mar,Other,No,0,1
03000148,27,777100,24,5,7,520,7,1093897,1,Yes,No,Retired,School,Branch,Nov,Other,Yes,11,1
03000149,56,51648,18,4,7,488,3,1852167,7,No,No,Business,School,Branch,Jan,Single,Yes,0,0
03000150,61,731912,128,10,5,509,5,2054886,4,Yes,Yes,Service,School,Branch,Mar,Married,No,7,0
03000151,44,37212,116,2,4,444,7,1737255,7,Yes,No,Service,Graduate,Email,Nov,Single,No,4,0
03000152,64,474729,84,2,10,639,14,1285622,8,Yes,No,Service,School,Branch,Sep,Other,Yes,6,0
03000153,33,588966,139,5,5,587,5,1363622,0,No,No,Service,School,Email,Jun,Married,Yes,4,0
03000154,44,717275,12,8,0,505,21,424730,6,No,No,Professional,Postgraduate,Phone,Nov,Married,Yes,9,0
03000155,64,927332,158,10,7,496,2,2150591,2,Yes,No,Retired,School,Branch,Sep,Married,Yes,4,1
03000156,24,155705,153,10,9,148,0,1737955,2,Yes,Yes,Professional,Postgraduate,Email,Nov,Single,No,6,0
03000157,45,453345,14,6,1,506,4,2394253,7,Yes,Yes,Business,School,Phone,Mar,Other,Yes,4,0
03000158,40,387226,102,3,5,270,14,2347802,0,Yes,No,Professional,Graduate,Email,Jun,Married,Yes,4,0
03000159,37,875628,26,11,8,140,20,2134274,1,No,Yes,Retired,Postgraduate,Email,Mar,Married,No,2,0
03000160,27,1042177,2,10,9,581,14,2383553,1,Yes,Yes,Retired,Graduate,Phone,Nov,Married,No,4,1
03000161,28,547763,155,8,8,82,13,2884975,5,Yes,No,Retired,Postgraduate,Branch,Jan,Other,No,9,1
03000162,23,905364,133,9,1,301,7,346265,2,No,No,Professional,Postgraduate,Email,Sep,Married,Yes,8,0
03000163,21,182886,23,10,7,622,19,2479404,6,No,No,Service,Postgraduate,Email,Sep,Married,No,7,1
03000164,58,380359,39,5,3,51,17,2550409,4,Yes,No,Professional,School,Phone,Jun,Married,Yes,2,0
03000165,42,74129,8,12,1,37,6,1498043,1,No,No,Business,Graduate,Branch,Jun,Married,No,2,0
03000166,58,423798,151,2,1,290,4,2830693,5,No,Yes,Service,School,Email,Jan,Married,Yes,4,0
03000167,36,48388,149,7,5,215,2,1588934,0,No,Yes,Service,School,Branch,Nov,Married,Yes,3,0
03000168,46,67848,111,11,1,529,18,2600587,7,No,Yes,Business,School,Email,Nov,Other,Yes,10,0
03000169,57,469700,125,11,0,61,20,2477319,2,Yes,Yes,Service,Postgraduate,Phone,Jan,Other,Yes,4,0
03000170,27,486858,36,9,5,305,12,634387,0,No,No,Service,Graduate,Branch,Jan,Single,No,7,0
03000171,66,618463,62,9,1,410,4,2684106,0,Yes,Yes,Business,Postgraduate,Branch,Nov,Other,Yes,3,1
03000172,62,1027034,83,1,4,391,7,1808220,6,No,Yes,Service,School,Branch,Sep,Single,No,5,1
03000173,51,211433,53,6,3,477,10,668452,1,Yes,Yes,Service,Graduate,Phone,Jun,Other,No,7,0
03000174,68,557890,139,11,3,174,5,688413,5,No,Yes,Professional,School,Branch,Nov,Other,Yes,6,0
03000175,52,948336,151,2,10,472,23,2298389,5,Yes,No,Retired,Graduate,Phone,Nov,Married,No,4,0
03000176,34,734816,55,3,5,318,20,2046182,0,No,Yes,Professional,Graduate,Email,Nov,Other,No,0,1
03000177,35,1004033,126,7,3,564,23,2182553,7,No,No,Business,School,Phone,Nov,Married,No,2,1
03000178,36,848632,159,7,6,282,8,2873691,0,No,No,Service,Graduate,Email,Sep,Single,Yes,1,0
03000179,49,1051181,104,1,2,390,8,270097,7,No,Yes,Retired,Graduate,Email,Mar,Single,Yes,6,0
03000180,57,929016,11,1,10,507,20,1389114,4,No,Yes,Retired,Graduate,Branch,Jun,Married,No,2,1
03000181,40,1086761,113,3,3,454,9,1130234,6,No,No,Professional,Graduate,Email,Sep,Other,No,4,1
03000182,56,710073,52,3,3,115,8,887788,4,No,Yes,Retired,Postgraduate,Email,Nov,Single,Yes,5,0
03000183,46,51072,138,12,8,442,14,2698860,5,Yes,Yes,Service,Postgraduate,Branch,Mar,Single,Yes,6,1
03000184,42,634454,14,6,0,199,22,1225504,2,No,Yes,Service,Postgraduate,Branch,Jan,Other,No,5,0
03000185,52,150405,52,7,4,584,7,1915611,5,No,No,Retired,School,Email,Jan,Other,No,0,1
03000186,36,1096581,12,9,4,507,4,889330,4,Yes,Yes,Retired,Postgraduate,Phone,Jun,Single,Yes,9,0
03000187,55,439111,94,4,4,619,2,1328922,4,No,Yes,Professional,School,Phone,Nov,Married,Yes,1,1
03000188,63,392788,112,3,5,534,25,2187471,8,Yes,Yes,Service,Postgraduate,Email,Mar,Other,Yes,11,1
03000189,42,415114,159,6,4,341,6,2014264,3,No,No,Service,Graduate,Email,Mar,Single,No,2,1
03000190,26,1029513,61,6,10,79,21,2798458,5,No,No,Retired,School,Phone,Sep,Other,Yes,2,1
03000191,23,608605,122,7,6,649,24,2460995,3,Yes,Yes,Business,School,Email,Jan,Married,Yes,3,1
03000192,52,75751,25,7,3,383,21,2417376,4,No,No,Business,Postgraduate,Email,Sep,Married,No,1,0
03000193,49,138802,50,4,5,271,13,455417,5,No,No,Professional,Graduate,Branch,Mar,Married,Yes,3,1
03000194,46,959330,28,8,6,511,0,2851262,1,Yes,No,Retired,Graduate,Email,Sep,Single,No,6,1
03000195,45,338209,144,9,9,365,11,2776576,2,No,Yes,Service,School,Branch,Mar,Married,No,1,0
03000196,68,435349,143,4,4,476,6,2712922,4,No,Yes,Service,Graduate,Email,Jun,Married,No,10,0
03000197,32,112452,37,3,9,642,11,1498542,0,No,Yes,Professional,School,Phone,Sep,Single,No,9,1
03000198,55,709091,74,5,3,125,8,1583193,3,No,No,Professional,Graduate,Phone,Jan,Single,Yes,3,0
03000199,52,789723,46,1,4,122,20,1689838,1,No,No,Retired,Postgraduate,Branch,Mar,Married,No,7,0
03000200,22,690839,169,11,4,221,8,1190110,8,Yes,No,Professional,School,Phone,Jun,Single,Yes,5,0
03000201,65,759262,8,6,7,315,16,2257804,7,Yes,Yes,Service,Postgraduate,Branch,Nov,Other,No,2,1
03000202,29,63096,105,4,9,141,15,2537999,4,No,Yes,Retired,Graduate,Branch,Mar,Other,No,11,0
03000203,58,590857,70,6,9,355,12,2088290,2,No,Yes,Service,Graduate,Email,Jun,Married,No,8,1
03000204,37,757052,3,8,1,139,1,1765033,7,Yes,Yes,Retired,Postgraduate,Branch,Mar,Other,No,6,0
03000205,47,1113581,61,6,6,469,16,2059461,1,Yes,Yes,Service,Postgraduate,Branch,Jan,Other,Yes,0,1
03000206,50,150332,66,10,6,148,7,1565460,8,Yes,No,Service,School,Branch,Jun,Other,Yes,8,1
03000207,26,1119990,116,8,5,496,16,757000,6,No,Yes,Business,School,Phone,Sep,Single,Yes,9,0
03000208,62,808842,178,10,0,367,22,2169176,7,No,No,Retired,School,Phone,Jun,Single,Yes,7,1
03000209,38,863069,148,4,1,298,18,1949845,1,No,Yes,Business,School,Branch,Jan,Married,Yes,5,0
03000210,47,839496,46,5,6,419,16,2223291,6,No,Yes,Professional,Graduate,Phone,Mar,Single,No,12,1
03000211,24,505078,66,11,3,417,23,489308,0,Yes,No,Professional,Graduate,Phone,Mar,Married,No,6,0
03000212,58,200408,0,6,9,645,15,1824702,3,Yes,No,Service,School,Branch,Jan,Other,Yes,7,1
03000213,31,629092,8,2,10,53,24,2063205,2,Yes,No,Service,Postgraduate,Phone,Jan,Married,No,12,1
03000214,48,1008975,103,4,7,242,10,254386,2,Yes,Yes,Professional,Postgraduate,Phone,Jun,Single,Yes,5,1
03000215,43,309542,50,7,7,342,22,2528892,0,No,Yes,Professional,School,Email,Mar,Married,No,11,1
03000216,56,37603,78,1,1,612,5,1593201,4,Yes,No,Service,School,Email,Nov,Married,No,5,0
03000217,36,1169310,106,7,2,422,5,814791,5,No,No,Service,School,Branch,Jun,Single,No,1,0
03000218,61,1108409,39,10,2,363,6,396435,3,No,No,Retired,School,Email,Mar,Other,Yes,2,1
03000219,43,1030049,44,1,6,38,8,2363172,4,No,Yes,Business,Graduate,Branch,Nov,Other,Yes,10,0
03000220,69,586277,15,11,0,100,11,964733,0,No,Yes,Professional,Graduate,Email,Sep,Married,Yes,12,0
03000221,42,181604,126,12,0,46,6,1509477,4,Yes,Yes,Professional,School,Branch,Mar,Other,No,1,0
03000222,21,747641,53,2,6,310,5,1316229,4,No,Yes,Professional,Graduate,Phone,Nov,Other,No,6,1
03000223,29,1100072,67,8,7,282,11,2949293,5,No,No,Retired,School,Phone,Jun,Single,No,1,1
03000224,35,1078819,82,12,4,597,15,2952439,7,No,Yes,Business,Postgraduate,Branch,Mar,Married,No,10,1
03000225,43,423942,126,7,5,586,0,2251163,2,No,No,Business,Graduate,Branch,Sep,Single,Yes,10,1
03000226,43,1156543,114,12,5,348,4,995867,2,Yes,No,Service,School,Branch,Jun,Married,Yes,6,1
03000227,60,259615,89,10,3,138,9,2195580,8,Yes,No,Business,Postgraduate,Email,Jan,Other,Yes,4,0
03000228,22,331632,6,1,9,369,14,1080179,5,Yes,No,Business,Graduate,Branch,Jun,Other,No,0,0
03000229,64,129018,8,8,2,280,13,1428092,6,No,Yes,Retired,Graduate,Email,Jun,Married,Yes,12,0
03000230,41,1138944,3,3,10,262,9,2253207,4,No,Yes,Service,Graduate,Email,Mar,Single,Yes,4,1
03000231,65,1062293,33,1,6,254,9,1320690,1,No,No,Retired,School,Email,Sep,Other,Yes,1,0
03000232,53,176474,23,10,4,362,7,2115120,7,No,Yes,Professional,School,Phone,Sep,Married,Yes,0,0
03000233,29,358231,31,2,5,510,3,2126164,3,Yes,No,Professional,School,Branch,Sep,Single,No,5,1
03000234,59,921640,138,8,7,138,10,434603,4,Yes,Yes,Professional,School,Phone,Jan,Married,Yes,11,1
03000235,32,349612,15,5,4,127,1,1577014,0,Yes,No,Service,Postgraduate,Phone,Mar,Other,Yes,3,0
03000236,45,747543,81,12,2,358,0,1227603,0,Yes,No,Business,Graduate,Branch,Jan,Single,Yes,10,1
03000237,29,1164152,29,7,0,208,21,1954503,0,Yes,Yes,Service,Postgraduate,Email,Nov,Other,No,0,0
03000238,64,1140597,79,8,1,133,4,1627339,2,No,Yes,Professional,Graduate,Phone,Jun,Other,Yes,10,1
03000239,40,318806,46,4,10,357,20,650106,3,Yes,Yes,Professional,School,Email,Nov,Other,No,2,0
03000240,60,841551,172,2,5,409,23,1189725,8,Yes,Yes,Retired,Graduate,Email,Mar,Married,No,9,0
03000241,35,54918,75,9,9,172,5,2672780,2,Yes,Yes,Retired,Postgraduate,Branch,Mar,Married,Yes,9,0
03000242,43,610546,72,1,7,168,10,1049810,8,Yes,Yes,Service,School,Phone,Jun,Married,No,1,1
03000243,26,561823,57,5,2,174,22,571188,8,No,Yes,Retired,Graduate,Branch,Jan,Other,No,1,1
03000244,64,1189462,67,3,7,608,15,398607,7,No,Yes,Professional,School,Branch,Mar,Other,No,2,1
03000245,44,1184611,90,7,2,489,16,558440,5,No,Yes,Business,Postgraduate,Branch,Jun,Single,Yes,2,1
03000246,37,382373,12,4,8,450,20,2651461,3,Yes,No,Professional,Postgraduate,Branch,Nov,Married,Yes,1,1
03000247,57,713503,164,7,6,408,20,1374985,0,No,Yes,Retired,School,Branch,Jun,Other,Yes,3,0
03000248,39,880239,165,9,9,373,7,2438603,7,Yes,No,Business,Graduate,Phone,Sep,Other,No,9,0
03000249,24,1043783,2,2,0,624,11,876601,5,Yes,Yes,Retired,Postgraduate,Branch,Nov,Other,Yes,6,0
03000250,22,244125,13,12,0,46,3,781702,3,Yes,Yes,Business,Graduate,Email,Jan,Other,Yes,1,0
03000251,28,429293,21,10,9,280,22,2911419,5,Yes,No,Retired,School,Phone,Jan,Other,No,4,1
03000252,63,313287,125,11,0,508,6,994308,0,Yes,Yes,Professional,Graduate,Phone,Sep,Other,No,3,0
03000253,23,62825,82,5,4,202,8,1704966,8,No,Yes,Service,School,Email,Nov,Other,No,6,0
03000254,63,157540,32,9,0,216,19,594953,3,No,Yes,Service,Postgraduate,Branch,Mar,Single,Yes,10,0
03000255,59,235663,23,11,4,364,21,2996710,5,Yes,Yes,Professional,Graduate,Branch,Jun,Other,Yes,5,1
03000256,29,45176,163,5,0,156,10,1477717,1,Yes,No,Retired,Graduate,Phone,Jan,Single,Yes,9,0
03000257,52,1141415,79,3,1,410,20,1921685,6,Yes,Yes,Service,School,Email,Mar,Other,No,10,1
03000258,34,744330,151,4,10,248,16,2191182,0,No,No,Retired,Graduate,Branch,Nov,Single,No,8,1
03000259,61,49229,164,2,3,79,4,1334517,3,No,Yes,Professional,Postgraduate,Email,Sep,Other,No,5,0
03000260,41,972570,21,9,2,94,7,2558577,4,Yes,No,Business,Postgraduate,Email,Nov,Single,Yes,9,0
03000261,50,1193874,0,1,2,201,6,2206923,7,No,No,Service,School,Branch,Sep,Single,Yes,4,0
03000262,49,209825,29,4,4,141,19,786429,7,Yes,Yes,Retired,Graduate,Branch,Sep,Other,No,11,1
03000263,59,1095597,80,7,6,365,21,873530,3,No,No,Professional,Postgraduate,Email,Mar,Married,Yes,0,1
03000264,67,903701,52,1,8,268,16,1496075,4,Yes,Yes,Professional,Graduate,Branch,Jan,Other,Yes,8,1
03000265,25,191785,88,4,9,548,3,928103,6,Yes,No,Service,Postgraduate,Email,Mar,Single,Yes,0,1
03000266,22,380221,153,10,2,252,16,852420,2,Yes,No,Business,Graduate,Branch,Nov,Other,Yes,9,1
03000267,44,839722,25,3,0,427,5,1648055,8,No,No,Retired,Postgraduate,Email,Jan,Other,No,8,0
03000268,33,794895,130,4,7,428,18,982833,4,No,Yes,Service,Graduate,Phone,Jun,Single,Yes,0,1
03000269,49,347812,83,6,7,645,5,1939727,3,Yes,No,Service,Graduate,Branch,Jan,Other,No,10,0
03000270,45,383429,78,8,7,568,13,651803,4,No,Yes,Service,Graduate,Branch,Mar,Single,No,2,1
03000271,47,278828,178,3,3,439,2,2590176,0,Yes,Yes,Professional,Graduate,Email,Sep,Married,Yes,7,1
03000272,61,467279,131,3,0,96,19,308464,5,No,No,Retired,Graduate,Email,Jun,Single,No,11,0
03000273,57,344636,3,2,9,428,20,541866,5,No,No,Professional,School,Branch,Mar,Married,No,8,1
03000274,51,425531,13,5,4,588,20,1725638,6,No,Yes,Business,Postgraduate,Email,Sep,Other,No,11,1
03000275,37,260353,35,6,4,166,11,1835789,4,No,Yes,Retired,Postgraduate,Email,Sep,Married,No,3,1
03000276,66,193230,8,12,5,345,9,835204,5,No,No,Professional,Postgraduate,Branch,Nov,Other,No,5,1
03000277,34,888105,14,9,10,68,9,282606,2,No,No,Retired,Graduate,Phone,Nov,Single,Yes,9,0
03000278,30,973646,75,12,1,471,6,2536789,3,Yes,No,Professional,School,Phone,Jan,Married,Yes,0,1
03000279,62,777872,134,1,3,574,10,2644175,8,Yes,No,Business,Postgraduate,Phone,Mar,Married,No,6,0
03000280,39,271047,95,3,2,417,15,1884990,7,Yes,Yes,Business,School,Phone,Nov,Single,Yes,5,0
03000281,30,542652,94,7,3,574,10,254353,8,Yes,Yes,Retired,Graduate,Phone,Mar,Other,No,4,1
03000282,35,943189,7,1,5,368,17,1117906,8,Yes,No,Retired,Postgraduate,Branch,Sep,Single,No,8,1
03000283,48,1042949,87,4,4,214,22,2373230,5,No,No,Business,School,Phone,Nov,Married,No,4,1
03000284,62,516386,28,9,10,521,17,1291463,1,No,Yes,Business,School,Phone,Nov,Other,No,6,1
03000285,60,615103,10,1,0,239,21,312084,3,Yes,Yes,Professional,Graduate,Email,Jun,Married,Yes,2,1
03000286,48,415576,1,11,8,533,3,1689821,6,Yes,Yes,Retired,Postgraduate,Branch,Jan,Other,Yes,4,1
03000287,22,66113,97,11,1,220,14,2428471,2,No,Yes,Service,Postgraduate,Email,Nov,Single,No,0,0
03000288,41,1077568,16,4,0,440,3,424057,0,Yes,No,Service,Graduate,Email,Jan,Other,Yes,8,0
03000289,30,326573,172,6,0,285,19,2081206,0,Yes,Yes,Professional,School,Email,Jan,Single,No,4,0
03000290,32,339583,71,11,5,409,18,651206,5,Yes,Yes,Retired,Graduate,Branch,Nov,Married,Yes,5,0
03000291,61,74553,110,11,10,262,15,1539211,7,Yes,Yes,Business,Postgraduate,Branch,Sep,Single,Yes,8,0
03000292,28,1108978,161,2,7,539,7,1899707,0,Yes,No,Professional,School,Phone,Jun,Married,Yes,7,1
03000293,61,948686,36,4,8,105,24,2740584,5,Yes,No,Business,Graduate,Phone,Jan,Other,No,3,0
03000294,40,349591,101,10,0,49,22,475693,0,Yes,Yes,Service,Postgraduate,Email,Nov,Single,Yes,5,0
03000295,50,87477,106,12,8,198,0,1290010,1,Yes,No,Retired,School,Phone,Mar,Single,Yes,2,0
03000296,46,158298,72,3,6,526,19,1681043,7,No,Yes,Service,School,Email,Sep,Single,No,9,0
03000297,64,54084,15,10,10,587,14,2878750,7,Yes,Yes,Service,Postgraduate,Email,Nov,Single,No,0,1
03000298,26,657564,134,2,0,448,2,2535314,6,No,No,Professional,Graduate,Email,Sep,Married,No,9,1
03000299,36,685059,64,4,9,122,3,1881040,1,Yes,No,Professional,School,Branch,Nov,Other,No,5,1
03000300,24,56935,63,8,6,354,23,2655728,6,No,No,Retired,Postgraduate,Branch,Sep,Other,No,6,1
03000301,28,428537,107,1,10,269,15,1913165,7,No,Yes,Professional,School,Phone,Jun,Other,No,5,1
03000302,34,1066772,25,4,5,609,4,1396878,6,Yes,No,Professional,Postgraduate,Email,Jan,Married,Yes,12,0
03000303,65,1036614,35,11,9,629,1,1390051,8,Yes,Yes,Retired,Graduate,Branch,Nov,Other,Yes,11,1
03000304,52,717180,180,7,5,270,5,1519881,3,Yes,Yes,Retired,Postgraduate,Phone,Sep,Married,Yes,8,0
03000305,39,197465,81,12,8,148,12,599707,1,Yes,Yes,Professional,Graduate,Phone,Nov,Other,Yes,10,0
03000306,53,240150,53,3,4,291,13,2176855,5,Yes,Yes,Business,Postgraduate,Phone,Sep,Single,Yes,8,1
03000307,42,244175,158,6,10,273,18,257925,3,No,Yes,Business,Postgraduate,Phone,Mar,Other,Yes,6,1
03000308,50,481844,51,11,6,204,8,299669,5,Yes,No,Business,School,Phone,Mar,Other,Yes,1,0
03000309,30,739841,40,6,7,92,19,649286,4,No,No,Business,Graduate,Email,Mar,Single,No,10,1
03000310,35,542864,72,6,7,397,22,634052,1,Yes,Yes,Business,School,Email,Jan,Single,Yes,12,1
03000311,28,32357,90,6,10,378,2,2227527,5,Yes,Yes,Business,School,Email,Mar,Single,No,11,0
03000312,35,884229,116,2,8,349,21,1792631,6,No,Yes,Business,Graduate,Phone,Mar,Other,No,10,0
03000313,35,38688,6,10,4,607,24,1866586,7,No,No,Service,Graduate,Phone,Jun,Married,No,11,0
03000314,26,66182,35,10,6,368,8,2777031,6,No,No,Service,Graduate,Phone,Jun,Single,Yes,10,1
03000315,31,44966,31,4,7,162,1,1036928,5,Yes,Yes,Business,Graduate,Email,Jun,Married,Yes,4,0
03000316,35,366851,36,7,9,130,12,756128,7,No,No,Business,School,Email,Jun,Other,Yes,11,0
03000317,48,1011435,31,6,0,199,14,1485684,8,No,Yes,Business,School,Email,Mar,Married,Yes,6,0
03000318,25,252883,126,6,9,507,25,1449194,8,Yes,Yes,Retired,Graduate,Phone,Jun,Other,Yes,3,1
03000319,29,1171087,176,6,6,471,16,802941,5,Yes,Yes,Service,Postgraduate,Phone,Nov,Other,No,7,1
03000320,38,287624,105,1,5,639,1,2265265,7,Yes,No,Service,School,Branch,Jan,Married,No,4,1
03000321,61,498400,173,11,9,263,11,2267701,5,Yes,Yes,Professional,Postgraduate,Email,Mar,Married,Yes,7,0
03000322,68,72500,100,6,7,367,10,1420461,0,Yes,Yes,Professional,School,Branch,Jun,Married,No,10,0
03000323,41,1080348,128,4,9,241,16,1724126,3,No,No,Professional,Graduate,Branch,Sep,Single,No,12,0
03000324,29,603545,97,4,5,504,22,833979,5,Yes,Yes,Professional,Graduate,Branch,Jan,Other,No,6,1
03000325,38,894588,97,11,4,278,14,420069,8,No,Yes,Professional,Postgraduate,Branch,Sep,Married,No,9,1
03000326,26,462766,118,5,10,265,0,2041048,8,No,No,Business,Graduate,Email,Mar,Other,No,0,1
03000327,52,1041451,10,5,2,27,13,2945757,8,Yes,No,Business,Graduate,Branch,Sep,Single,No,0,0
03000328,31,357392,137,9,6,606,6,2561369,8,No,Yes,Professional,School,Email,Mar,Other,Yes,8,1
03000329,27,606832,5,10,9,445,18,2972107,4,No,Yes,Service,School,Email,Jan,Single,No,9,1
03000330,48,728273,63,2,8,519,17,760691,2,No,No,Business,School,Branch,Mar,Other,No,10,1
03000331,37,529631,100,12,5,73,11,1278938,8,No,No,Retired,Graduate,Email,Nov,Single,No,5,1
03000332,39,897059,122,9,2,543,8,2620098,5,Yes,Yes,Business,Postgraduate,Email,Mar,Married,No,3,0
03000333,31,109341,36,8,4,456,25,1341443,7,No,Yes,Retired,School,Phone,Sep,Other,No,7,0
03000334,67,454515,41,11,7,447,8,1242291,7,No,Yes,Service,School,Phone,Mar,Single,No,9,1
03000335,31,322286,75,1,0,645,23,2043032,1,Yes,Yes,Business,Graduate,Branch,Jun,Other,Yes,10,1
03000336,51,524912,35,9,3,580,5,1454040,0,Yes,No,Service,Postgraduate,Phone,Mar,Other,No,4,0
03000337,43,944897,30,9,9,499,25,2477062,1,Yes,No,Retired,Postgraduate,Email,Mar,Other,Yes,7,1
03000338,59,820404,60,9,0,213,24,995255,3,Yes,Yes,Business,School,Phone,Nov,Single,Yes,9,0
03000339,42,525852,45,9,5,241,20,1573170,4,Yes,No,Professional,Postgraduate,Branch,Jun,Other,Yes,3,1
03000340,55,684533,144,4,9,297,19,2973281,2,No,Yes,Retired,School,Email,Mar,Married,Yes,2,1
03000341,56,96364,132,7,6,530,2,839204,8,No,Yes,Retired,School,Email,Mar,Other,Yes,1,1
03000342,62,1168631,111,3,5,562,25,997538,5,Yes,No,Professional,Graduate,Branch,Nov,Single,No,7,1
03000343,41,414056,136,4,7,126,20,1343919,6,Yes,No,Retired,Postgraduate,Phone,Jan,Single,Yes,9,0
03000344,45,856785,32,6,5,574,19,1664250,4,No,Yes,Service,Graduate,Phone,Sep,Single,No,3,0
03000345,37,740537,35,4,3,236,9,502209,0,No,No,Service,Postgraduate,Email,Jun,Other,No,1,0
03000346,28,776631,86,8,0,408,15,541534,4,No,Yes,Professional,Graduate,Branch,Nov,Single,No,7,0
03000347,61,789847,33,12,3,302,4,1493171,8,Yes,No,Service,Graduate,Email,Sep,Other,No,10,0
03000348,51,91696,101,3,9,558,5,2088647,7,Yes,No,Professional,Postgraduate,Phone,Mar,Married,Yes,2,1
03000349,35,942704,150,5,5,57,18,1169584,0,Yes,No,Service,Graduate,Branch,Mar,Married,Yes,2,0
03000350,23,836475,56,8,0,136,12,426939,1,No,No,Retired,School,Phone,Mar,Single,No,2,0
03000351,60,506687,119,3,3,274,18,269308,4,Yes,Yes,Service,School,Phone,Jan,Single,Yes,2,0
03000352,40,24649,163,8,1,59,12,2211268,8,Yes,No,Retired,Graduate,Email,Sep,Married,No,2,0
03000353,66,1033377,26,11,9,636,17,2104917,2,No,No,Service,Postgraduate,Phone,Jan,Other,No,2,0
03000354,59,575208,8,8,9,249,9,302805,6,No,No,Professional,Graduate,Branch,Jun,Single,Yes,10,1
03000355,61,26953,78,5,2,114,15,2072301,3,No,Yes,Business,Graduate,Phone,Jun,Other,Yes,7,0
03000356,67,433079,147,4,4,49,9,2874735,5,No,No,Professional,Postgraduate,Email,Mar,Single,No,10,0
03000357,45,1097524,155,1,3,459,0,1285026,7,Yes,No,Service,Postgraduate,Phone,Sep,Single,Yes,4,1
03000358,67,126866,98,5,4,58,16,2302946,4,No,Yes,Business,School,Branch,Sep,Married,No,0,1
03000359,65,199950,96,1,6,282,8,1350461,5,Yes,Yes,Business,School,Phone,Jun,Single,Yes,5,1
03000360,22,1115794,53,3,8,564,19,455147,7,Yes,Yes,Business,Graduate,Branch,Nov,Single,No,3,0
03000361,23,160029,5,1,3,238,19,2170616,2,Yes,Yes,Business,School,Branch,Jan,Single,Yes,11,1
03000362,33,1165842,174,8,6,38,11,611238,0,No,Yes,Business,Graduate,Branch,Sep,Single,Yes,0,0
03000363,64,255900,20,1,9,234,17,2432715,2,Yes,No,Retired,Graduate,Phone,Mar,Single,No,2,0
03000364,53,92176,54,1,0,620,17,2562136,7,No,No,Service,School,Email,Sep,Other,No,4,0
03000365,41,412390,40,4,4,146,17,2196355,7,Yes,No,Service,School,Phone,Mar,Married,Yes,3,0
03000366,53,895512,37,5,4,53,13,1117024,7,No,No,Professional,Graduate,Branch,Sep,Other,No,11,1
03000367,44,315236,139,9,0,279,15,770835,2,Yes,Yes,Service,Graduate,Email,Sep,Married,Yes,10,1
03000368,55,793479,172,7,3,386,16,1974413,0,Yes,No,Professional,Graduate,Email,Sep,Single,Yes,4,0
03000369,56,212839,88,6,3,431,10,2458409,5,Yes,No,Retired,Postgraduate,Branch,Mar,Married,No,3,1
03000370,39,575448,26,9,1,481,20,2114178,8,No,No,Retired,School,Email,Nov,Other,No,2,1
03000371,27,538214,33,1,3,468,21,1893435,6,Yes,Yes,Service,School,Email,Sep,Other,Yes,1,0
03000372,60,527106,116,2,8,561,14,1732350,4,Yes,No,Business,Postgraduate,Phone,Jan,Single,No,5,1
03000373,25,1067611,176,7,1,462,0,2516939,1,Yes,No,Retired,Graduate,Phone,Sep,Other,No,8,0
03000374,52,274828,140,12,5,321,2,999483,4,No,No,Business,Graduate,Email,Sep,Single,Yes,9,0
03000375,38,28311,98,7,9,607,14,1881578,1,Yes,Yes,Retired,Postgraduate,Email,Mar,Single,Yes,8,1
03000376,37,738466,78,5,2,442,0,2683947,2,Yes,Yes,Professional,Postgraduate,Phone,Jan,Single,Yes,8,0
03000377,26,434029,64,4,5,573,18,2470776,2,Yes,Yes,Business,School,Branch,Jun,Other,No,11,1
03000378,45,1026248,53,5,8,271,24,1557054,6,Yes,Yes,Professional,Postgraduate,Email,Jun,Married,No,12,1
03000379,58,1195522,174,10,2,383,1,1575476,3,Yes,Yes,Service,Graduate,Phone,Jun,Single,No,11,0
03000380,68,223572,18,3,3,209,3,1118340,2,No,No,Service,School,Branch,Nov,Married,No,2,1
03000381,34,1105310,52,9,6,277,16,773078,3,No,No,Service,Postgraduate,Phone,Sep,Other,Yes,5,0
03000382,38,256849,38,4,5,335,24,2488739,7,Yes,No,Retired,Postgraduate,Branch,Jan,Other,Yes,7,1
03000383,41,412731,92,1,9,270,10,1589064,7,No,No,Service,School,Phone,Nov,Married,No,2,1
03000384,42,780562,152,4,0,563,9,2422591,3,No,Yes,Retired,Graduate,Email,Jun,Other,No,12,0
03000385,45,865317,135,6,8,328,7,2879390,5,No,No,Service,School,Phone,Jun,Married,No,11,1
03000386,35,546828,9,1,0,614,16,1376735,6,Yes,Yes,Service,Graduate,Email,Nov,Other,No,7,1
03000387,59,1167237,141,1,3,560,7,704075,4,Yes,Yes,Retired,Postgraduate,Branch,Jan,Single,Yes,4,1
03000388,54,848980,140,5,3,115,16,644329,8,Yes,Yes,Service,School,Branch,Jan,Single,No,5,0
03000389,36,766430,9,2,7,272,16,665278,1,Yes,Yes,Service,School,Phone,Jan,Single,No,4,0
03000390,33,821461,144,3,1,493,1,1860118,3,Yes,Yes,Business,School,Email,Jan,Married,No,10,1
03000391,34,48720,170,7,2,60,19,1382419,0,Yes,No,Retired,School,Phone,Jun,Other,Yes,1,0
03000392,51,563730,128,12,5,561,23,1840854,3,Yes,Yes,Retired,Graduate,Branch,Jun,Single,No,5,1
03000393,45,66142,119,3,2,43,10,1910195,4,Yes,Yes,Retired,Graduate,Email,Jan,Married,Yes,9,0
03000394,25,807750,116,8,7,334,17,2533340,4,No,Yes,Professional,Postgraduate,Email,Mar,Other,No,6,0
03000395,27,484766,10,10,1,41,18,2771744,6,No,Yes,Retired,Graduate,Email,Nov,Married,No,2,0
03000396,58,891622,139,9,4,73,23,1635329,3,No,No,Professional,Postgraduate,Phone,Jan,Single,Yes,10,0
03000397,45,965565,82,2,5,131,16,1730998,7,Yes,No,Business,Graduate,Branch,Jun,Single,No,12,0
03000398,41,1176099,96,9,5,235,9,1741754,6,Yes,No,Service,Graduate,Phone,Nov,Other,No,7,1
03000399,64,541441,153,5,10,486,8,1889815,1,No,No,Business,Postgraduate,Phone,Mar,Married,Yes,6,1
03000400,48,1018963,87,1,0,425,22,604516,0,Yes,No,Business,Graduate,Phone,Jan,Married,Yes,8,1
03000401,50,170906,178,2,4,338,7,1218935,5,No,No,Service,School,Branch,Mar,Married,No,1,0
03000402,48,103281,81,5,7,231,18,2394628,7,No,Yes,Retired,School,Branch,Mar,Single,No,10,1
03000403,69,556601,100,2,2,539,25,789142,8,Yes,No,Service,Postgraduate,Branch,Mar,Single,Yes,1,0
03000404,27,1155985,13,4,4,450,4,1476838,4,No,No,Professional,School,Phone,Mar,Other,No,1,0
03000405,21,923154,160,11,4,615,6,2687698,6,No,No,Retired,School,Branch,Mar,Single,No,4,1
03000406,39,980026,86,7,9,162,19,638020,3,Yes,Yes,Service,Graduate,Email,Jan,Married,Yes,12,0
03000407,63,955628,34,5,10,558,9,366676,1,No,Yes,Business,Postgraduate,Phone,Jun,Single,No,9,1
03000408,21,519968,101,8,4,574,5,644953,5,No,Yes,Professional,Graduate,Branch,Sep,Married,Yes,3,1
03000409,56,756525,40,11,10,359,2,555981,8,No,No,Retired,Graduate,Email,Nov,Married,Yes,7,0
03000410,42,550136,132,8,0,306,19,2146061,8,Yes,Yes,Business,School,Email,Sep,Other,Yes,7,1
03000411,23,487325,149,12,8,284,2,2323677,2,No,Yes,Service,Postgraduate,Branch,Jan,Other,No,0,1
03000412,51,858941,144,5,4,286,7,1394118,7,Yes,Yes,Professional,Graduate,Phone,Jan,Other,No,8,0
03000413,48,803474,78,11,5,443,9,865422,6,No,No,Business,Graduate,Email,Mar,Married,No,12,1
03000414,65,782421,2,5,6,259,9,2443155,6,Yes,No,Retired,Postgraduate,Email,Sep,Other,Yes,10,1
03000415,25,912043,64,6,2,136,5,2163207,5,Yes,No,Service,Graduate,Phone,Sep,Other,No,11,1
03000416,66,296248,131,6,1,507,16,492926,0,No,No,Business,Postgraduate,Branch,Nov,Single,No,0,0
03000417,57,1195692,36,7,1,520,17,374239,7,Yes,No,Professional,Postgraduate,Branch,Nov,Married,No,1,0
03000418,45,411161,34,8,9,36,20,2245254,2,Yes,No,Retired,Postgraduate,Email,Jun,Other,Yes,11,0
03000419,69,902467,57,12,3,164,2,777711,4,Yes,No,Service,Graduate,Phone,Jan,Married,No,9,0
03000420,24,900638,16,2,9,84,17,2929361,0,No,No,Business,Graduate,Branch,Mar,Single,Yes,7,0
03000421,23,977422,170,4,5,292,0,2276915,3,No,No,Professional,School,Phone,Jan,Married,Yes,0,1
03000422,25,85970,68,10,1,108,4,2292655,0,Yes,No,Retired,Graduate,Phone,Mar,Single,No,4,0
03000423,22,599688,67,7,3,143,17,2469944,0,Yes,No,Business,Postgraduate,Email,Jun,Single,No,10,1
03000424,60,584560,172,2,1,474,2,2781891,2,No,Yes,Business,Postgraduate,Branch,Jan,Married,No,9,0
03000425,35,300532,0,2,0,66,22,1958484,5,Yes,No,Professional,School,Branch,Sep,Married,No,5,0
03000426,32,818689,48,2,1,141,24,448008,2,Yes,No,Business,Postgraduate,Branch,Nov,Single,No,3,0
03000427,41,901593,54,2,6,346,21,2041989,2,Yes,No,Retired,Postgraduate,Phone,Nov,Married,No,12,1
03000428,62,112776,124,9,2,384,13,1638542,7,No,No,Business,School,Email,Sep,Married,Yes,7,1
03000429,51,307332,144,10,7,482,23,1126238,0,Yes,No,Service,Graduate,Branch,Sep,Married,No,2,1
03000430,64,255299,35,5,0,232,10,2123836,2,No,No,Business,School,Branch,Jan,Other,No,11,0
03000431,53,1003144,63,7,9,203,22,2996562,2,Yes,Yes,Retired,Postgraduate,Branch,Sep,Single,Yes,12,0
03000432,30,1062159,61,11,4,464,18,1633074,6,Yes,No,Business,Postgraduate,Email,Jan,Other,No,11,1
03000433,25,218151,47,6,7,123,13,2800781,5,Yes,No,Service,Graduate,Phone,Jan,Single,Yes,6,1
03000434,25,841214,146,12,6,519,4,2061789,6,No,Yes,Business,Postgraduate,Phone,Jan,Married,No,2,1
03000435,28,98306,5,12,6,32,5,2239881,2,No,Yes,Business,School,Phone,Nov,Other,Yes,8,0
03000436,22,745896,73,1,9,638,5,565533,3,No,No,Business,School,Phone,Mar,Other,Yes,5,1
03000437,62,901409,49,2,2,385,8,1696421,4,Yes,No,Business,Postgraduate,Branch,Mar,Other,No,10,0
03000438,56,501213,73,6,5,40,21,791782,0,Yes,Yes,Service,Postgraduate,Phone,Jun,Married,No,5,0
03000439,22,624362,19,10,0,338,25,1166663,7,No,Yes,Professional,Postgraduate,Email,Nov,Other,No,7,0
03000440,32,834978,71,11,4,250,7,2141230,3,No,Yes,Business,Postgraduate,Email,Nov,Single,Yes,2,0
03000441,60,760267,77,7,4,359,2,1345680,7,Yes,Yes,Business,Graduate,Email,Sep,Married,Yes,4,1
03000442,45,899726,167,4,9,413,12,668803,0,Yes,No,Service,School,Phone,Nov,Other,No,7,1
03000443,32,804823,16,6,2,215,16,1695830,5,No,Yes,Service,Graduate,Email,Mar,Other,Yes,2,0
03000444,35,1060486,174,12,1,103,16,2315116,8,Yes,No,Professional,School,Email,Jan,Single,No,4,0
03000445,51,554154,174,4,5,293,22,1797647,0,No,No,Service,Graduate,Email,Jun,Other,Yes,11,0
03000446,62,621374,96,2,5,421,23,2766134,8,No,Yes,Professional,Postgraduate,Phone,Mar,Single,No,2,1
03000447,62,205329,55,5,0,151,13,2799678,6,Yes,Yes,Professional,Graduate,Branch,Nov,Married,Yes,1,0
03000448,28,868580,98,4,2,471,15,2374172,7,Yes,Yes,Professional,Graduate,Phone,Sep,Other,Yes,11,0
03000449,67,782072,75,1,1,323,10,1459877,6,Yes,Yes,Business,School,Email,Mar,Married,Yes,6,0
03000450,24,614290,126,9,6,267,1,2680428,1,Yes,Yes,Business,School,Branch,Sep,Married,No,12,1
03000451,43,75556,48,6,9,397,22,2031896,5,No,Yes,Business,Postgraduate,Phone,Mar,Married,No,5,1
03000452,48,241703,161,11,4,610,8,2837009,4,Yes,No,Service,School,Branch,Jun,Other,Yes,7,1
03000453,30,437069,132,9,2,308,15,335243,0,No,Yes,Business,Postgraduate,Branch,Jan,Married,No,7,1
03000454,55,215309,146,1,5,450,1,831687,2,No,Yes,Business,Postgraduate,Phone,Jan,Other,Yes,4,1
03000455,49,545932,148,5,2,87,0,1669484,4,Yes,No,Retired,School,Branch,Jun,Other,Yes,1,0
03000456,53,71693,130,4,4,290,20,2436028,3,No,No,Service,Graduate,Branch,Jun,Other,Yes,4,0
03000457,33,460075,113,12,0,254,16,2913376,2,Yes,No,Business,Postgraduate,Email,Nov,Married,Yes,0,1
03000458,30,960596,160,5,3,158,5,1147812,1,Yes,Yes,Professional,Graduate,Branch,Jun,Single,Yes,10,0
03000459,32,393304,110,11,9,190,14,1298598,1,No,Yes,Service,Postgraduate,Email,Jun,Married,Yes,6,1
03000460,37,89097,4,4,4,624,1,1781860,7,Yes,No,Professional,School,Email,Mar,Other,Yes,10,0
03000461,43,765351,18,1,2,227,13,2794931,3,No,Yes,Retired,Postgraduate,Email,Sep,Other,No,0,0
03000462,33,85828,44,2,4,268,21,1799787,4,Yes,Yes,Business,School,Email,Jan,Married,No,7,1
03000463,65,582410,97,6,1,360,22,2754056,0,Yes,No,Service,Postgraduate,Branch,Jun,Single,Yes,8,0
03000464,55,551029,28,12,0,415,21,537471,4,Yes,Yes,Professional,Graduate,Email,Jan,Married,Yes,9,1
03000465,43,1183325,56,3,8,432,7,1111174,8,No,Yes,Retired,Postgraduate,Phone,Jan,Other,Yes,8,1
03000466,42,1063991,131,8,10,483,20,2921858,0,No,Yes,Retired,Postgraduate,Branch,Sep,Single,No,9,0
03000467,22,267283,100,11,4,144,5,2173297,1,No,Yes,Business,School,Phone,Nov,Other,No,1,0
03000468,38,880882,18,2,0,558,13,802239,6,Yes,Yes,Service,Postgraduate,Email,Sep,Other,No,1,1
03000469,51,1177266,70,8,8,146,23,945777,1,No,No,Business,School,Email,Mar,Other,No,9,0
03000470,47,377646,151,6,4,305,2,2194497,7,No,Yes,Service,School,Phone,Sep,Married,Yes,12,0
03000471,33,97065,34,10,2,90,15,644606,4,No,Yes,Retired,School,Phone,Jan,Married,Yes,10,0
03000472,37,1188136,42,4,4,516,3,1828235,5,Yes,Yes,Service,Postgraduate,Email,Jan,Married,No,8,0
03000473,51,205610,64,3,8,541,24,1771277,5,Yes,Yes,Retired,Graduate,Branch,Sep,Married,Yes,0,0
03000474,69,1136257,35,9,7,209,24,2623504,7,No,No,Retired,School,Phone,Sep,Married,No,11,1
03000475,46,939191,29,12,10,108,8,2608687,4,Yes,No,Retired,School,Phone,Mar,Other,Yes,1,1
03000476,25,651615,39,1,3,348,25,959051,7,No,Yes,Retired,Graduate,Branch,Sep,Single,No,1,0
03000477,67,718269,57,11,8,73,17,2922078,0,Yes,Yes,Professional,Graduate,Branch,Jan,Other,No,8,0
03000478,66,1039638,166,8,2,341,0,1447962,3,No,No,Professional,Graduate,Phone,Nov,Other,Yes,4,0
03000479,24,464001,76,9,8,220,13,2486685,6,Yes,No,Retired,Postgraduate,Branch,Nov,Other,No,0,1
03000480,34,802969,25,10,0,249,10,1928672,4,Yes,No,Service,Graduate,Branch,Nov,Other,No,9,0
03000481,47,622577,73,7,0,520,21,2222005,3,No,Yes,Service,School,Phone,Mar,Married,Yes,5,1
03000482,46,668154,101,7,7,371,7,2206563,1,No,Yes,Professional,School,Branch,Mar,Other,Yes,12,0
03000483,21,868864,95,8,3,552,17,2734826,0,Yes,Yes,Service,Graduate,Phone,Nov,Other,No,0,0
03000484,58,490424,173,7,7,351,16,1457225,4,No,No,Professional,Graduate,Email,Nov,Single,Yes,7,1
03000485,24,1002324,171,4,2,542,0,2383382,5,Yes,Yes,Retired,Postgraduate,Email,Jan,Married,Yes,2,0
03000486,32,1191500,50,6,10,612,6,660324,3,Yes,No,Retired,School,Branch,Nov,Single,Yes,5,1
03000487,35,884530,112,2,1,337,19,2022476,6,No,No,Service,School,Phone,Nov,Single,No,12,0
03000488,44,1125024,90,2,9,521,24,1828867,0,Yes,Yes,Service,Postgraduate,Email,Jan,Other,Yes,9,1
03000489,62,416308,19,8,2,354,24,567879,3,Yes,Yes,Retired,School,Phone,Mar,Married,No,4,0
03000490,29,622774,113,7,2,598,20,757647,0,Yes,Yes,Service,Postgraduate,Email,Nov,Other,No,6,0
03000491,27,616086,174,6,4,181,16,899728,5,No,No,Service,Postgraduate,Phone,Jan,Married,Yes,0,0
03000492,30,803471,141,10,10,384,15,2404006,4,Yes,Yes,Professional,Postgraduate,Phone,Nov,Other,Yes,4,1
03000493,64,1172902,72,4,5,279,4,1614300,6,Yes,Yes,Service,Graduate,Email,Sep,Single,Yes,7,1
03000494,62,92291,54,2,2,365,0,1196031,8,No,No,Professional,Graduate,Phone,Mar,Married,No,9,0
03000495,27,348692,15,4,1,258,5,2616697,0,No,Yes,Professional,School,Branch,Jun,Married,No,9,0
03000496,29,417577,83,4,3,84,0,1204275,6,Yes,No,Business,Graduate,Email,Mar,Single,No,4,0
03000497,21,1072905,161,11,2,111,16,1351327,5,Yes,No,Business,Graduate,Branch,Jan,Other,No,5,0
03000498,37,997887,83,2,8,80,5,2002693,7,Yes,Yes,Service,School,Email,Sep,Other,Yes,3,1
03000499,23,544524,34,8,1,139,19,2886186,8,Yes,Yes,Retired,School,Email,Nov,Married,Yes,12,1
03000500,34,82966,81,3,10,171,0,2080869,7,Yes,No,Service,Graduate,Email,Jun,Married,Yes,11,0
03000501,53,262766,6,2,0,44,15,2589674,6,No,Yes,Business,Graduate,Email,Nov,Single,Yes,5,0
03000502,65,989322,137,3,9,286,22,476004,7,Yes,No,Professional,School,Email,Jun,Other,No,4,1
03000503,45,698501,115,5,7,152,23,1020676,4,Yes,Yes,Retired,School,Branch,Jan,Single,No,10,0
03000504,69,1072048,20,6,10,638,6,1498075,3,No,No,Retired,Graduate,Branch,Sep,Single,Yes,1,1
03000505,42,356519,147,6,3,402,10,936863,2,No,No,Retired,School,Email,Jun,Married,Yes,0,1
03000506,51,940522,150,11,3,459,15,1477676,8,No,No,Professional,Graduate,Branch,Jan,Single,Yes,12,0
03000507,52,98466,148,10,3,247,21,2372904,3,No,Yes,Business,Graduate,Phone,Jun,Other,No,1,0
03000508,38,527516,9,4,3,567,9,294471,5,Yes,No,Business,Postgraduate,Phone,Sep,Single,Yes,12,0
03000509,63,492220,13,7,6,323,18,2566733,3,Yes,Yes,Business,School,Phone,Mar,Married,Yes,4,1
03000510,64,201700,25,3,10,188,14,2894627,5,Yes,Yes,Retired,School,Phone,Nov,Other,Yes,6,1
03000511,69,228966,18,12,1,159,13,454487,3,Yes,No,Professional,Postgraduate,Branch,Sep,Other,No,8,0
03000512,24,888818,96,7,8,400,5,357676,7,No,No,Service,School,Phone,Jan,Married,No,0,1
03000513,57,669958,47,3,10,560,16,773766,2,No,Yes,Service,Postgraduate,Branch,Nov,Other,No,0,0
03000514,38,582185,94,2,8,527,20,2641403,7,No,Yes,Retired,Postgraduate,Phone,Mar,Other,Yes,2,1
03000515,62,626308,147,4,8,406,9,2068324,7,Yes,Yes,Business,Graduate,Email,Jan,Other,Yes,8,1
03000516,25,844638,76,2,3,444,10,2542319,3,Yes,Yes,Business,Graduate,Branch,Sep,Married,Yes,2,1
03000517,63,589686,169,6,8,244,25,524778,8,No,Yes,Professional,Postgraduate,Branch,Mar,Single,No,7,1
03000518,58,314311,11,3,5,151,4,547735,6,No,No,Professional,Graduate,Phone,Mar,Married,No,10,0
03000519,47,227828,69,1,5,552,15,2659452,3,Yes,Yes,Retired,School,Phone,Nov,Single,Yes,10,1
03000520,53,71853,19,8,5,157,4,1919998,0,No,No,Service,Postgraduate,Email,Jan,Married,No,10,0
03000521,44,698973,35,2,1,458,7,351348,5,Yes,No,Retired,School,Email,Jun,Married,No,2,1
03000522,66,768077,176,6,9,471,16,1417146,5,No,Yes,Service,Graduate,Email,Jan,Other,No,10,0
03000523,65,1061997,158,6,2,391,21,473478,6,Yes,Yes,Business,Postgraduate,Branch,Sep,Other,Yes,10,0
03000524,53,672889,11,9,6,556,8,2848349,7,No,No,Retired,Graduate,Email,Mar,Married,No,10,1
03000525,36,980806,166,9,7,76,9,1191718,0,Yes,Yes,Professional,School,Branch,Sep,Other,Yes,7,0
03000526,64,902563,121,11,10,69,14,1991893,6,No,No,Business,Graduate,Branch,Jun,Single,Yes,9,1
03000527,61,403402,115,7,1,375,20,2808228,7,Yes,No,Business,Graduate,Email,Mar,Single,No,7,0
03000528,43,930344,29,3,8,633,24,2010172,2,Yes,No,Professional,Postgraduate,Branch,Mar,Married,Yes,10,1
03000529,35,618185,180,4,5,362,17,1083960,1,Yes,No,Business,School,Email,Mar,Single,Yes,2,1
03000530,37,1014790,115,3,9,314,18,1401548,5,No,Yes,Service,School,Email,Mar,Married,No,4,1
03000531,64,994278,137,7,0,278,25,1316572,8,Yes,Yes,Service,School,Branch,Nov,Single,No,0,1
03000532,53,1153717,101,5,8,105,22,294734,3,Yes,Yes,Retired,Postgraduate,Branch,Jun,Single,Yes,9,0
03000533,28,1030322,6,10,8,339,22,1412842,0,Yes,Yes,Business,Postgraduate,Email,Mar,Other,No,5,1
03000534,34,1012343,155,10,9,499,0,2433857,7,No,Yes,Service,School,Branch,Sep,Single,No,4,1
03000535,27,1156747,160,11,3,87,9,2209408,8,Yes,Yes,Professional,School,Phone,Sep,Single,No,4,1
03000536,45,740406,123,3,2,197,24,431384,0,No,No,Retired,Graduate,Phone,Jun,Single,No,4,0
03000537,37,85979,39,2,5,447,25,495206,4,Yes,No,Business,Graduate,Branch,Jan,Married,Yes,7,1
03000538,54,1061054,142,10,6,101,14,2392906,1,Yes,No,Retired,School,Phone,Jun,Other,Yes,1,0
03000539,60,1179135,102,12,10,102,7,1003489,8,No,Yes,Professional,Graduate,Branch,Mar,Other,No,2,1
03000540,53,1194755,47,12,1,241,13,1165368,4,Yes,No,Professional,School,Branch,Nov,Other,Yes,7,1
03000541,48,945725,73,2,7,464,11,2447192,2,No,Yes,Service,School,Branch,Mar,Single,Yes,1,1
03000542,41,562245,92,5,8,564,9,462818,0,No,No,Retired,School,Phone,Sep,Other,No,8,0
03000543,21,876745,130,8,6,409,17,2736186,5,Yes,Yes,Service,Postgraduate,Phone,Nov,Married,No,8,1
03000544,34,658943,20,1,5,550,18,2417465,0,Yes,Yes,Service,Graduate,Branch,Jan,Other,Yes,1,1
03000545,62,1140101,44,6,9,85,1,989981,0,Yes,No,Professional,Postgraduate,Branch,Jun,Single,Yes,3,0
03000546,21,476254,28,7,2,44,8,2673704,5,Yes,No,Retired,Postgraduate,Branch,Mar,Other,No,2,0
03000547,54,351367,121,1,10,215,17,404345,3,No,Yes,Professional,Postgraduate,Phone,Mar,Married,No,9,1
03000548,54,146551,48,4,7,362,14,751322,3,Yes,Yes,Business,School,Branch,Sep,Other,No,7,0
03000549,29,224559,36,9,0,399,0,1282725,6,No,No,Service,Postgraduate,Phone,Sep,Married,Yes,8,1
03000550,28,83140,151,3,0,89,1,1656785,1,No,No,Service,Graduate,Phone,Jan,Single,Yes,5,0
03000551,33,283471,180,12,9,486,18,2715941,5,No,Yes,Business,Graduate,Phone,Mar,Married,No,1,0
03000552,49,1165188,167,10,2,107,6,1516652,7,No,Yes,Service,School,Email,Jun,Other,Yes,0,0
03000553,46,821009,145,7,3,371,12,1774450,8,Yes,No,Business,Postgraduate,Branch,Mar,Other,No,8,0
03000554,61,624817,30,3,2,359,0,429781,4,Yes,Yes,Professional,School,Phone,Jan,Married,No,8,0
03000555,31,1055816,44,12,1,560,11,977860,8,No,No,Service,School,Phone,Nov,Single,No,3,0
03000556,66,243919,53,4,1,192,17,1482767,2,No,Yes,Professional,Postgraduate,Email,Jan,Other,Yes,1,0
03000557,21,1137196,5,3,4,443,5,2573244,0,No,Yes,Service,Postgraduate,Branch,Mar,Other,No,0,0
03000558,66,853765,66,10,6,36,25,2598051,6,Yes,Yes,Service,School,Email,Sep,Married,No,8,0
03000559,36,1044206,115,11,9,119,17,1394981,8,Yes,Yes,Retired,Postgraduate,Branch,Mar,Other,Yes,8,0
03000560,61,187696,160,6,10,477,12,2571761,3,No,No,Retired,School,Phone,Jan,Other,No,3,1
03000561,45,984391,108,2,1,533,21,1797354,1,Yes,Yes,Business,School,Email,Mar,Other,No,10,1
03000562,49,996784,3,4,9,280,16,957435,6,No,Yes,Professional,School,Email,Jan,Single,Yes,8,1
03000563,55,358257,80,12,1,467,19,2981941,8,Yes,No,Professional,Postgraduate,Phone,Sep,Single,No,8,0
03000564,35,844061,122,4,1,533,0,622578,6,No,No,Service,Graduate,Branch,Nov,Married,No,9,0
03000565,54,940672,113,6,2,150,6,440179,0,Yes,No,Business,Postgraduate,Phone,Jun,Single,No,3,1
03000566,63,912467,34,6,5,588,15,1621962,0,Yes,No,Business,Graduate,Phone,Nov,Married,Yes,2,0
03000567,48,1032350,6,1,10,183,19,876250,3,Yes,No,Business,Postgraduate,Email,Jan,Single,No,4,1
03000568,68,1133306,137,5,6,394,10,2687244,7,Yes,No,Service,Graduate,Branch,Nov,Married,Yes,3,0
03000569,54,790889,73,1,10,318,7,1327662,0,No,No,Retired,Graduate,Branch,Mar,Married,Yes,4,1
03000570,41,925608,1,7,3,527,3,729411,5,No,No,Retired,Postgraduate,Email,Sep,Single,Yes,6,1
03000571,45,40483,98,1,0,508,15,562044,0,Yes,No,Professional,Graduate,Phone,Jun,Married,Yes,6,0
03000572,41,597983,170,8,2,56,10,1074935,3,No,No,Service,Graduate,Branch,Nov,Other,Yes,4,0
03000573,42,79442,63,5,1,320,10,2515481,2,No,No,Service,Postgraduate,Phone,Jun,Single,No,9,0
03000574,48,406396,123,9,3,608,14,2749765,1,No,Yes,Professional,School,Phone,Nov,Single,No,10,0
03000575,55,664338,59,10,0,280,14,2497308,8,No,Yes,Service,Postgraduate,Phone,Nov,Other,No,11,0
03000576,51,922919,134,2,1,622,12,2155995,6,Yes,No,Service,Postgraduate,Branch,Jun,Single,Yes,9,0
03000577,49,446795,136,12,2,520,23,1930874,0,Yes,No,Retired,School,Phone,Sep,Married,Yes,7,0
03000578,64,491083,108,11,0,594,16,986689,7,No,No,Retired,Graduate,Phone,Sep,Other,Yes,10,0
03000579,62,202385,12,3,2,70,21,746357,2,Yes,No,Business,School,Phone,Jun,Single,Yes,9,0
03000580,43,68999,108,9,1,488,24,1293180,0,No,Yes,Service,School,Email,Jan,Other,Yes,7,0
03000581,68,45994,98,10,0,214,3,432464,2,Yes,No,Retired,Postgraduate,Email,Jun,Single,Yes,1,0
03000582,61,28822,48,8,1,320,14,2926696,7,Yes,Yes,Retired,Postgraduate,Phone,Mar,Other,No,2,1
03000583,64,854126,104,8,3,401,2,1590490,5,No,Yes,Business,Graduate,Branch,Sep,Other,Yes,3,0
03000584,25,735518,20,1,6,206,17,788101,5,No,Yes,Service,Graduate,Email,Mar,Married,No,5,1
03000585,27,1036729,13,4,2,486,0,2197000,8,No,No,Business,Postgraduate,Branch,Nov,Single,No,12,0
03000586,27,206270,8,5,7,630,16,1298485,8,Yes,No,Professional,Graduate,Branch,Mar,Other,Yes,6,1
03000587,69,399613,12,2,10,469,2,855207,0,No,Yes,Business,Postgraduate,Branch,Jun,Other,No,4,0
03000588,58,389563,141,1,3,97,19,1939149,0,No,No,Retired,Graduate,Branch,Jan,Married,No,10,1
03000589,23,388485,32,3,0,207,9,2127183,7,Yes,Yes,Service,Graduate,Email,Jan,Single,Yes,2,0
03000590,68,113529,49,10,6,209,22,2182555,0,Yes,Yes,Retired,School,Branch,Jun,Single,No,10,0
03000591,46,1125069,43,7,5,369,0,2575037,8,No,No,Retired,School,Phone,Mar,Single,Yes,3,0
03000592,23,964185,82,9,5,510,3,642096,6,Yes,No,Business,Postgraduate,Phone,Jan,Married,Yes,7,0
03000593,64,650813,102,2,3,556,15,345980,4,Yes,No,Retired,School,Phone,Mar,Married,No,5,0
03000594,61,396657,9,4,4,39,17,738695,5,No,Yes,Service,Graduate,Branch,Sep,Single,No,6,1
03000595,47,1105757,126,12,9,141,2,1514797,8,No,Yes,Retired,Graduate,Phone,Sep,Married,No,11,0
03000596,57,711720,56,11,5,138,2,1386042,7,Yes,Yes,Business,Postgraduate,Email,Jun,Other,Yes,11,1
03000597,51,944294,32,4,5,595,23,2827205,1,Yes,No,Business,School,Phone,Jun,Other,No,7,0
03000598,30,1151120,37,12,10,42,5,1685151,8,Yes,No,Professional,Graduate,Phone,Sep,Married,No,11,0
03000599,34,256624,9,4,0,104,15,845405,5,No,No,Business,Graduate,Email,Nov,Other,Yes,4,0
03000600,50,61384,115,2,1,75,1,2099082,3,No,Yes,Retired,Postgraduate,Branch,Jun,Single,No,4,0
03000601,37,209946,50,11,6,277,5,705967,8,No,Yes,Retired,Postgraduate,Email,Nov,Other,Yes,0,1
03000602,61,192234,117,10,3,601,16,736216,6,No,Yes,Retired,School,Branch,Sep,Single,Yes,6,0
03000603,54,437582,95,6,5,107,21,2376769,6,Yes,Yes,Business,School,Branch,Jan,Other,Yes,10,0
03000604,28,854434,101,6,7,527,19,2722650,2,Yes,No,Retired,Postgraduate,Phone,Sep,Married,Yes,6,1
03000605,43,426565,50,2,1,537,1,2504893,6,No,No,Service,School,Branch,Jun,Single,Yes,7,1
03000606,23,15681,44,8,8,212,12,1795445,1,No,No,Retired,School,Email,Mar,Other,No,6,1
03000607,58,845880,154,6,8,249,9,1633185,6,Yes,No,Service,Graduate,Phone,Sep,Single,Yes,0,0
03000608,50,54557,170,7,6,599,16,1437958,8,Yes,No,Service,Postgraduate,Branch,Jan,Single,Yes,8,1
03000609,42,240436,164,4,0,646,15,1711622,6,No,Yes,Professional,Postgraduate,Phone,Jun,Single,No,12,1
03000610,65,569286,43,7,0,452,8,1842619,2,Yes,No,Business,School,Branch,Sep,Single,Yes,3,0
03000611,46,662914,154,6,7,187,12,1039070,8,Yes,Yes,Professional,Postgraduate,Email,Sep,Married,No,11,1
03000612,63,1141956,90,4,9,552,16,2381764,6,Yes,Yes,Retired,School,Branch,Jun,Single,Yes,1,0
03000613,36,670766,105,5,8,150,22,1940355,3,No,Yes,Retired,Postgraduate,Email,Mar,Married,Yes,3,1
03000614,60,386250,144,10,8,600,24,2422192,5,Yes,No,Business,Postgraduate,Email,Sep,Married,Yes,6,1
03000615,33,22555,139,12,1,543,13,868014,2,Yes,No,Business,School,Email,Nov,Single,Yes,1,0
03000616,31,682633,110,4,8,280,5,2834081,7,No,Yes,Service,School,Phone,Nov,Single,Yes,12,1
03000617,50,662348,38,3,9,373,24,2313790,4,Yes,Yes,Service,Graduate,Branch,Mar,Single,Yes,11,1
03000618,25,1135961,180,10,3,403,24,2905070,3,Yes,Yes,Retired,School,Email,Mar,Married,No,12,0
03000619,41,1168321,50,12,7,124,15,1860001,7,Yes,Yes,Service,Postgraduate,Email,Jan,Other,No,1,1
03000620,23,1182806,125,7,6,191,7,1994676,4,Yes,No,Professional,Graduate,Branch,Sep,Single,No,3,1
03000621,44,849924,91,12,6,546,21,567789,5,Yes,No,Business,Graduate,Phone,Jan,Single,Yes,9,0
03000622,24,234841,136,5,10,299,12,2718057,2,Yes,No,Business,School,Phone,Jan,Other,No,12,1
03000623,35,840673,165,10,7,89,4,729791,0,No,No,Professional,Postgraduate,Branch,Sep,Married,Yes,8,0
03000624,44,625959,115,7,5,496,14,2786145,1,No,No,Retired,Graduate,Branch,Nov,Single,No,9,1
03000625,53,472405,24,1,6,142,25,1817501,8,Yes,Yes,Retired,School,Email,Jan,Single,No,12,0
03000626,24,579659,116,9,10,350,17,576337,6,Yes,Yes,Professional,Postgraduate,Email,Sep,Single,No,0,1
03000627,57,455065,159,2,10,77,21,2258396,8,Yes,Yes,Service,Postgraduate,Phone,Jan,Married,No,10,1
03000628,21,579343,156,11,4,498,3,2880891,5,Yes,Yes,Business,Postgraduate,Branch,Sep,Other,No,4,1
03000629,66,448244,177,5,1,623,7,1926238,6,No,No,Professional,Graduate,Email,Jun,Married,Yes,6,1
03000630,49,1186649,110,4,3,374,22,373578,5,Yes,No,Retired,School,Email,Jun,Married,Yes,6,0
03000631,52,455103,1,4,9,602,11,1150297,2,No,Yes,Retired,School,Phone,Nov,Other,No,12,1
03000632,27,901271,166,8,7,232,18,1972525,2,Yes,Yes,Professional,Postgraduate,Email,Nov,Single,No,9,1
03000633,50,17191,56,12,7,77,18,2278147,5,No,No,Retired,Postgraduate,Phone,Nov,Married,No,9,1
03000634,21,793802,163,9,0,621,23,1850786,1,Yes,No,Retired,School,Phone,Jun,Other,Yes,3,0
03000635,42,237098,33,6,3,26,17,621197,2,Yes,No,Service,Postgraduate,Phone,Sep,Married,Yes,4,0
03000636,42,326155,136,2,3,554,20,1900159,7,Yes,Yes,Business,School,Branch,Jun,Married,Yes,5,1
03000637,67,299540,120,11,2,514,18,267612,1,Yes,No,Service,Graduate,Email,Nov,Single,Yes,7,1
03000638,57,997698,127,4,2,146,6,2157301,0,Yes,No,Service,Graduate,Branch,Sep,Married,Yes,8,0
03000639,57,296036,149,6,8,90,15,1756441,7,No,No,Professional,Postgraduate,Email,Jun,Single,Yes,1,0
03000640,41,266782,12,3,4,205,3,615462,7,No,Yes,Retired,School,Phone,Mar,Married,No,1,1
03000641,43,812099,154,12,1,558,1,680787,4,Yes,No,Business,Postgraduate,Phone,Jun,Single,No,12,0
03000642,57,590089,22,12,3,27,9,788939,1,No,Yes,Service,Postgraduate,Branch,Nov,Other,Yes,4,0
03000643,28,156328,53,6,2,77,19,434171,7,Yes,Yes,Service,School,Branch,Mar,Other,No,10,0
03000644,34,880806,10,7,7,535,14,1900970,5,Yes,Yes,Business,Graduate,Branch,Jan,Single,Yes,5,1
03000645,49,849977,69,12,6,377,13,1305335,0,Yes,No,Service,School,Email,Jun,Other,Yes,12,1
03000646,39,256112,160,8,3,553,8,695482,8,Yes,No,Business,Graduate,Phone,Jun,Other,No,1,1
03000647,44,281565,158,4,3,184,13,711976,7,Yes,No,Business,Postgraduate,Branch,Nov,Married,Yes,7,0
03000648,21,723217,85,2,0,504,2,1722619,1,Yes,Yes,Business,Graduate,Phone,Jan,Married,No,3,0
03000649,54,825673,63,2,7,498,24,2851456,4,Yes,Yes,Service,Postgraduate,Email,Mar,Single,No,4,1
03000650,56,40793,89,4,1,229,0,1285621,0,Yes,Yes,Service,Postgraduate,Phone,Jan,Single,Yes,12,0
03000651,43,429071,34,5,6,425,13,2032561,6,Yes,No,Retired,Graduate,Email,Jun,Married,No,1,1
03000652,42,318932,5,2,0,373,2,2976636,6,No,Yes,Professional,Postgraduate,Phone,Nov,Single,Yes,7,1
03000653,32,1180175,5,10,9,491,4,1946906,7,No,Yes,Business,Graduate,Email,Mar,Married,No,6,1
03000654,45,12285,134,2,4,363,20,646101,2,No,No,Professional,School,Email,Jan,Married,No,9,0
03000655,33,358961,14,12,4,579,3,2708253,4,Yes,No,Business,Graduate,Branch,Sep,Married,No,1,1
03000656,46,260450,80,6,3,329,3,1236613,7,Yes,Yes,Business,Postgraduate,Email,Sep,Other,Yes,12,0
03000657,21,540408,87,2,8,110,10,1289507,0,No,Yes,Retired,Graduate,Email,Sep,Other,Yes,0,0
03000658,63,396939,162,11,9,543,14,441863,2,No,No,Business,Postgraduate,Email,Sep,Other,Yes,10,0
03000659,22,1168057,160,11,8,146,23,2141031,1,No,Yes,Retired,Graduate,Phone,Sep,Other,No,9,0
03000660,60,1190325,16,3,8,221,6,2725130,0,No,Yes,Business,Graduate,Phone,Mar,Married,Yes,2,0
03000661,57,70682,125,11,6,494,7,2455544,4,No,Yes,Business,Graduate,Branch,Sep,Single,Yes,0,1
03000662,22,78820,116,5,6,148,24,1480183,1,No,Yes,Service,Postgraduate,Branch,Sep,Married,No,4,0
03000663,59,28271,61,11,4,234,24,2736144,0,No,Yes,Retired,Postgraduate,Branch,Mar,Single,Yes,4,0
03000664,24,482749,45,2,0,605,2,2440062,7,No,No,Retired,Postgraduate,Email,Nov,Single,No,7,0
03000665,34,1172703,35,5,7,622,6,1126908,5,No,Yes,Professional,Postgraduate,Branch,Sep,Single,No,8,1
03000666,21,895825,19,9,1,648,25,946896,4,Yes,Yes,Professional,School,Branch,Mar,Single,Yes,9,1
03000667,66,747326,157,3,9,328,14,2485130,7,No,No,Retired,Postgraduate,Phone,Nov,Married,Yes,6,0
03000668,68,987675,8,4,3,593,9,1612666,2,No,No,Business,Graduate,Branch,Jan,Married,No,7,0
03000669,63,306509,91,3,2,610,25,1719975,4,No,No,Service,Graduate,Email,Jan,Married,Yes,1,0
03000670,42,474042,12,6,6,171,12,2796580,8,No,No,Retired,Postgraduate,Email,Nov,Married,Yes,5,0
03000671,46,981499,89,3,2,407,15,1328631,5,No,No,Retired,Postgraduate,Phone,Mar,Other,No,6,1
03000672,28,489534,124,10,3,562,25,1577029,3,Yes,Yes,Retired,School,Branch,Sep,Single,Yes,4,0
03000673,24,622485,43,3,8,470,7,1265433,8,Yes,No,Business,Postgraduate,Phone,Jun,Married,No,6,0
03000674,50,378117,126,6,2,288,11,819600,4,Yes,No,Professional,Graduate,Email,Nov,Other,No,2,0
03000675,30,736634,60,3,7,196,2,2947567,3,No,No,Business,Graduate,Email,Nov,Other,No,9,1
03000676,50,1080338,120,12,5,365,3,1154138,1,Yes,Yes,Retired,Graduate,Phone,Jan,Married,Yes,7,1
03000677,35,244964,29,2,10,340,16,2687287,5,No,No,Business,Graduate,Email,Mar,Married,Yes,6,1
03000678,66,597077,43,11,9,144,15,613015,5,Yes,No,Professional,Graduate,Email,Jan,Married,No,8,1
03000679,23,1070493,21,2,1,279,4,2497442,6,No,Yes,Retired,Postgraduate,Phone,Sep,Other,Yes,11,1
03000680,56,416359,146,2,4,74,11,1676591,0,Yes,No,Professional,Postgraduate,Phone,Jun,Married,Yes,1,0
03000681,47,665354,68,9,1,528,10,1291787,2,No,No,Service,School,Branch,Sep,Other,Yes,3,1
03000682,60,684959,123,1,9,40,19,885505,5,Yes,Yes,Professional,Graduate,Email,Jun,Married,No,6,1
03000683,52,529309,154,10,10,157,15,1324421,2,Yes,Yes,Service,Graduate,Phone,Sep,Other,No,6,0
03000684,44,744821,57,5,8,583,18,2517857,3,No,No,Service,Postgraduate,Phone,Jan,Married,No,10,1
03000685,38,1064501,56,11,4,42,22,466386,2,No,No,Business,School,Branch,Jan,Single,No,7,1
03000686,58,163101,145,8,2,280,7,2498133,5,No,Yes,Professional,School,Email,Jan,Single,Yes,2,0
03000687,66,4980,1,5,3,481,3,1538785,0,No,Yes,Business,Graduate,Email,Jan,Married,No,7,0
03000688,66,1138817,149,6,8,267,8,1833498,1,Yes,Yes,Professional,Graduate,Email,Mar,Other,Yes,2,0
03000689,41,50654,86,8,4,602,10,2291775,4,No,No,Retired,Graduate,Phone,Mar,Married,No,2,1
03000690,65,602702,69,3,0,635,4,2931347,4,Yes,Yes,Service,Graduate,Branch,Jun,Married,No,12,1
03000691,54,11608,70,12,1,335,3,2899638,8,No,No,Professional,Postgraduate,Phone,Sep,Single,Yes,7,0
03000692,49,1004463,172,2,0,499,15,731255,4,Yes,No,Service,Postgraduate,Email,Sep,Married,No,12,0
03000693,31,862764,12,12,2,326,25,1970528,5,Yes,No,Professional,Graduate,Branch,Jun,Single,Yes,9,1
03000694,23,109862,143,8,8,261,22,1731219,6,Yes,Yes,Service,Graduate,Email,Sep,Other,No,4,0
03000695,47,1091281,119,1,1,225,14,904374,1,No,No,Professional,School,Email,Nov,Married,Yes,0,0
03000696,47,988912,38,4,7,196,20,2715058,0,No,No,Professional,Graduate,Phone,Jan,Other,No,8,1
03000697,46,352597,57,4,0,555,23,1074715,1,No,No,Retired,School,Phone,Jun,Single,Yes,8,1
03000698,36,53094,170,12,2,555,10,2527662,2,No,No,Professional,Graduate,Email,Nov,Other,No,1,0
03000699,34,437076,73,9,1,631,14,338064,0,No,No,Business,Postgraduate,Phone,Sep,Married,No,0,1
03000700,50,1158254,90,2,0,477,6,1712557,4,Yes,Yes,Retired,Postgraduate,Branch,Jan,Single,No,11,0
03000701,34,323436,66,7,7,506,18,408904,0,Yes,Yes,Business,Graduate,Branch,Nov,Other,Yes,11,1
03000702,56,408513,32,10,3,360,16,2204680,0,Yes,Yes,Service,Postgraduate,Phone,Mar,Married,No,2,0
03000703,66,1067057,57,2,1,86,20,2477798,5,Yes,No,Business,Graduate,Phone,Nov,Single,No,12,0
03000704,49,8000,33,1,2,607,3,2567421,0,Yes,Yes,Service,School,Email,Jun,Married,No,1,0
03000705,57,1089181,26,12,2,535,16,1203894,4,Yes,No,Professional,Postgraduate,Branch,Jan,Single,No,1,1
03000706,25,643550,177,7,10,627,3,2768485,3,No,No,Retired,Postgraduate,Branch,Nov,Other,No,5,0
03000707,51,65210,102,10,2,460,24,2612110,7,Yes,No,Professional,School,Phone,Sep,Other,Yes,10,1
03000708,25,1178958,168,1,9,431,21,2360586,5,Yes,Yes,Business,School,Email,Nov,Single,Yes,9,1
03000709,64,308182,4,7,1,378,23,532749,3,No,No,Professional,School,Branch,Nov,Other,Yes,12,0
03000710,60,1152245,73,2,4,611,0,2102489,7,No,No,Service,Graduate,Branch,Jun,Single,No,11,1
03000711,41,605953,17,3,1,310,25,2155509,2,Yes,No,Service,Postgraduate,Branch,Mar,Other,No,2,0
03000712,66,342428,45,8,10,459,10,473257,5,Yes,Yes,Business,Graduate,Email,Sep,Single,Yes,3,1
03000713,37,155887,131,6,9,423,21,976478,4,Yes,Yes,Business,School,Branch,Sep,Married,No,1,1
03000714,53,602869,77,12,1,395,18,1764345,7,Yes,Yes,Retired,School,Email,Nov,Married,No,1,1
03000715,67,524474,159,2,9,359,12,2834609,1,No,No,Retired,Graduate,Branch,Sep,Single,No,12,1
03000716,59,873940,106,8,3,86,22,1594379,8,Yes,Yes,Professional,School,Email,Nov,Single,Yes,1,0
03000717,22,922206,138,7,1,333,14,1437125,0,Yes,No,Professional,School,Branch,Nov,Single,No,1,0
03000718,62,572720,118,10,3,432,14,831240,6,Yes,No,Professional,School,Phone,Nov,Single,No,9,0
03000719,69,974702,88,3,5,313,14,1118710,6,Yes,No,Retired,School,Branch,Jun,Single,No,1,0
03000720,33,11706,79,11,10,284,16,2135949,4,Yes,Yes,Service,Postgraduate,Phone,Mar,Married,Yes,9,1
03000721,51,367848,120,9,10,198,0,1992245,0,No,No,Retired,Graduate,Email,Sep,Married,No,10,0
03000722,50,1153466,121,7,0,106,8,870860,8,No,Yes,Service,Postgraduate,Branch,Jan,Single,No,6,0
03000723,48,1003775,135,1,7,384,21,1599127,2,No,No,Retired,School,Email,Jan,Married,Yes,1,0
03000724,58,312445,85,9,10,620,15,544795,3,No,Yes,Business,Postgraduate,Phone,Sep,Other,No,2,1
03000725,23,144007,42,6,0,626,16,2942708,7,No,No,Service,School,Email,Jan,Other,Yes,11,0
03000726,36,544912,149,7,4,311,18,1842116,4,Yes,Yes,Service,School,Branch,Jun,Other,No,9,0
03000727,33,584762,79,7,0,30,7,2958733,5,No,Yes,Professional,Postgraduate,Branch,Jun,Single,Yes,1,0
03000728,42,878750,71,3,0,282,21,2326764,4,Yes,No,Business,Graduate,Branch,Jun,Single,Yes,10,0
03000729,26,430162,88,2,4,230,12,2042620,4,Yes,No,Retired,School,Branch,Mar,Single,No,10,0
03000730,66,1057685,21,3,8,286,20,570420,2,No,Yes,Service,School,Phone,Sep,Single,Yes,0,1
03000731,43,338160,12,5,6,508,8,2336996,5,No,No,Professional,Graduate,Branch,Mar,Single,Yes,6,1
03000732,69,1061109,139,6,4,51,4,2372043,0,No,Yes,Professional,Postgraduate,Phone,Nov,Single,No,0,0
03000733,26,1090522,60,6,7,92,23,2234985,4,Yes,No,Business,School,Branch,Jun,Married,Yes,4,0
03000734,65,1116788,28,7,8,52,21,2583977,1,Yes,No,Professional,School,Branch,Sep,Single,No,12,0
03000735,33,553077,42,3,5,56,12,600955,8,Yes,Yes,Professional,Postgraduate,Email,Nov,Other,Yes,4,1
03000736,62,348047,86,1,2,295,23,2535875,7,No,No,Service,School,Email,Mar,Married,Yes,12,1
03000737,49,1089259,64,7,9,395,7,2886733,8,Yes,No,Service,Graduate,Branch,Nov,Other,Yes,10,1
03000738,55,426118,41,10,3,116,5,1465050,5,Yes,No,Retired,Postgraduate,Branch,Jun,Other,Yes,6,1
03000739,58,676588,85,1,2,159,24,2175412,1,No,Yes,Business,School,Phone,Mar,Single,No,5,0
03000740,33,508573,51,10,8,177,15,850828,5,No,No,Professional,School,Email,Nov,Married,Yes,8,0
03000741,31,1093835,44,1,2,500,9,824325,6,Yes,No,Retired,School,Phone,Jan,Married,Yes,8,1
03000742,62,350221,142,11,0,636,0,1671705,6,Yes,Yes,Retired,School,Branch,Sep,Other,Yes,4,0
03000743,31,884373,168,4,5,99,15,852633,0,No,No,Retired,School,Phone,Jun,Other,No,2,0
03000744,27,975903,86,1,4,65,3,2168795,7,Yes,No,Professional,School,Email,Jan,Single,Yes,7,0
03000745,48,1197898,180,4,1,53,3,2032049,1,Yes,No,Retired,School,Branch,Jun,Other,No,12,0
03000746,45,570675,11,5,7,73,13,993927,8,No,No,Professional,Graduate,Email,Mar,Married,No,1,0
03000747,69,448508,28,5,9,60,5,2546312,1,No,Yes,Service,Postgraduate,Email,Jun,Other,No,1,1
03000748,66,627413,25,10,4,473,0,1795344,8,Yes,Yes,Retired,Graduate,Phone,Jun,Single,Yes,5,0
03000749,41,432187,178,10,8,584,24,978945,1,No,No,Service,Graduate,Phone,Nov,Married,Yes,1,1
03000750,21,377136,160,8,0,387,19,2842828,6,Yes,Yes,Service,School,Phone,Nov,Single,No,2,1
03000751,22,350055,123,7,6,402,12,1847559,3,Yes,Yes,Retired,School,Branch,Nov,Single,No,2,1
03000752,24,1138136,93,2,7,312,12,1984265,3,Yes,No,Service,Graduate,Phone,Sep,Married,No,7,1
03000753,42,1007237,7,12,8,583,18,1596356,5,No,No,Professional,Graduate,Branch,Nov,Single,Yes,0,1
03000754,62,1184831,64,1,8,48,14,901972,5,No,Yes,Business,Postgraduate,Email,Jun,Married,Yes,3,1
03000755,45,1076381,109,8,6,534,21,437594,1,No,No,Service,School,Phone,Sep,Married,Yes,6,0
03000756,39,504437,81,3,3,89,20,2831047,8,No,Yes,Service,Postgraduate,Email,Jan,Single,No,2,0
03000757,37,1160136,136,2,0,402,6,1209180,2,No,No,Professional,School,Branch,Nov,Other,Yes,9,0
03000758,61,445574,43,8,10,291,18,923532,7,No,Yes,Retired,Postgraduate,Branch,Nov,Single,No,4,1
03000759,26,873205,34,11,3,334,3,1798211,5,No,Yes,Professional,School,Email,Jan,Single,Yes,12,0
03000760,57,791209,154,5,5,125,9,2910595,5,No,Yes,Service,School,Email,Nov,Married,Yes,5,0
03000761,25,233965,145,2,8,642,10,1680910,0,No,Yes,Business,Graduate,Email,Jun,Single,No,9,0
03000762,48,549638,128,11,2,46,16,1318726,7,Yes,Yes,Retired,Postgraduate,Email,Jun,Single,No,7,1
03000763,51,314713,101,12,7,647,16,535310,2,Yes,No,Business,Graduate,Phone,Jun,Single,No,0,1
03000764,66,903239,42,8,0,46,2,1906133,0,Yes,Yes,Retired,School,Phone,Sep,Other,No,1,0
03000765,59,449976,118,5,9,324,13,427658,2,No,Yes,Business,Postgraduate,Branch,Jan,Other,No,8,1
03000766,60,95184,85,9,5,566,0,2972719,1,No,Yes,Retired,School,Branch,Jun,Other,Yes,2,1
03000767,25,729981,111,4,1,486,2,1562581,5,No,Yes,Professional,School,Phone,Jun,Married,Yes,4,0
03000768,52,1093374,22,11,2,38,20,1111460,6,No,No,Professional,Postgraduate,Phone,Jun,Other,Yes,8,0
03000769,40,582720,90,8,9,388,20,2982681,5,Yes,Yes,Business,Graduate,Email,Nov,Married,Yes,5,1
03000770,56,653442,6,3,10,481,15,725087,5,Yes,Yes,Professional,Graduate,Email,Nov,Single,No,9,1
03000771,53,266913,166,9,7,276,13,1473394,7,Yes,No,Business,Postgraduate,Branch,Mar,Other,No,11,0
03000772,49,411906,125,6,1,397,15,2035611,6,Yes,No,Professional,Postgraduate,Branch,Mar,Single,No,6,0
03000773,44,917107,151,6,9,56,13,2661763,8,Yes,No,Service,Graduate,Email,Sep,Married,Yes,10,1
03000774,64,444573,5,9,6,496,11,1768396,8,Yes,No,Retired,Postgraduate,Branch,Nov,Other,Yes,7,1
03000775,39,598984,138,8,6,545,6,1327426,6,No,Yes,Service,School,Email,Sep,Single,No,0,1
03000776,30,772172,61,1,0,74,16,1662593,6,Yes,Yes,Business,Postgraduate,Branch,Sep,Single,No,1,0
03000777,29,672432,147,6,7,35,14,641963,6,No,No,Service,Graduate,Branch,Mar,Single,Yes,12,1
03000778,33,288550,118,6,4,97,6,1528912,8,No,Yes,Retired,Graduate,Email,Jan,Single,No,8,0
03000779,48,87560,102,9,6,498,8,2551927,2,No,No,Service,Postgraduate,Phone,Jun,Married,Yes,0,0
03000780,60,257872,122,12,5,259,2,1330814,5,Yes,No,Business,Graduate,Email,Jan,Single,Yes,0,0
03000781,56,690253,77,3,7,591,13,2403593,1,No,Yes,Professional,Postgraduate,Email,Mar,Single,No,11,1
03000782,30,919421,167,10,1,455,18,336423,3,Yes,Yes,Service,Graduate,Branch,Jan,Other,Yes,10,0
03000783,24,454759,162,10,1,422,1,1519957,2,Yes,No,Business,Graduate,Branch,Sep,Single,No,1,1
03000784,48,688581,113,9,8,69,22,2251274,5,No,Yes,Professional,Graduate,Branch,Mar,Other,No,11,0
03000785,33,596540,157,9,9,124,23,964049,6,Yes,No,Retired,Graduate,Phone,Mar,Single,No,10,0
03000786,49,1129064,109,12,4,78,15,1797962,1,Yes,Yes,Business,School,Branch,Jun,Other,No,4,0
03000787,29,391680,34,12,9,263,14,1933965,1,No,No,Service,Graduate,Email,Sep,Other,No,2,1
03000788,21,855530,154,5,0,282,14,1020293,4,Yes,No,Business,Postgraduate,Phone,Jan,Single,Yes,11,0
03000789,63,308865,146,2,10,233,21,375901,3,Yes,Yes,Service,Graduate,Phone,Jan,Single,No,6,1
03000790,26,655184,7,4,2,192,0,2331954,5,No,No,Professional,Graduate,Phone,Jan,Married,Yes,1,0
03000791,52,710244,178,11,4,494,1,726629,3,No,No,Retired,School,Branch,Jan,Married,No,9,0
03000792,39,1024219,11,5,4,238,24,1824084,0,Yes,No,Professional,Postgraduate,Branch,Mar,Married,No,10,1
03000793,24,548520,49,12,7,590,24,1562168,0,No,Yes,Professional,Graduate,Phone,Jun,Married,Yes,4,1
03000794,38,60442,109,3,0,56,7,1004754,8,No,No,Business,Graduate,Branch,Jan,Single,Yes,6,0
03000795,47,1052721,3,7,3,93,1,1169753,2,No,No,Professional,Postgraduate,Phone,Jan,Single,No,11,0
03000796,22,760279,19,1,9,223,15,1421160,5,Yes,Yes,Professional,School,Phone,Jun,Married,No,5,1
03000797,67,898112,9,2,4,559,24,541261,8,No,No,Service,Graduate,Email,Nov,Other,Yes,7,1
03000798,47,820271,110,10,7,484,17,1485498,1,No,Yes,Business,School,Branch,Jun,Other,No,7,1
03000799,22,802915,12,1,2,277,6,1288115,4,No,Yes,Service,School,Branch,Mar,Married,No,7,1
03000800,32,944545,176,9,2,517,12,883679,0,Yes,No,Professional,Graduate,Email,Mar,Married,No,1,0
03000801,66,820738,105,2,9,471,25,2642930,3,No,No,Service,Graduate,Email,Jan,Single,Yes,3,1
03000802,50,1109079,52,2,1,578,23,947536,1,No,No,Service,School,Branch,Mar,Married,Yes,6,1
03000803,49,92521,83,1,2,233,21,2334965,5,Yes,No,Retired,School,Branch,Jan,Married,Yes,10,1
03000804,67,1132906,136,8,0,275,21,2416153,5,No,Yes,Business,School,Phone,Nov,Single,No,6,0
03000805,21,1075418,27,9,9,389,0,708514,1,Yes,No,Service,Postgraduate,Email,Jan,Married,Yes,5,1
03000806,30,17449,10,4,3,319,0,2533240,3,Yes,Yes,Service,Graduate,Email,Jun,Other,Yes,7,0
03000807,24,140541,176,2,6,344,14,1993022,8,No,No,Retired,School,Branch,Jun,Married,No,1,1
03000808,56,679321,105,2,8,67,7,2180384,0,Yes,Yes,Business,Postgraduate,Email,Sep,Single,Yes,0,0
03000809,21,657414,148,11,7,181,3,2839973,6,No,No,Retired,Postgraduate,Branch,Jan,Other,Yes,12,0
03000810,63,739115,159,10,5,508,12,261479,6,No,Yes,Professional,Graduate,Email,Nov,Single,No,12,0
03000811,43,125646,16,4,8,446,14,866186,5,No,No,Professional,Graduate,Email,Nov,Married,No,1,1
03000812,33,505808,120,2,0,155,16,2272030,5,Yes,Yes,Business,Graduate,Email,Sep,Married,No,1,0
03000813,49,502937,156,3,6,369,17,2964252,0,Yes,Yes,Service,School,Branch,Jan,Single,Yes,1,0
03000814,55,591399,144,1,0,26,9,1019698,7,No,No,Retired,Postgraduate,Branch,Jan,Married,No,1,1
03000815,45,887140,50,9,0,581,25,1738404,2,No,Yes,Service,Postgraduate,Branch,Jan,Single,No,6,1
03000816,66,918494,35,2,5,372,11,1598388,7,No,Yes,Retired,School,Phone,Mar,Married,No,12,0
03000817,49,880980,90,1,5,624,25,1205793,6,No,No,Service,Graduate,Email,Jan,Other,No,3,1
03000818,58,432510,117,6,10,208,24,1395361,6,No,Yes,Service,Graduate,Branch,Sep,Single,No,12,1
03000819,62,1145002,76,4,5,449,4,1167133,8,Yes,No,Service,School,Phone,Jun,Other,No,10,1
03000820,47,1076367,91,6,9,27,1,2235038,5,No,No,Business,Postgraduate,Phone,Jun,Single,No,8,0
03000821,21,327042,46,5,0,635,15,760553,1,No,Yes,Business,Postgraduate,Email,Jan,Other,Yes,8,0
03000822,60,317557,125,12,6,429,21,2134585,0,Yes,No,Business,School,Branch,Nov,Married,No,10,0
03000823,26,829124,54,11,2,286,12,523268,6,No,Yes,Service,Graduate,Phone,Sep,Other,Yes,0,1
03000824,63,53067,83,6,2,360,25,508669,3,Yes,Yes,Retired,Postgraduate,Branch,Sep,Other,Yes,9,0
03000825,37,208655,22,7,9,217,21,534650,0,No,Yes,Professional,Postgraduate,Phone,Sep,Married,No,12,0
03000826,54,758135,79,4,1,239,19,1884334,4,Yes,No,Retired,School,Phone,Jun,Other,No,2,0
03000827,54,839059,113,6,8,591,19,660574,6,Yes,No,Professional,School,Phone,Nov,Single,Yes,10,1
03000828,53,696360,178,4,9,502,19,666917,3,Yes,No,Retired,Graduate,Branch,Nov,Other,Yes,3,0
03000829,53,684817,10,4,1,46,8,2156544,4,No,Yes,Business,School,Email,Nov,Married,Yes,9,0
03000830,59,859361,61,8,4,300,9,2450933,1,No,Yes,Business,School,Phone,Jan,Other,No,10,0
03000831,49,629631,102,4,2,432,10,2988449,5,No,No,Business,Postgraduate,Branch,Mar,Married,Yes,8,1
03000832,29,777710,109,2,9,357,6,314199,7,No,No,Retired,Postgraduate,Branch,Jun,Single,Yes,9,0
03000833,61,886288,112,9,3,329,7,618583,8,Yes,No,Service,School,Phone,Jan,Married,Yes,9,0
03000834,69,46086,135,1,1,107,16,2320451,6,Yes,Yes,Service,Postgraduate,Email,Sep,Other,Yes,12,0
03000835,44,502059,67,12,6,635,2,1459065,8,No,Yes,Professional,Postgraduate,Email,Sep,Single,Yes,7,1
03000836,49,128650,89,7,1,550,17,1628399,4,No,No,Professional,Graduate,Branch,Jan,Other,Yes,1,0
03000837,24,1066210,5,11,8,338,21,1766485,3,Yes,No,Retired,Graduate,Phone,Nov,Other,Yes,6,0
03000838,67,426310,83,3,0,236,10,1453879,3,Yes,Yes,Business,Postgraduate,Phone,Jun,Married,Yes,3,0
03000839,32,823443,168,2,5,114,24,2020375,2,Yes,Yes,Business,Postgraduate,Phone,Jan,Married,Yes,2,0
03000840,54,741874,130,3,1,339,6,2531480,1,Yes,Yes,Professional,School,Branch,Jan,Other,No,10,0
03000841,26,131021,150,1,3,113,10,706215,3,Yes,Yes,Business,School,Branch,Jun,Married,Yes,7,0
03000842,50,57483,73,8,9,61,25,1320875,6,No,No,Business,Postgraduate,Phone,Sep,Married,Yes,7,1
03000843,36,934568,29,10,6,147,15,711601,4,Yes,Yes,Retired,School,Email,Nov,Single,No,2,1
03000844,49,119909,95,8,2,208,4,314993,8,No,Yes,Service,Postgraduate,Branch,Jan,Single,Yes,10,0
03000845,63,1166960,171,11,6,159,9,283587,6,No,Yes,Retired,Graduate,Email,Nov,Other,No,1,1
03000846,65,482637,138,9,1,152,12,1770120,1,Yes,No,Retired,School,Branch,Jan,Single,No,8,1
03000847,36,758280,107,5,5,389,14,671362,6,No,No,Business,School,Branch,Jan,Married,Yes,6,1
03000848,23,392161,130,7,2,468,1,307154,2,No,Yes,Service,Graduate,Email,Nov,Married,No,3,1
03000849,32,334302,114,3,0,120,23,1863868,4,No,Yes,Service,School,Phone,Jan,Single,Yes,3,0
03000850,69,476284,92,6,7,148,4,1939059,3,Yes,Yes,Business,Graduate,Phone,Jun,Single,Yes,1,1
03000851,63,526893,10,4,8,454,15,1492222,1,Yes,No,Service,Postgraduate,Email,Sep,Married,Yes,4,1
03000852,27,301825,141,1,5,226,25,1529221,5,No,No,Business,Postgraduate,Branch,Mar,Other,Yes,10,1
03000853,33,455293,114,11,6,489,24,1305250,1,No,No,Professional,Postgraduate,Email,Nov,Married,Yes,11,1
03000854,50,871203,47,7,5,284,24,2066970,7,Yes,No,Business,School,Phone,Jun,Single,No,4,1
03000855,49,635453,38,11,0,621,17,506370,7,No,No,Business,Graduate,Branch,Mar,Married,No,9,1
03000856,62,813292,41,2,3,613,5,1229257,3,Yes,Yes,Retired,Postgraduate,Phone,Jan,Single,Yes,4,1
03000857,31,191799,26,8,7,79,12,361086,0,No,No,Business,Graduate,Branch,Jan,Married,Yes,9,1
03000858,67,590644,66,2,8,632,12,2996330,6,No,No,Business,Graduate,Branch,Jun,Other,Yes,0,0
03000859,61,693130,101,12,6,174,5,466763,3,Yes,No,Retired,Graduate,Branch,Jun,Single,No,7,0
03000860,51,603868,159,9,10,534,8,2526164,6,No,Yes,Retired,Graduate,Phone,Jun,Single,Yes,3,1
03000861,37,1196961,125,9,6,413,12,2604311,7,No,Yes,Retired,School,Phone,Jan,Married,Yes,3,1
03000862,27,1042413,36,10,9,169,7,1670980,0,Yes,No,Professional,School,Phone,Nov,Married,Yes,12,0
03000863,40,885425,174,10,0,43,24,1633564,6,No,Yes,Retired,School,Phone,Mar,Other,Yes,0,0
03000864,33,834412,148,8,6,298,2,1501368,1,No,Yes,Professional,School,Email,Jan,Other,Yes,1,1
03000865,31,56934,72,5,3,256,7,1636354,7,No,No,Professional,Postgraduate,Phone,Jun,Single,No,10,1
03000866,43,979596,35,8,2,638,16,1878001,1,No,Yes,Service,School,Email,Sep,Married,Yes,12,1
03000867,58,1198802,118,12,5,430,16,887389,8,No,Yes,Professional,Graduate,Branch,Sep,Other,No,11,1
03000868,66,496544,79,6,4,609,15,1909781,2,Yes,Yes,Business,School,Phone,Mar,Other,No,12,1
03000869,66,959559,147,7,7,280,18,2289277,8,No,No,Retired,Postgraduate,Branch,Sep,Married,No,2,1
03000870,68,669482,29,10,9,96,23,1660650,7,No,Yes,Service,School,Branch,Jun,Other,Yes,1,1
03000871,50,515943,76,4,9,139,9,1224353,3,Yes,Yes,Service,Graduate,Email,Nov,Single,No,8,0
03000872,58,81275,106,8,3,179,7,2358438,0,Yes,No,Retired,Graduate,Phone,Nov,Single,Yes,4,0
03000873,66,922177,73,1,1,521,17,1733005,2,No,Yes,Business,Graduate,Branch,Jun,Single,No,11,1
03000874,57,173762,53,12,5,353,16,1860521,3,No,Yes,Business,School,Email,Jun,Other,Yes,1,0
03000875,55,750324,120,3,1,245,25,1975899,4,Yes,No,Retired,Graduate,Branch,Mar,Married,No,8,1
03000876,66,339310,125,6,9,300,8,2972517,6,No,No,Professional,School,Branch,Mar,Other,No,8,0
03000877,61,780333,161,2,1,467,23,2155901,3,Yes,No,Retired,Postgraduate,Phone,Jun,Single,No,1,0
03000878,37,906487,177,1,7,361,15,600889,5,No,No,Professional,Graduate,Phone,Nov,Other,No,5,1
03000879,65,762270,97,11,8,193,14,1424476,1,Yes,No,Retired,School,Email,Mar,Single,Yes,5,0
03000880,51,656648,154,2,2,510,13,600071,7,No,No,Business,School,Phone,Jun,Single,Yes,5,0
03000881,35,777458,94,3,10,464,13,2493420,7,No,Yes,Business,Graduate,Branch,Nov,Single,No,3,0
03000882,34,442450,137,8,0,105,18,446240,6,Yes,No,Business,Graduate,Email,Mar,Other,Yes,2,0
03000883,65,163653,97,12,5,172,14,1173862,6,No,No,Professional,Graduate,Email,Mar,Other,Yes,6,0
03000884,48,841193,55,4,8,209,13,440359,3,No,No,Professional,Graduate,Branch,Jun,Single,Yes,1,1
03000885,32,36906,111,12,6,474,24,753176,8,No,Yes,Business,School,Phone,Mar,Married,No,12,0
03000886,63,1051196,157,1,7,342,9,1770654,7,No,Yes,Professional,School,Email,Sep,Other,No,11,0
03000887,36,1101772,101,1,9,396,16,1850018,2,No,No,Retired,School,Branch,Mar,Single,No,1,1
03000888,30,574783,117,12,9,496,1,1358278,2,Yes,Yes,Service,Graduate,Email,Jan,Other,Yes,9,1
03000889,58,1061273,37,12,3,622,12,2788296,6,Yes,No,Professional,Graduate,Phone,Nov,Married,Yes,4,1
03000890,45,577820,6,5,3,604,25,2391572,2,Yes,Yes,Business,Postgraduate,Branch,Jun,Other,No,9,0
03000891,33,831372,149,5,2,128,9,1929340,5,Yes,Yes,Business,Graduate,Phone,Jan,Other,No,0,1
03000892,63,11210,84,11,5,608,12,2095194,3,No,No,Professional,Graduate,Email,Sep,Other,No,8,1
03000893,46,742033,95,12,10,361,13,614378,2,No,No,Retired,Postgraduate,Phone,Sep,Other,No,4,1
03000894,26,15337,65,10,0,136,13,1278284,6,Yes,No,Retired,Graduate,Phone,Mar,Married,Yes,12,0
03000895,40,667403,89,4,4,67,4,2540685,2,No,No,Professional,Graduate,Phone,Nov,Married,Yes,4,0
03000896,30,180228,137,2,0,285,0,608902,5,No,Yes,Business,Postgraduate,Branch,Jun,Other,Yes,2,0
03000897,41,1090663,166,11,3,502,12,1640319,1,No,No,Service,Postgraduate,Branch,Jan,Other,No,7,0
03000898,52,595175,156,3,5,488,1,1285088,7,Yes,No,Business,School,Phone,Jan,Married,No,3,1
03000899,25,1012948,78,10,3,215,5,2658998,1,Yes,No,Professional,Graduate,Phone,Mar,Other,Yes,8,1
03000900,49,165374,92,12,5,245,3,2856599,6,Yes,Yes,Business,School,Branch,Sep,Other,No,8,1
03000901,45,838705,165,8,2,573,24,1296909,6,Yes,No,Service,Postgraduate,Branch,Mar,Other,Yes,11,1
03000902,46,260745,68,6,3,346,6,887355,1,Yes,Yes,Professional,School,Email,Jan,Other,Yes,5,0
03000903,26,1036232,38,4,3,118,7,616163,2,Yes,Yes,Service,Graduate,Branch,Sep,Single,No,3,1
03000904,41,875353,4,7,5,68,11,998652,1,Yes,Yes,Retired,Graduate,Email,Sep,Married,Yes,4,1
03000905,46,1047068,115,7,9,329,0,1108469,0,No,No,Service,School,Branch,Jan,Married,No,8,1
03000906,34,871031,36,6,2,452,18,516411,6,No,No,Service,Postgraduate,Email,Nov,Single,Yes,0,0
03000907,53,1077450,174,11,8,460,10,1324547,2,No,No,Retired,School,Phone,Jan,Other,No,10,1
03000908,36,729425,125,8,4,254,8,1875680,4,Yes,No,Retired,Postgraduate,Branch,Sep,Single,No,0,0
03000909,47,736680,16,3,5,544,18,1832248,3,No,No,Professional,Graduate,Email,Mar,Married,Yes,11,1
03000910,28,531292,85,3,1,382,23,2996359,0,Yes,No,Professional,School,Branch,Nov,Married,Yes,12,0
03000911,33,740799,158,4,4,27,17,2431928,2,Yes,Yes,Professional,School,Email,Nov,Single,No,6,0
03000912,44,92183,46,4,10,566,7,1789424,8,Yes,No,Retired,School,Phone,Nov,Single,Yes,11,1
03000913,67,154749,168,2,3,414,24,2184006,1,Yes,No,Retired,Postgraduate,Email,Nov,Other,Yes,1,1
03000914,45,800904,16,9,0,305,9,2996956,4,Yes,Yes,Professional,Graduate,Phone,Nov,Married,Yes,7,0
03000915,32,517331,80,10,4,568,21,2864725,1,Yes,Yes,Service,School,Branch,Nov,Single,Yes,3,1
03000916,55,249244,55,9,5,363,3,1226717,0,No,No,Service,Postgraduate,Phone,Nov,Married,No,2,0
03000917,21,1090727,62,1,7,606,13,1051027,0,Yes,No,Business,School,Email,Sep,Single,Yes,2,1
03000918,33,100587,109,5,6,46,20,2245324,2,No,No,Business,Graduate,Branch,Jan,Other,No,0,0
03000919,28,484992,159,5,8,557,0,343504,5,No,No,Professional,Graduate,Email,Jan,Married,No,7,0
03000920,24,455517,60,9,10,145,23,922180,5,Yes,Yes,Retired,School,Phone,Sep,Single,No,0,0
03000921,68,902354,44,5,1,333,19,2011505,1,Yes,No,Retired,School,Email,Sep,Married,Yes,9,1
03000922,33,927984,130,8,10,552,22,2740554,4,No,No,Service,Graduate,Branch,Mar,Married,Yes,1,1
03000923,64,124182,151,3,8,425,14,369918,5,Yes,Yes,Service,Postgraduate,Phone,Jun,Single,Yes,12,1
03000924,63,1029884,84,12,7,525,9,1104504,5,No,Yes,Business,Graduate,Branch,Sep,Single,Yes,2,1
03000925,25,955828,65,6,5,622,11,286329,5,Yes,Yes,Business,School,Phone,Sep,Other,Yes,9,1
03000926,55,941656,119,12,4,611,20,2426013,5,No,No,Retired,Postgraduate,Email,Jan,Single,No,4,0
03000927,52,978544,112,3,7,540,19,1033636,2,No,Yes,Professional,Postgraduate,Phone,Sep,Married,Yes,5,1
03000928,51,548204,170,11,8,108,22,309689,8,No,Yes,Business,Postgraduate,Branch,Jan,Single,Yes,11,0
03000929,31,763343,116,6,5,148,12,783129,2,No,No,Business,School,Email,Nov,Married,No,1,0
03000930,61,7944,143,11,7,81,4,1921694,4,No,Yes,Professional,Postgraduate,Email,Nov,Married,Yes,2,0
03000931,48,442006,94,6,3,572,17,2546624,8,No,Yes,Service,Postgraduate,Phone,Jun,Married,Yes,0,1
03000932,40,265972,81,10,8,335,22,1928482,1,Yes,Yes,Retired,Postgraduate,Email,Jan,Single,Yes,5,1
03000933,53,508776,102,3,9,176,5,1217632,2,No,No,Retired,School,Phone,Jan,Single,No,11,1
03000934,60,858335,142,1,5,166,7,2070057,6,No,No,Retired,School,Email,Jan,Single,No,7,1
03000935,57,690404,39,2,2,481,2,2071938,3,Yes,No,Professional,Graduate,Phone,Sep,Other,No,11,0
03000936,28,992389,40,4,0,216,19,1903266,8,Yes,No,Service,Postgraduate,Branch,Sep,Married,No,9,1
03000937,63,943966,109,6,4,66,18,714048,8,No,No,Business,School,Email,Sep,Other,No,9,1
03000938,61,27186,156,12,5,267,0,851870,1,No,Yes,Service,Postgraduate,Email,Sep,Married,Yes,1,1
03000939,23,1110555,170,4,3,136,8,1596177,3,Yes,No,Professional,School,Branch,Jan,Single,Yes,10,0
03000940,54,1116036,8,3,0,648,25,2866738,7,Yes,No,Service,Graduate,Phone,Sep,Married,No,1,1
03000941,65,394424,107,10,7,409,6,460382,6,Yes,No,Professional,Graduate,Phone,Nov,Single,No,8,0
03000942,63,650998,67,5,4,581,1,1562553,8,No,Yes,Business,Graduate,Phone,Sep,Married,Yes,6,1
03000943,54,65540,98,11,1,612,9,1619882,7,Yes,No,Service,Graduate,Branch,Sep,Single,Yes,7,0
03000944,68,644492,54,6,6,214,18,1302705,3,Yes,No,Retired,Postgraduate,Branch,Nov,Married,No,10,0
03000945,22,45054,177,8,10,153,3,2037071,3,No,No,Business,School,Branch,Mar,Married,No,3,0
03000946,59,464396,150,5,0,49,3,1391393,7,Yes,Yes,Professional,Postgraduate,Branch,Mar,Single,No,10,0
03000947,34,748989,63,5,0,468,24,2676434,8,Yes,Yes,Business,Graduate,Phone,Nov,Other,No,0,0
03000948,55,20010,120,2,0,502,1,800067,8,No,Yes,Retired,School,Email,Jun,Other,No,10,0
03000949,37,916657,28,1,1,300,2,845102,0,Yes,Yes,Business,Graduate,Branch,Sep,Other,Yes,11,0
03000950,69,756624,58,6,2,478,23,1425984,0,Yes,No,Service,Postgraduate,Email,Nov,Single,Yes,6,1
03000951,47,530399,135,8,6,48,0,2728011,6,Yes,No,Retired,Postgraduate,Email,Mar,Single,Yes,5,0
03000952,21,794476,68,5,7,512,19,1055362,7,No,Yes,Business,Graduate,Email,Nov,Single,Yes,8,1
03000953,54,70034,104,10,5,328,16,1746858,0,No,No,Professional,Postgraduate,Phone,Jun,Married,No,1,0
03000954,51,892982,23,11,0,383,6,687197,8,No,Yes,Retired,Graduate,Phone,Jan,Other,No,1,0
03000955,29,754656,38,10,7,392,0,2177093,4,No,No,Professional,Postgraduate,Phone,Nov,Other,Yes,7,1
03000956,44,552982,144,7,3,529,14,670929,6,Yes,No,Professional,Graduate,Phone,Jan,Married,No,2,1
03000957,59,953073,109,11,9,310,5,2889138,8,Yes,Yes,Business,Postgraduate,Phone,Jun,Married,Yes,12,1
03000958,28,273672,179,2,2,384,0,592763,7,Yes,Yes,Retired,Postgraduate,Phone,Sep,Married,Yes,9,0
03000959,57,512291,134,11,10,606,17,1780118,7,Yes,Yes,Service,School,Branch,Jan,Married,No,10,1
03000960,41,1035078,24,1,6,338,17,1282531,7,Yes,No,Retired,School,Email,Sep,Single,Yes,7,1
03000961,42,213065,74,11,3,352,10,574760,4,Yes,No,Professional,Postgraduate,Branch,Jun,Married,No,1,1
03000962,33,16297,91,10,5,171,1,1583065,3,No,Yes,Service,School,Email,Mar,Single,No,8,1
03000963,28,44787,150,1,8,444,5,1619593,6,No,No,Professional,Postgraduate,Branch,Mar,Single,Yes,4,1
03000964,44,869056,21,2,3,526,10,2094436,5,Yes,No,Service,Graduate,Email,Nov,Married,No,6,0
03000965,49,615003,171,4,2,317,3,1942777,5,Yes,Yes,Business,Postgraduate,Email,Sep,Married,No,1,0
03000966,50,682816,122,12,5,601,7,316797,4,Yes,No,Service,Postgraduate,Email,Jun,Other,Yes,7,1
03000967,23,510471,9,11,7,153,6,1588401,6,No,No,Business,Postgraduate,Phone,Jan,Other,No,8,1
03000968,31,976905,47,11,8,251,10,279892,3,Yes,No,Service,Postgraduate,Phone,Jan,Married,No,1,1
03000969,39,1129242,31,1,3,220,2,2966571,0,Yes,No,Professional,Postgraduate,Branch,Mar,Other,Yes,1,1
03000970,69,1027737,104,1,5,533,19,1372542,4,Yes,Yes,Service,Postgraduate,Phone,Mar,Other,No,1,1
03000971,62,1038332,102,6,1,632,2,661559,7,Yes,No,Service,Graduate,Phone,Jun,Other,Yes,2,1
03000972,53,1175512,75,3,1,467,3,2912705,2,No,Yes,Service,School,Branch,Mar,Other,No,2,0
03000973,49,422563,72,11,3,505,6,2376893,7,Yes,Yes,Service,Postgraduate,Phone,Jan,Married,No,2,0
03000974,62,1157942,47,2,4,151,1,2826980,2,No,Yes,Business,Graduate,Email,Jan,Other,No,8,1
03000975,65,371553,60,4,8,258,1,2719260,0,No,No,Retired,Postgraduate,Email,Mar,Other,Yes,9,0
03000976,24,307643,165,9,9,337,24,2443621,4,No,Yes,Service,School,Phone,Mar,Other,No,1,1
03000977,47,543670,4,9,10,423,6,2771990,5,Yes,Yes,Retired,Graduate,Phone,Mar,Single,Yes,8,1
03000978,22,208327,30,8,0,271,2,1705399,2,Yes,Yes,Retired,Graduate,Branch,Nov,Single,Yes,5,0
03000979,51,1064771,63,9,4,530,5,2948649,0,Yes,No,Retired,School,Email,Sep,Other,No,1,1
03000980,53,369812,180,8,1,310,16,1810071,1,No,No,Business,Postgraduate,Phone,Mar,Married,Yes,8,0
03000981,48,192908,108,6,10,72,1,489472,4,Yes,No,Retired,School,Email,Jun,Single,Yes,0,0
03000982,30,85712,159,5,10,406,0,1647558,4,Yes,Yes,Service,Graduate,Branch,Sep,Single,Yes,2,0
03000983,27,577544,54,10,9,236,14,940736,8,Yes,Yes,Service,School,Phone,Nov,Single,No,6,1
03000984,54,295536,65,2,6,134,13,2510497,0,No,Yes,Retired,Graduate,Phone,Jun,Single,Yes,0,0
03000985,27,417816,144,3,5,226,3,2401044,8,Yes,No,Business,Postgraduate,Branch,Nov,Single,Yes,6,0
03000986,39,427365,32,2,4,510,23,2511797,0,Yes,No,Professional,Graduate,Email,Jan,Single,Yes,11,1
03000987,61,80621,167,9,5,356,11,2859982,7,No,Yes,Retired,Postgraduate,Phone,Sep,Single,No,2,0
03000988,38,199484,58,2,10,289,16,404007,7,Yes,Yes,Professional,Postgraduate,Phone,Mar,Single,No,7,1
03000989,30,15962,22,2,7,300,10,1387822,2,Yes,No,Business,Postgraduate,Branch,Jun,Married,Yes,4,0
03000990,64,963456,91,8,0,231,6,2534267,1,No,Yes,Service,Postgraduate,Branch,Sep,Other,Yes,6,0
03000991,27,954537,66,5,9,541,9,2650712,2,Yes,No,Service,School,Email,Jan,Single,No,11,1
03000992,33,803841,115,9,5,249,14,1154670,1,Yes,Yes,Retired,School,Branch,Sep,Other,Yes,7,1
03000993,44,874535,160,12,0,295,19,2979381,6,Yes,No,Business,Postgraduate,Branch,Mar,Other,Yes,10,1
03000994,66,811323,68,12,2,449,4,2814227,5,No,No,Retired,School,Email,Sep,Other,Yes,7,0
03000995,42,857312,163,11,10,452,20,2273963,5,Yes,No,Business,Graduate,Phone,Sep,Other,Yes,11,1
03000996,66,597631,43,9,1,287,18,1351666,4,No,Yes,Retired,Postgraduate,Phone,Jun,Married,No,3,0
03000997,34,835244,180,10,0,348,12,847044,4,No,Yes,Service,School,Phone,Nov,Other,Yes,0,0
03000998,61,518103,124,11,8,272,2,2708360,0,Yes,No,Professional,Graduate,Branch,Mar,Married,No,0,1
03000999,38,632641,109,12,7,443,24,2869154,8,No,Yes,Service,Postgraduate,Phone,Jan,Other,No,8,1
03001000,58,469152,20,1,10,163,22,2172294,2,Yes,No,Retired,School,Phone,Nov,Other,No,10,0
