customer_id,age,tenure_months,average_balance_inr,products_held,monthly_transactions,complaints_6m,mobile_logins_30d,fee_charges_6m,days_since_last_login,salary_credit,has_credit_card,account_type,service_rating,branch_region,preferred_channel,relationship_tier,missed_calls_3m,autopay_enabled,churned
04000001,67,46,63,6,79,3,18,10,115,Yes,Yes,Current,2,Rural,Phone,Gold,9,No,0
04000002,41,28,39,2,52,8,0,5,108,No,No,Savings,4,Metro,App,Standard,10,No,0
04000003,43,23,62,5,56,4,45,3,111,Yes,Yes,Current,2,Rural,Phone,Standard,3,No,1
04000004,38,54,59,5,41,8,13,1,74,Yes,Yes,Salary,1,Rural,Phone,Gold,2,Yes,0
04000005,63,84,27,4,40,7,5,9,119,Yes,No,Salary,5,Urban,Branch,Platinum,0,No,1
04000006,23,68,29,2,65,7,30,4,21,No,No,Savings,1,Rural,App,Platinum,4,No,0
04000007,42,65,59,6,10,0,50,7,101,No,Yes,Salary,3,Urban,Phone,Gold,10,No,0
04000008,56,19,43,1,53,0,3,7,110,No,No,Current,3,Rural,Phone,Standard,0,Yes,0
04000009,66,4,53,6,7,4,38,2,149,Yes,No,Current,2,Metro,App,Gold,7,Yes,0
04000010,40,71,23,1,28,1,31,10,77,Yes,No,Salary,4,Urban,Phone,Gold,1,No,0
04000011,50,81,36,2,43,5,31,3,114,Yes,No,Salary,4,Rural,Phone,Platinum,10,Yes,1
04000012,24,14,25,4,9,7,54,1,116,Yes,Yes,Savings,3,Rural,Phone,Gold,6,Yes,1
04000013,58,60,58,1,45,2,0,6,93,Yes,No,Current,2,Metro,App,Platinum,5,No,0
04000014,39,9,51,4,59,8,1,10,64,No,Yes,Current,5,Metro,Phone,Platinum,10,Yes,1
04000015,58,16,66,3,14,8,17,1,89,Yes,Yes,Current,4,Rural,Branch,Platinum,2,Yes,1
04000016,30,59,29,1,28,5,10,6,125,Yes,Yes,Salary,5,Urban,App,Platinum,9,Yes,1
04000017,22,42,40,3,41,1,2,9,14,Yes,No,Salary,2,Urban,Branch,Standard,0,Yes,0
04000018,58,33,30,2,29,7,13,3,29,Yes,No,Salary,2,Metro,Branch,Standard,8,No,0
04000019,60,26,55,2,66,8,25,5,109,No,No,Salary,1,Rural,Phone,Gold,2,Yes,0
04000020,55,14,50,6,35,3,16,5,147,No,Yes,Salary,5,Rural,Branch,Standard,7,No,1
04000021,60,66,44,1,43,0,3,8,139,Yes,Yes,Current,5,Rural,Phone,Platinum,5,Yes,0
04000022,34,24,41,1,73,6,27,9,40,Yes,No,Current,4,Rural,Phone,Platinum,6,Yes,1
04000023,38,17,53,2,36,0,5,1,146,Yes,Yes,Current,5,Metro,Branch,Platinum,8,Yes,1
04000024,56,66,31,6,28,8,42,1,125,No,No,Savings,5,Metro,Phone,Standard,9,No,1
04000025,62,40,54,5,65,4,31,9,115,Yes,No,Savings,2,Rural,Branch,Gold,8,No,1
04000026,63,53,27,4,81,2,44,3,67,Yes,Yes,Current,5,Urban,App,Platinum,8,No,1
04000027,46,14,49,1,52,7,32,2,54,No,Yes,Salary,2,Metro,Branch,Platinum,8,Yes,0
04000028,47,3,61,2,54,7,15,6,174,Yes,No,Savings,4,Metro,Phone,Gold,5,No,1
04000029,28,50,37,1,70,8,2,4,180,No,Yes,Current,4,Metro,Phone,Standard,1,No,1
04000030,32,79,39,5,31,6,44,2,143,No,Yes,Current,1,Rural,App,Platinum,6,Yes,1
04000031,31,57,62,3,17,1,5,0,58,Yes,Yes,Current,5,Urban,Phone,Standard,2,No,0
04000032,28,52,34,5,32,6,16,9,120,Yes,Yes,Salary,5,Rural,Branch,Gold,2,No,1
04000033,25,5,34,3,68,8,1,4,125,No,No,Salary,4,Metro,Phone,Platinum,2,No,0
04000034,44,49,49,4,37,6,16,4,96,No,Yes,Savings,2,Urban,Phone,Platinum,7,Yes,0
04000035,24,39,24,6,83,6,23,0,104,Yes,No,Current,5,Urban,Branch,Standard,9,No,1
04000036,38,79,40,5,18,0,1,1,154,Yes,No,Savings,1,Urban,App,Platinum,2,No,1
04000037,27,32,45,5,65,6,15,4,147,No,Yes,Current,5,Urban,Phone,Gold,6,Yes,0
04000038,26,68,54,2,81,4,26,7,129,Yes,No,Savings,3,Rural,Branch,Gold,9,No,0
04000039,45,34,22,6,15,7,40,5,148,No,No,Savings,4,Rural,Branch,Platinum,3,Yes,1
04000040,57,57,66,1,9,1,0,7,29,Yes,No,Current,5,Metro,Phone,Gold,9,No,0
04000041,42,42,43,3,59,6,24,6,18,No,No,Salary,4,Rural,Branch,Standard,0,Yes,0
04000042,29,8,56,3,3,1,47,2,144,Yes,Yes,Current,3,Metro,Phone,Gold,6,No,1
04000043,55,6,21,2,48,8,49,0,16,Yes,No,Savings,3,Metro,Branch,Gold,2,No,0
04000044,34,23,63,2,43,3,49,10,29,No,No,Savings,5,Metro,Branch,Gold,3,Yes,1
04000045,21,49,31,1,61,2,39,7,132,No,Yes,Salary,5,Rural,Phone,Gold,5,No,1
04000046,52,51,23,1,61,6,33,5,108,Yes,No,Current,3,Rural,App,Gold,5,Yes,1
04000047,59,29,38,6,61,3,13,3,179,Yes,No,Salary,3,Urban,Phone,Gold,0,No,0
04000048,46,22,47,3,81,6,2,7,155,No,Yes,Savings,3,Rural,App,Gold,5,Yes,1
04000049,67,10,21,5,74,8,27,7,20,No,Yes,Current,2,Metro,Branch,Platinum,1,No,1
04000050,67,70,45,4,67,8,51,3,157,No,Yes,Salary,3,Rural,Phone,Standard,9,Yes,0
04000051,65,68,63,2,34,1,38,1,40,Yes,No,Savings,5,Rural,App,Platinum,0,Yes,1
04000052,67,28,36,5,82,0,38,5,20,No,No,Savings,2,Rural,Phone,Gold,8,No,0
04000053,64,28,39,3,70,7,29,5,165,No,Yes,Savings,3,Metro,Phone,Platinum,0,No,0
04000054,38,10,41,1,78,5,48,8,122,Yes,No,Salary,1,Metro,Phone,Standard,7,Yes,1
04000055,66,6,32,3,5,1,36,8,88,Yes,Yes,Current,5,Urban,Branch,Standard,8,Yes,0
04000056,21,57,54,2,63,4,16,10,109,Yes,No,Salary,4,Metro,Phone,Platinum,1,No,0
04000057,42,14,62,1,77,2,50,5,101,Yes,No,Savings,1,Urban,App,Standard,9,Yes,0
04000058,26,21,24,1,5,6,38,4,173,Yes,Yes,Salary,1,Rural,Phone,Gold,6,Yes,1
04000059,61,28,37,3,19,1,36,9,94,No,Yes,Salary,2,Metro,Branch,Platinum,0,No,0
04000060,24,13,54,1,70,7,51,1,27,Yes,No,Current,5,Rural,App,Platinum,7,No,0
04000061,36,22,36,4,45,1,32,7,35,No,Yes,Savings,5,Urban,Phone,Gold,9,No,0
04000062,30,20,31,4,63,4,13,3,54,Yes,No,Current,1,Metro,Branch,Gold,4,No,0
04000063,40,5,51,2,22,2,36,10,84,No,Yes,Savings,4,Urban,Phone,Standard,7,No,0
04000064,56,69,67,4,15,5,55,0,162,No,Yes,Current,1,Rural,Branch,Gold,10,Yes,0
04000065,49,14,61,1,41,5,29,4,102,No,Yes,Savings,2,Urban,App,Standard,8,No,0
04000066,37,62,61,2,10,3,17,5,97,Yes,No,Current,1,Rural,Branch,Gold,6,Yes,0
04000067,44,0,21,2,35,6,11,0,38,Yes,Yes,Current,1,Urban,App,Gold,9,Yes,0
04000068,40,76,22,1,8,5,36,5,171,Yes,Yes,Savings,1,Urban,App,Standard,4,No,1
04000069,28,4,29,6,75,3,33,9,28,Yes,No,Current,5,Rural,App,Standard,10,No,1
04000070,50,80,54,1,42,3,28,5,21,Yes,Yes,Savings,4,Urban,Phone,Platinum,5,No,0
04000071,64,62,57,1,34,8,44,5,172,Yes,Yes,Current,2,Rural,App,Gold,0,Yes,1
04000072,45,20,40,1,69,3,21,7,110,Yes,Yes,Savings,2,Rural,Branch,Platinum,1,Yes,1
04000073,48,83,30,2,9,7,1,0,59,Yes,No,Savings,2,Metro,Phone,Gold,6,Yes,0
04000074,60,77,55,3,71,1,50,7,53,No,Yes,Salary,2,Rural,Branch,Gold,10,Yes,1
04000075,54,42,51,1,29,4,22,2,125,Yes,Yes,Savings,4,Rural,Phone,Platinum,0,No,0
04000076,66,19,39,2,21,4,12,5,155,Yes,No,Salary,2,Urban,Branch,Platinum,10,Yes,1
04000077,54,80,60,6,57,6,40,4,118,Yes,Yes,Salary,4,Rural,App,Platinum,2,No,0
04000078,41,73,21,1,13,8,23,1,4,Yes,Yes,Current,1,Metro,Branch,Standard,9,No,0
04000079,37,68,59,6,9,2,40,5,175,Yes,No,Savings,2,Rural,Phone,Platinum,8,No,1
04000080,28,18,48,5,80,7,24,1,42,Yes,Yes,Salary,3,Rural,Branch,Gold,4,No,1
04000081,27,9,50,5,5,7,47,7,15,No,No,Current,2,Metro,Phone,Gold,8,Yes,1
04000082,38,12,30,4,55,4,24,0,59,Yes,No,Current,3,Urban,Phone,Gold,2,No,1
04000083,42,56,45,2,79,1,3,10,10,No,No,Salary,4,Metro,App,Standard,1,No,0
04000084,55,18,42,4,37,4,2,0,78,Yes,Yes,Salary,3,Metro,App,Gold,10,No,1
04000085,31,22,50,3,39,7,0,0,9,No,No,Salary,1,Metro,App,Standard,0,Yes,0
04000086,60,12,21,3,43,2,55,7,123,Yes,No,Current,5,Urban,Branch,Gold,9,No,1
04000087,61,13,23,2,3,2,36,5,77,No,No,Current,2,Rural,App,Gold,4,No,1
04000088,45,81,35,2,54,3,43,7,176,Yes,No,Salary,2,Metro,App,Gold,5,No,0
04000089,41,37,47,2,1,8,49,3,56,Yes,No,Current,2,Rural,App,Platinum,2,Yes,1
04000090,46,79,38,3,5,1,24,10,91,No,No,Savings,3,Rural,Branch,Gold,10,No,1
04000091,29,8,61,4,39,6,48,7,173,Yes,No,Salary,5,Rural,Branch,Gold,1,Yes,1
04000092,45,33,29,5,52,4,7,1,148,Yes,No,Current,2,Rural,Phone,Standard,5,Yes,1
04000093,30,43,65,4,21,4,9,2,46,No,Yes,Current,3,Urban,Phone,Standard,6,No,1
04000094,44,7,60,1,22,2,50,10,124,No,No,Current,1,Rural,App,Platinum,0,Yes,0
04000095,45,79,63,4,65,5,25,2,58,No,No,Salary,1,Rural,Branch,Standard,3,Yes,0
04000096,43,32,44,6,66,0,35,7,78,Yes,No,Current,3,Urban,Phone,Platinum,8,No,0
04000097,30,22,46,4,26,8,48,8,10,No,Yes,Salary,5,Urban,App,Platinum,6,No,1
04000098,59,10,68,4,61,7,4,6,141,Yes,No,Salary,3,Urban,Branch,Platinum,6,No,0
04000099,37,22,68,5,76,3,48,9,93,Yes,No,Savings,1,Metro,App,Gold,10,Yes,1
04000100,47,6,50,1,21,6,2,6,122,Yes,No,Salary,3,Metro,Branch,Platinum,10,Yes,1
04000101,25,40,23,4,0,8,45,2,142,Yes,Yes,Current,2,Metro,Branch,Gold,9,No,1
04000102,31,57,25,5,80,4,38,8,0,No,Yes,Salary,4,Metro,Branch,Gold,8,No,1
04000103,29,26,63,1,11,6,51,8,5,Yes,No,Savings,1,Urban,Branch,Gold,4,No,1
04000104,42,1,26,4,20,0,9,9,73,Yes,No,Savings,5,Rural,App,Gold,10,Yes,1
04000105,41,11,51,2,68,5,30,7,133,No,Yes,Salary,2,Metro,Branch,Standard,1,No,1
04000106,21,58,64,6,13,4,40,9,32,Yes,No,Savings,3,Metro,Phone,Standard,7,No,0
04000107,27,76,68,2,12,8,44,5,17,No,No,Current,2,Urban,App,Gold,5,No,0
04000108,59,14,31,3,12,5,24,6,170,No,No,Salary,4,Urban,App,Platinum,7,Yes,1
04000109,66,25,46,5,9,6,36,6,66,Yes,No,Salary,2,Metro,App,Platinum,3,Yes,0
04000110,37,28,42,5,68,3,44,8,177,No,Yes,Current,3,Rural,Branch,Gold,8,Yes,1
04000111,21,50,51,6,64,6,54,2,87,No,Yes,Salary,4,Rural,Branch,Platinum,9,No,0
04000112,62,8,67,2,84,3,47,3,84,No,No,Savings,1,Urban,Branch,Standard,2,No,0
04000113,67,9,65,4,35,4,17,2,157,Yes,No,Salary,5,Rural,App,Gold,8,Yes,0
04000114,28,14,36,3,84,3,55,10,50,No,No,Salary,1,Urban,Phone,Gold,7,No,1
04000115,36,17,44,5,28,1,4,7,54,No,Yes,Savings,3,Metro,Branch,Gold,9,No,0
04000116,42,66,33,1,62,3,33,3,155,Yes,No,Current,3,Urban,Phone,Standard,7,No,0
04000117,21,30,37,6,61,0,44,9,69,Yes,No,Savings,1,Urban,App,Standard,8,No,1
04000118,45,63,65,1,55,7,24,7,14,Yes,Yes,Current,5,Urban,App,Standard,6,No,0
04000119,47,58,23,5,14,1,34,2,59,Yes,Yes,Salary,2,Rural,Branch,Platinum,3,No,0
04000120,32,30,66,1,21,6,7,1,126,Yes,Yes,Current,1,Rural,Phone,Platinum,2,No,0
04000121,48,75,57,6,74,1,25,2,111,Yes,No,Savings,2,Metro,Branch,Platinum,2,No,1
04000122,24,19,49,1,9,6,50,3,11,Yes,No,Savings,1,Metro,App,Gold,2,No,0
04000123,52,3,67,2,78,5,54,2,141,No,No,Salary,1,Metro,App,Standard,10,No,1
04000124,43,16,26,4,33,3,16,5,89,No,No,Salary,1,Rural,Phone,Gold,2,Yes,1
04000125,69,63,46,5,17,7,37,8,115,Yes,Yes,Salary,2,Metro,Branch,Platinum,6,Yes,0
04000126,52,34,41,2,28,4,3,0,2,Yes,No,Current,3,Rural,Branch,Standard,3,Yes,0
04000127,56,67,25,3,47,0,22,9,99,Yes,Yes,Current,3,Metro,Phone,Standard,3,Yes,0
04000128,22,47,58,5,5,4,6,0,50,Yes,No,Current,3,Rural,Branch,Platinum,3,Yes,1
04000129,62,77,47,6,25,8,47,9,138,No,No,Savings,2,Metro,Branch,Platinum,9,Yes,1
04000130,55,55,54,5,46,6,38,0,71,Yes,No,Current,2,Metro,Branch,Standard,2,Yes,0
04000131,28,36,49,5,12,8,23,7,110,No,No,Savings,2,Rural,App,Gold,0,No,1
04000132,32,82,50,1,80,7,14,6,176,Yes,No,Salary,3,Metro,App,Platinum,9,Yes,1
04000133,60,19,62,5,42,4,32,6,64,Yes,No,Savings,5,Metro,Branch,Standard,1,No,0
04000134,55,63,30,3,43,0,13,2,1,No,Yes,Salary,1,Rural,Phone,Standard,1,No,0
04000135,33,53,59,4,84,2,48,6,65,Yes,No,Savings,5,Urban,Branch,Gold,8,No,0
04000136,61,20,63,3,12,2,34,3,144,Yes,No,Salary,1,Rural,Branch,Gold,9,No,1
04000137,29,81,40,1,43,1,3,3,59,Yes,Yes,Current,5,Urban,Branch,Platinum,10,No,0
04000138,23,26,24,5,47,6,35,5,125,No,Yes,Salary,1,Metro,Phone,Standard,6,No,1
04000139,34,67,27,4,81,0,41,3,55,Yes,Yes,Salary,2,Urban,Branch,Platinum,6,No,0
04000140,47,80,42,2,40,2,22,10,60,No,No,Salary,2,Metro,Phone,Platinum,0,Yes,0
04000141,60,52,28,4,79,0,24,8,100,Yes,Yes,Savings,5,Metro,Branch,Platinum,5,No,1
04000142,48,68,36,4,3,8,7,6,155,No,No,Salary,1,Urban,Branch,Gold,2,No,1
04000143,29,50,21,5,56,1,51,3,145,No,Yes,Savings,5,Rural,App,Standard,0,No,1
04000144,27,63,46,3,53,4,26,8,49,No,Yes,Salary,3,Urban,Branch,Standard,10,Yes,1
04000145,49,83,27,1,70,5,34,2,106,Yes,No,Salary,1,Metro,Phone,Gold,7,Yes,0
04000146,31,32,38,3,2,0,16,7,116,Yes,Yes,Salary,3,Urban,App,Platinum,6,Yes,0
04000147,29,23,52,2,70,2,22,4,79,No,No,Savings,4,Rural,Branch,Gold,4,Yes,0
04000148,48,61,51,3,12,1,55,1,116,No,Yes,Savings,2,Metro,Branch,Gold,1,No,0
04000149,45,26,55,1,26,5,23,8,121,Yes,No,Current,3,Rural,App,Standard,0,Yes,1
04000150,23,22,54,1,74,5,5,6,87,Yes,Yes,Salary,5,Metro,App,Standard,10,Yes,1
04000151,68,45,26,5,38,7,20,8,141,Yes,No,Salary,2,Urban,Phone,Gold,2,No,1
04000152,40,56,37,5,49,0,5,9,154,Yes,No,Current,4,Rural,Branch,Standard,9,Yes,1
04000153,21,31,40,3,17,3,26,5,96,No,Yes,Salary,3,Rural,Branch,Platinum,0,No,1
04000154,53,38,41,3,69,4,28,7,161,Yes,Yes,Savings,1,Rural,App,Gold,10,Yes,0
04000155,48,0,42,1,32,0,55,0,34,Yes,No,Salary,4,Urban,Branch,Gold,9,Yes,0
04000156,46,40,38,6,24,0,18,8,160,No,Yes,Savings,2,Metro,Branch,Gold,4,No,1
04000157,40,69,34,1,35,6,43,1,128,Yes,Yes,Salary,2,Metro,Branch,Standard,7,No,1
04000158,37,20,66,5,78,0,50,9,26,No,Yes,Savings,2,Urban,App,Platinum,3,No,1
04000159,54,34,54,6,0,0,53,8,84,No,Yes,Salary,5,Metro,Branch,Gold,5,Yes,0
04000160,35,7,57,1,10,1,52,6,123,Yes,Yes,Salary,3,Rural,Phone,Platinum,2,Yes,0
04000161,33,41,38,6,62,5,0,2,109,Yes,Yes,Current,4,Urban,Phone,Gold,8,Yes,1
04000162,29,37,47,1,50,3,39,6,144,Yes,No,Savings,5,Rural,Phone,Platinum,0,Yes,0
04000163,37,9,65,1,71,7,31,7,19,No,Yes,Savings,1,Rural,App,Gold,10,No,0
04000164,33,50,25,5,0,4,2,10,178,Yes,Yes,Current,1,Urban,App,Platinum,4,No,1
04000165,23,21,69,1,22,4,18,0,10,No,Yes,Current,2,Urban,Phone,Platinum,1,Yes,0
04000166,64,8,32,1,83,1,4,7,84,Yes,Yes,Current,3,Metro,Phone,Gold,0,Yes,0
04000167,48,59,41,1,22,6,9,5,30,Yes,No,Salary,1,Urban,Branch,Gold,5,No,0
04000168,26,84,23,6,67,3,2,1,81,No,Yes,Salary,1,Urban,Phone,Standard,0,Yes,0
04000169,26,73,49,1,32,6,54,9,54,Yes,Yes,Current,4,Metro,Branch,Platinum,4,Yes,0
04000170,26,6,40,3,75,2,7,4,58,No,Yes,Current,1,Rural,App,Standard,5,Yes,1
04000171,59,75,43,2,57,1,4,1,39,Yes,Yes,Savings,5,Urban,Phone,Gold,3,Yes,0
04000172,49,51,37,1,6,3,35,0,57,No,No,Current,2,Urban,Branch,Standard,7,Yes,0
04000173,44,62,48,6,30,3,33,1,32,No,No,Savings,3,Metro,Branch,Gold,8,No,1
04000174,67,23,54,1,32,1,22,8,95,No,Yes,Current,5,Metro,App,Standard,5,Yes,0
04000175,40,12,23,6,37,4,13,0,32,Yes,No,Salary,3,Urban,Branch,Platinum,10,No,1
04000176,30,3,51,2,72,4,40,3,169,Yes,Yes,Current,3,Urban,Branch,Gold,2,Yes,0
04000177,42,3,51,5,11,5,20,1,27,No,No,Salary,3,Urban,Phone,Platinum,3,Yes,1
04000178,67,35,62,4,31,2,55,0,30,No,Yes,Current,4,Urban,App,Standard,5,Yes,0
04000179,56,16,54,3,40,6,44,1,94,No,Yes,Salary,2,Metro,Branch,Gold,4,No,0
04000180,36,48,35,2,7,8,18,2,64,Yes,No,Savings,5,Metro,Branch,Gold,2,Yes,1
04000181,58,72,31,5,31,4,2,4,79,Yes,No,Current,4,Urban,Branch,Standard,8,No,0
04000182,31,83,35,5,1,4,10,9,16,Yes,No,Savings,4,Rural,Branch,Standard,0,Yes,1
04000183,33,4,21,1,41,6,51,10,3,No,Yes,Salary,1,Rural,Phone,Platinum,6,Yes,1
04000184,46,6,34,3,22,2,30,3,43,Yes,Yes,Current,5,Urban,App,Standard,8,No,1
04000185,65,34,60,3,30,2,32,5,16,No,Yes,Savings,4,Urban,App,Platinum,4,Yes,0
04000186,63,35,44,6,28,4,16,2,24,Yes,No,Salary,4,Urban,App,Platinum,4,No,1
04000187,59,49,58,4,75,8,27,9,180,Yes,Yes,Savings,3,Urban,Branch,Platinum,7,No,1
04000188,55,33,67,1,33,8,35,2,156,No,No,Salary,2,Metro,Branch,Gold,8,No,1
04000189,24,30,26,2,49,0,11,10,81,No,No,Savings,4,Urban,Branch,Gold,6,Yes,0
04000190,28,79,36,2,83,6,11,3,19,No,Yes,Salary,5,Metro,Phone,Standard,9,Yes,0
04000191,44,52,22,3,1,2,18,0,127,Yes,No,Savings,1,Urban,Phone,Gold,2,No,0
04000192,62,9,39,3,25,5,13,2,175,No,No,Savings,1,Metro,Phone,Platinum,5,No,1
04000193,32,59,66,6,82,1,20,8,126,Yes,Yes,Current,3,Metro,Branch,Platinum,8,Yes,0
04000194,62,66,40,5,30,1,12,1,81,Yes,Yes,Salary,2,Metro,App,Gold,2,Yes,0
04000195,27,75,26,4,59,5,55,7,150,Yes,No,Savings,2,Metro,Phone,Standard,2,Yes,1
04000196,45,27,21,3,77,0,41,3,142,Yes,Yes,Salary,4,Metro,Phone,Standard,5,No,0
04000197,64,2,50,2,60,1,53,0,163,Yes,Yes,Salary,2,Urban,App,Platinum,2,Yes,1
04000198,32,52,22,3,15,1,34,1,119,Yes,Yes,Salary,3,Urban,App,Standard,8,Yes,1
04000199,30,25,66,4,60,4,9,10,107,Yes,No,Current,5,Rural,Branch,Standard,5,Yes,0
04000200,47,14,54,1,78,8,16,0,69,Yes,Yes,Savings,4,Metro,Phone,Standard,0,Yes,0
04000201,42,40,50,1,59,0,41,6,35,No,Yes,Savings,4,Rural,App,Platinum,9,Yes,0
04000202,57,77,50,2,73,5,25,1,92,Yes,No,Savings,3,Rural,App,Platinum,0,Yes,1
04000203,32,20,65,6,43,6,35,0,6,Yes,No,Savings,5,Rural,Branch,Platinum,4,Yes,0
04000204,28,42,63,1,36,6,15,6,8,No,No,Current,2,Metro,Branch,Standard,7,Yes,1
04000205,65,0,66,1,0,3,55,0,6,Yes,Yes,Salary,5,Metro,Branch,Platinum,2,Yes,1
04000206,41,16,57,2,10,5,44,3,173,Yes,Yes,Salary,1,Metro,Branch,Platinum,3,Yes,1
04000207,29,33,32,3,50,4,17,4,171,No,Yes,Savings,5,Rural,Phone,Standard,3,Yes,0
04000208,49,32,59,2,25,4,10,2,22,No,Yes,Salary,5,Urban,Branch,Gold,4,Yes,0
04000209,33,2,51,3,5,6,39,1,132,Yes,No,Current,5,Metro,Branch,Platinum,0,No,1
04000210,67,39,61,6,32,5,1,0,117,No,Yes,Salary,3,Urban,Phone,Standard,1,No,0
04000211,39,33,25,1,44,3,24,6,114,No,No,Savings,4,Metro,Branch,Gold,5,Yes,1
04000212,60,73,66,6,76,5,52,3,118,Yes,Yes,Savings,3,Rural,App,Gold,0,No,1
04000213,46,16,35,6,65,5,28,8,162,Yes,Yes,Current,4,Metro,Phone,Standard,5,No,1
04000214,58,80,23,2,74,1,38,5,173,Yes,Yes,Current,5,Rural,Branch,Platinum,6,Yes,1
04000215,28,69,27,3,24,8,1,9,131,Yes,No,Salary,5,Metro,App,Platinum,7,Yes,1
04000216,25,56,67,4,8,7,1,1,49,No,No,Savings,4,Urban,Branch,Gold,6,Yes,1
04000217,45,62,45,5,15,3,31,9,140,No,Yes,Current,4,Rural,App,Standard,1,No,1
04000218,48,3,50,1,35,3,8,5,14,No,Yes,Savings,5,Metro,App,Standard,3,No,0
04000219,59,42,52,2,34,0,54,0,110,No,No,Current,1,Metro,Branch,Gold,8,Yes,0
04000220,45,62,28,5,27,6,31,2,109,Yes,No,Current,1,Rural,App,Platinum,1,No,1
04000221,45,10,33,4,13,0,12,5,21,Yes,No,Savings,3,Rural,Branch,Gold,7,Yes,1
04000222,24,62,55,4,72,5,21,1,59,No,Yes,Current,2,Urban,Phone,Gold,7,No,0
04000223,27,4,54,2,69,8,30,4,167,No,No,Current,3,Urban,Phone,Gold,2,Yes,1
04000224,31,22,44,3,29,2,10,9,19,Yes,No,Current,2,Rural,App,Standard,4,No,0
04000225,65,17,54,6,46,3,51,0,44,No,Yes,Salary,2,Metro,Phone,Standard,2,Yes,1
04000226,51,31,55,3,66,5,3,10,112,Yes,Yes,Salary,5,Urban,Phone,Platinum,9,Yes,1
04000227,23,67,40,1,73,6,19,9,123,No,Yes,Savings,4,Rural,Phone,Gold,0,Yes,0
04000228,44,81,63,1,50,0,26,4,61,Yes,Yes,Savings,1,Urban,Phone,Platinum,9,Yes,0
04000229,23,45,25,1,77,7,30,10,61,Yes,Yes,Salary,3,Metro,App,Gold,6,No,1
04000230,57,20,53,2,78,1,22,1,81,No,Yes,Salary,3,Metro,App,Gold,5,Yes,1
04000231,46,8,41,1,12,3,9,10,86,No,No,Savings,2,Urban,Phone,Platinum,4,No,1
04000232,38,76,54,2,39,8,52,10,128,No,Yes,Savings,5,Urban,Branch,Platinum,0,Yes,1
04000233,29,22,37,3,83,3,28,8,146,Yes,Yes,Savings,4,Rural,Phone,Gold,9,Yes,1
04000234,64,25,29,1,67,8,24,1,98,Yes,Yes,Salary,3,Urban,App,Platinum,4,No,1
04000235,63,69,38,4,64,4,37,6,30,Yes,Yes,Salary,4,Rural,Branch,Platinum,9,No,1
04000236,51,71,25,4,22,6,3,2,71,Yes,No,Savings,3,Urban,Phone,Standard,3,Yes,0
04000237,68,1,32,2,27,4,14,2,135,Yes,Yes,Current,1,Metro,Branch,Gold,9,No,1
04000238,27,11,27,3,42,5,39,5,91,Yes,No,Savings,1,Urban,Branch,Platinum,5,Yes,0
04000239,56,32,31,6,28,6,17,10,62,Yes,No,Savings,2,Urban,App,Standard,10,No,0
04000240,64,50,69,2,48,0,24,10,18,No,No,Savings,2,Rural,Branch,Gold,7,No,0
04000241,43,45,50,1,51,1,50,10,30,Yes,No,Savings,3,Metro,Phone,Gold,10,Yes,1
04000242,26,19,64,4,71,4,24,6,62,Yes,No,Current,4,Rural,Branch,Standard,5,No,0
04000243,39,28,34,4,1,5,34,0,167,Yes,No,Salary,1,Rural,Phone,Gold,1,Yes,1
04000244,47,38,40,1,79,7,45,5,169,Yes,No,Salary,1,Rural,Branch,Platinum,4,Yes,0
04000245,45,7,65,2,60,2,6,9,61,Yes,Yes,Salary,2,Rural,App,Platinum,4,Yes,0
04000246,61,33,53,4,21,2,49,2,140,Yes,No,Savings,5,Metro,App,Gold,5,No,1
04000247,47,83,65,5,84,8,15,9,147,No,Yes,Savings,3,Rural,Branch,Gold,3,Yes,0
04000248,63,35,29,5,42,5,49,4,26,No,No,Current,4,Rural,App,Platinum,8,Yes,1
04000249,69,84,55,2,52,7,37,4,91,No,Yes,Salary,5,Metro,App,Platinum,8,No,1
04000250,53,62,68,3,74,0,23,5,36,Yes,No,Salary,2,Urban,Branch,Platinum,7,Yes,0
04000251,30,39,21,2,53,7,13,10,61,Yes,No,Current,5,Rural,Branch,Gold,4,Yes,0
04000252,66,34,46,1,22,2,23,0,34,Yes,No,Salary,4,Rural,App,Platinum,0,No,1
04000253,65,62,32,5,19,7,34,5,157,No,Yes,Savings,5,Urban,Branch,Standard,7,No,1
04000254,53,58,46,4,23,7,35,4,42,No,Yes,Savings,3,Rural,App,Gold,2,Yes,0
04000255,47,84,35,4,18,5,44,7,108,No,Yes,Current,1,Urban,App,Standard,4,Yes,1
04000256,31,19,53,2,22,4,51,8,54,Yes,No,Salary,2,Urban,Branch,Gold,5,No,1
04000257,55,12,38,5,35,3,14,2,57,Yes,No,Savings,5,Metro,App,Gold,6,Yes,1
04000258,53,80,44,1,72,1,14,10,136,Yes,Yes,Current,1,Rural,Branch,Gold,6,Yes,0
04000259,49,52,36,5,37,7,17,4,176,No,Yes,Current,2,Metro,Branch,Standard,6,No,1
04000260,47,24,43,3,54,4,29,3,75,No,Yes,Salary,5,Metro,Phone,Standard,7,Yes,1
04000261,47,65,42,6,12,5,26,2,116,Yes,Yes,Salary,5,Urban,Branch,Platinum,10,Yes,1
04000262,55,42,46,5,5,8,33,1,57,No,Yes,Salary,4,Metro,Phone,Platinum,6,No,0
04000263,52,46,28,1,36,7,5,6,17,Yes,Yes,Salary,5,Metro,Phone,Gold,7,No,0
04000264,67,7,28,3,62,4,13,1,46,Yes,No,Salary,5,Rural,Branch,Platinum,4,No,1
04000265,38,63,61,2,84,1,34,1,98,No,Yes,Salary,4,Rural,Branch,Standard,1,No,0
04000266,57,52,63,1,74,2,45,6,98,Yes,Yes,Current,3,Rural,App,Standard,9,No,1
04000267,51,75,26,6,62,7,4,4,66,Yes,Yes,Salary,3,Urban,App,Platinum,9,No,0
04000268,34,47,31,1,26,4,19,5,105,Yes,Yes,Salary,2,Metro,Phone,Standard,2,No,1
04000269,49,26,56,6,77,2,4,6,27,Yes,No,Current,3,Urban,Phone,Gold,4,Yes,1
04000270,62,42,35,6,28,0,37,8,179,Yes,Yes,Salary,5,Rural,Branch,Standard,1,Yes,1
04000271,56,45,59,1,50,3,6,2,63,No,No,Current,4,Urban,App,Standard,0,Yes,0
04000272,32,0,49,6,18,7,27,8,152,Yes,Yes,Current,4,Urban,App,Platinum,9,No,1
04000273,69,56,59,6,31,6,15,10,104,No,Yes,Salary,5,Rural,Phone,Standard,5,Yes,1
04000274,56,47,32,5,73,1,17,9,173,No,No,Current,3,Metro,Phone,Standard,9,Yes,1
04000275,45,20,67,4,51,3,25,7,17,Yes,Yes,Salary,5,Rural,App,Standard,7,Yes,1
04000276,39,60,22,2,31,7,24,3,112,No,Yes,Salary,3,Rural,Phone,Platinum,5,Yes,1
04000277,41,22,61,5,54,3,18,5,67,No,Yes,Current,2,Urban,App,Gold,3,No,0
04000278,34,43,53,3,22,3,12,1,20,Yes,No,Current,5,Rural,Phone,Platinum,9,No,0
04000279,49,17,65,1,35,1,1,6,29,Yes,Yes,Current,1,Rural,App,Standard,2,Yes,0
04000280,52,79,48,3,24,0,40,0,170,No,No,Salary,1,Urban,Branch,Platinum,10,Yes,1
04000281,55,4,69,2,75,7,33,7,101,No,Yes,Savings,1,Metro,App,Gold,7,Yes,0
04000282,63,33,62,6,55,5,53,2,81,No,Yes,Savings,1,Urban,Branch,Standard,0,No,1
04000283,25,51,46,3,47,1,14,8,86,Yes,No,Savings,1,Rural,Branch,Platinum,8,No,0
04000284,57,79,23,4,50,8,49,1,31,No,No,Current,2,Urban,Branch,Standard,3,No,0
04000285,41,51,34,5,77,8,15,7,17,No,No,Current,3,Rural,Phone,Platinum,10,No,0
04000286,25,19,21,4,22,6,52,6,115,No,Yes,Current,3,Metro,Phone,Gold,6,No,1
04000287,49,7,58,5,10,4,3,5,0,No,Yes,Salary,1,Urban,Branch,Gold,2,No,1
04000288,68,49,44,3,75,2,51,7,168,Yes,No,Salary,3,Urban,Phone,Platinum,10,No,1
04000289,26,81,25,6,79,7,23,8,150,Yes,No,Current,5,Urban,Branch,Gold,10,Yes,1
04000290,42,37,62,2,38,7,45,0,14,No,No,Savings,2,Metro,Phone,Platinum,10,Yes,0
04000291,60,31,21,5,41,3,52,5,41,Yes,No,Current,4,Urban,App,Platinum,9,No,0
04000292,29,43,50,3,61,2,20,7,88,No,No,Current,4,Urban,Phone,Platinum,8,No,0
04000293,25,10,28,4,69,5,6,2,35,No,Yes,Savings,5,Metro,Phone,Standard,8,Yes,1
04000294,66,44,68,3,48,5,11,2,105,Yes,No,Savings,3,Metro,Phone,Platinum,5,Yes,0
04000295,33,22,63,3,22,2,53,0,113,Yes,No,Savings,4,Metro,Phone,Gold,9,Yes,1
04000296,39,20,25,1,5,6,25,2,146,No,No,Savings,5,Rural,Branch,Standard,10,Yes,1
04000297,67,54,67,1,57,0,29,9,170,No,No,Current,3,Urban,Phone,Platinum,2,No,1
04000298,35,19,41,5,32,6,52,2,129,No,No,Current,2,Rural,App,Platinum,1,Yes,1
04000299,48,67,39,5,37,5,10,9,175,Yes,Yes,Salary,4,Rural,Branch,Gold,6,Yes,1
04000300,43,80,65,4,16,5,4,9,89,No,No,Savings,3,Urban,Branch,Gold,6,Yes,0
04000301,51,39,46,6,52,4,38,7,6,Yes,No,Salary,2,Metro,Branch,Standard,3,Yes,0
04000302,30,76,45,3,73,3,14,2,133,Yes,Yes,Salary,5,Urban,Phone,Platinum,2,No,1
04000303,52,12,60,1,69,4,8,9,32,No,No,Current,4,Rural,Branch,Platinum,7,Yes,0
04000304,52,74,32,2,3,4,35,5,46,No,Yes,Savings,5,Urban,Branch,Standard,0,Yes,1
04000305,46,78,44,1,59,3,25,4,123,Yes,Yes,Salary,1,Metro,App,Gold,7,No,0
04000306,34,56,58,2,76,6,9,4,164,No,No,Savings,4,Metro,Phone,Gold,3,Yes,1
04000307,35,23,25,2,21,7,18,1,132,Yes,Yes,Current,5,Metro,Phone,Standard,9,Yes,1
04000308,23,34,26,4,22,5,54,2,140,No,Yes,Current,3,Rural,App,Platinum,2,No,1
04000309,43,9,66,5,8,4,21,2,101,No,No,Savings,3,Urban,Branch,Gold,3,Yes,0
04000310,26,50,56,2,45,5,48,6,62,No,Yes,Savings,5,Urban,Phone,Gold,0,Yes,0
04000311,27,2,50,5,5,7,18,8,139,No,No,Salary,2,Rural,App,Platinum,5,No,1
04000312,24,35,49,5,5,2,12,2,158,No,No,Savings,2,Urban,Phone,Gold,1,Yes,1
04000313,42,4,29,2,66,1,49,10,153,No,No,Current,5,Metro,Phone,Platinum,10,Yes,0
04000314,52,10,27,2,17,1,20,0,49,No,Yes,Salary,4,Rural,Branch,Gold,8,Yes,0
04000315,51,56,69,6,39,3,24,7,19,Yes,No,Savings,1,Rural,Branch,Platinum,9,Yes,0
04000316,38,67,22,3,35,8,32,0,62,Yes,No,Current,1,Metro,Phone,Platinum,5,No,0
04000317,68,38,52,1,55,4,33,10,85,No,No,Current,1,Urban,App,Platinum,4,No,0
04000318,62,75,46,1,40,0,53,6,32,No,No,Salary,5,Urban,Phone,Gold,0,Yes,1
04000319,21,39,26,6,73,4,48,1,83,Yes,Yes,Current,1,Urban,App,Platinum,4,Yes,0
04000320,48,37,31,1,65,2,48,9,101,No,Yes,Savings,3,Urban,App,Platinum,6,No,0
04000321,38,84,64,3,40,6,25,9,73,Yes,Yes,Current,2,Metro,Branch,Platinum,1,No,0
04000322,68,1,52,4,36,2,52,10,32,Yes,Yes,Salary,4,Urban,Branch,Gold,5,Yes,0
04000323,38,26,62,3,44,6,51,9,142,No,No,Savings,1,Urban,App,Platinum,1,Yes,1
04000324,54,5,53,1,12,0,43,3,150,No,Yes,Salary,4,Rural,App,Gold,8,No,0
04000325,59,25,57,2,45,5,14,3,68,Yes,No,Savings,2,Metro,Branch,Gold,6,Yes,1
04000326,43,78,50,4,39,7,54,9,139,Yes,Yes,Savings,1,Rural,App,Gold,4,No,1
04000327,64,36,44,6,81,3,2,6,161,No,No,Current,5,Rural,App,Standard,8,No,1
04000328,25,80,25,3,38,5,17,10,122,Yes,Yes,Current,4,Rural,App,Platinum,9,Yes,0
04000329,25,29,63,2,82,8,8,7,173,No,Yes,Current,3,Urban,App,Platinum,0,No,1
04000330,27,8,22,6,19,1,48,5,115,Yes,Yes,Salary,2,Rural,App,Platinum,8,No,1
04000331,38,3,69,5,72,1,6,10,34,Yes,Yes,Salary,4,Urban,Branch,Standard,8,Yes,0
04000332,34,46,32,3,44,3,33,6,0,Yes,Yes,Savings,2,Urban,App,Gold,1,No,0
04000333,54,72,24,2,19,2,5,6,124,Yes,Yes,Savings,4,Metro,Branch,Platinum,6,No,0
04000334,33,29,53,5,69,4,8,10,129,No,No,Salary,2,Metro,App,Platinum,7,No,1
04000335,47,51,47,1,37,3,1,1,77,Yes,Yes,Savings,3,Urban,App,Platinum,10,No,0
04000336,65,54,47,5,27,8,36,7,154,Yes,No,Current,1,Rural,Branch,Platinum,0,Yes,0
04000337,23,39,29,1,21,5,26,6,144,No,Yes,Salary,3,Metro,App,Standard,6,No,1
04000338,50,5,63,3,30,8,4,5,44,No,Yes,Savings,5,Rural,Phone,Platinum,6,No,0
04000339,53,58,54,2,59,5,26,10,113,No,Yes,Salary,2,Metro,Phone,Standard,3,Yes,1
04000340,44,23,65,1,11,7,43,1,37,No,No,Current,4,Urban,App,Standard,0,No,1
04000341,52,32,49,2,64,3,50,5,21,Yes,Yes,Current,5,Urban,App,Standard,7,No,0
04000342,49,0,34,5,16,4,54,9,86,Yes,Yes,Current,1,Metro,Phone,Platinum,8,Yes,0
04000343,34,11,63,5,68,4,19,3,159,Yes,No,Current,2,Urban,App,Platinum,10,No,1
04000344,67,41,23,3,8,5,50,3,102,No,No,Savings,3,Rural,App,Platinum,8,Yes,1
04000345,67,70,44,2,15,2,9,0,125,Yes,Yes,Current,5,Urban,Branch,Gold,2,Yes,0
04000346,59,75,69,2,70,4,3,3,178,Yes,Yes,Salary,3,Urban,App,Platinum,8,No,0
04000347,57,54,49,6,37,0,17,9,161,Yes,Yes,Salary,5,Metro,App,Standard,7,No,0
04000348,53,71,41,2,27,5,31,4,49,Yes,No,Salary,1,Urban,Branch,Standard,8,Yes,1
04000349,51,53,35,2,31,0,49,2,114,Yes,No,Savings,4,Metro,Phone,Platinum,2,Yes,0
04000350,44,34,59,1,18,4,35,5,115,Yes,Yes,Savings,4,Metro,Branch,Platinum,5,Yes,1
04000351,54,66,30,4,1,2,10,4,142,No,Yes,Salary,2,Rural,App,Gold,3,Yes,0
04000352,64,55,28,5,17,3,1,0,154,Yes,No,Salary,1,Rural,Phone,Standard,8,No,1
04000353,38,64,29,4,29,0,24,0,157,No,Yes,Salary,4,Rural,Phone,Gold,0,No,0
04000354,51,55,66,5,32,2,26,0,121,No,No,Salary,1,Urban,Branch,Platinum,3,No,0
04000355,41,12,62,5,20,6,5,7,159,No,Yes,Salary,2,Metro,Phone,Gold,1,No,0
04000356,58,35,36,1,31,1,7,5,167,Yes,Yes,Current,1,Urban,Branch,Standard,6,Yes,0
04000357,66,20,64,2,39,1,32,0,60,Yes,No,Savings,4,Metro,App,Standard,5,Yes,1
04000358,43,29,23,4,5,6,25,0,79,Yes,Yes,Savings,1,Rural,Branch,Standard,6,No,0
04000359,33,60,29,4,12,7,55,0,82,No,No,Savings,3,Urban,App,Gold,5,No,0
04000360,29,61,40,6,4,2,20,1,70,No,Yes,Current,3,Rural,App,Platinum,1,No,1
04000361,54,45,49,4,4,5,23,2,16,Yes,Yes,Salary,4,Urban,Branch,Standard,8,No,0
04000362,39,62,36,6,53,4,47,7,115,No,Yes,Current,4,Rural,Phone,Gold,9,Yes,1
04000363,35,36,45,5,4,3,34,0,174,Yes,No,Savings,4,Rural,Branch,Standard,9,No,1
04000364,69,81,45,2,64,7,39,7,73,Yes,Yes,Savings,5,Rural,Phone,Gold,6,No,0
04000365,55,25,39,4,34,0,54,7,108,Yes,No,Current,5,Rural,App,Standard,2,No,1
04000366,56,7,35,2,15,5,23,10,102,Yes,No,Savings,3,Metro,Branch,Standard,7,No,0
04000367,66,67,53,3,57,4,35,9,123,No,Yes,Savings,4,Metro,Phone,Standard,10,No,1
04000368,39,21,57,6,23,6,39,9,40,Yes,No,Salary,4,Rural,Branch,Standard,0,Yes,1
04000369,68,32,45,4,11,6,44,0,77,Yes,No,Salary,5,Metro,App,Platinum,6,No,1
04000370,41,75,45,2,80,4,18,1,151,No,Yes,Current,2,Metro,Branch,Gold,2,Yes,1
04000371,48,58,30,2,21,8,33,6,144,Yes,Yes,Savings,5,Metro,App,Platinum,9,No,1
04000372,67,12,36,1,1,6,28,2,21,No,No,Salary,2,Metro,Branch,Gold,5,No,0
04000373,57,2,51,1,10,2,4,7,28,Yes,No,Salary,4,Rural,App,Standard,9,No,1
04000374,27,58,38,1,77,2,9,10,162,Yes,Yes,Current,5,Metro,Phone,Platinum,1,Yes,1
04000375,21,11,48,5,24,0,55,6,32,Yes,Yes,Current,1,Metro,App,Platinum,5,No,0
04000376,53,24,65,1,27,0,32,4,13,Yes,No,Current,2,Rural,Phone,Platinum,8,Yes,0
04000377,49,3,43,2,62,0,30,10,3,Yes,No,Savings,2,Metro,App,Platinum,0,Yes,0
04000378,27,5,29,1,9,6,52,2,34,No,Yes,Current,5,Rural,App,Platinum,10,No,1
04000379,51,19,47,5,74,7,47,6,149,Yes,No,Savings,4,Metro,Phone,Platinum,3,Yes,1
04000380,39,78,46,3,35,0,21,4,92,Yes,No,Savings,4,Urban,Phone,Platinum,9,No,1
04000381,52,46,39,3,36,3,36,7,62,No,No,Savings,2,Metro,App,Gold,7,Yes,1
04000382,37,74,35,2,44,6,9,2,138,No,No,Savings,2,Urban,App,Gold,10,Yes,0
04000383,41,6,41,1,19,2,8,7,146,No,Yes,Salary,4,Metro,Phone,Standard,0,No,0
04000384,37,63,44,3,17,5,25,7,48,No,Yes,Current,3,Rural,Branch,Standard,10,No,1
04000385,50,45,41,1,3,7,1,1,79,No,Yes,Current,5,Metro,Branch,Gold,8,Yes,0
04000386,36,18,47,1,52,8,0,3,125,Yes,No,Salary,5,Rural,Phone,Gold,4,Yes,1
04000387,68,52,47,3,70,0,10,7,104,No,No,Salary,5,Rural,Branch,Gold,5,Yes,0
04000388,27,56,42,6,59,1,7,5,44,Yes,No,Current,5,Urban,App,Standard,3,Yes,0
04000389,29,83,39,1,20,8,26,3,50,Yes,Yes,Current,2,Metro,Phone,Standard,2,No,0
04000390,52,62,41,6,32,1,9,10,65,No,Yes,Salary,1,Rural,Branch,Gold,5,Yes,0
04000391,34,15,33,6,65,0,4,10,53,Yes,Yes,Current,5,Rural,Branch,Platinum,1,Yes,1
04000392,55,42,21,5,41,2,28,0,119,Yes,No,Current,5,Metro,Phone,Platinum,2,No,1
04000393,37,78,52,4,44,8,20,9,65,No,No,Salary,3,Urban,Branch,Standard,5,Yes,1
04000394,35,46,22,2,70,5,17,3,170,Yes,No,Savings,2,Urban,Branch,Gold,6,Yes,1
04000395,23,22,64,1,19,8,46,1,90,Yes,No,Salary,2,Rural,App,Gold,0,No,0
04000396,48,42,65,6,36,7,31,10,119,Yes,No,Current,2,Metro,Phone,Standard,3,Yes,1
04000397,23,16,33,5,29,4,18,5,146,Yes,No,Current,4,Metro,Branch,Standard,9,Yes,1
04000398,22,21,65,4,48,8,44,1,177,Yes,Yes,Salary,1,Rural,App,Gold,8,No,0
04000399,28,15,69,3,40,0,47,5,44,No,No,Current,2,Urban,App,Platinum,8,No,0
04000400,42,12,36,3,53,3,0,9,142,No,Yes,Salary,1,Urban,Phone,Standard,4,Yes,1
04000401,50,43,47,4,57,0,45,1,143,Yes,Yes,Savings,1,Urban,Phone,Gold,8,Yes,0
04000402,59,74,62,2,38,4,22,2,27,No,Yes,Current,4,Rural,App,Standard,4,No,0
04000403,36,49,31,5,61,6,42,6,34,Yes,No,Current,2,Rural,App,Standard,5,No,0
04000404,38,15,30,3,65,0,28,1,103,No,No,Current,4,Metro,Phone,Gold,5,Yes,0
04000405,63,29,43,6,77,7,47,8,74,No,No,Savings,3,Rural,Phone,Gold,4,No,0
04000406,29,37,33,2,75,6,2,6,38,No,Yes,Savings,2,Rural,App,Gold,2,Yes,0
04000407,33,43,58,2,74,0,7,10,126,Yes,Yes,Savings,2,Urban,Phone,Platinum,8,No,0
04000408,51,84,36,2,22,7,2,4,38,No,Yes,Current,5,Rural,App,Standard,5,Yes,0
04000409,32,65,23,2,75,3,47,2,80,Yes,Yes,Current,3,Metro,Branch,Platinum,4,No,0
04000410,51,47,23,5,37,6,29,3,163,No,No,Salary,4,Rural,App,Gold,8,No,1
04000411,42,83,32,6,36,0,26,7,84,Yes,No,Savings,1,Urban,Phone,Standard,6,Yes,0
04000412,45,49,50,1,52,5,1,4,138,Yes,No,Salary,3,Urban,Phone,Standard,7,Yes,0
04000413,53,28,62,6,54,0,0,0,99,No,Yes,Savings,2,Urban,App,Platinum,7,Yes,0
04000414,54,25,32,2,0,1,40,10,45,Yes,Yes,Savings,1,Rural,Branch,Platinum,1,Yes,0
04000415,43,50,52,4,55,8,16,10,100,No,Yes,Savings,4,Rural,App,Platinum,6,Yes,0
04000416,33,6,50,5,68,1,10,8,37,No,No,Salary,4,Urban,Branch,Gold,6,No,0
04000417,45,41,38,1,56,7,31,4,156,Yes,No,Savings,5,Urban,Branch,Platinum,9,Yes,1
04000418,52,33,24,6,29,0,43,4,113,Yes,Yes,Salary,5,Urban,Phone,Gold,4,Yes,1
04000419,33,32,53,2,26,0,52,10,72,No,Yes,Savings,5,Urban,App,Platinum,8,Yes,0
04000420,37,63,47,6,77,6,39,0,84,Yes,No,Savings,2,Urban,Branch,Platinum,2,Yes,0
04000421,41,1,37,3,26,3,28,9,57,Yes,No,Salary,1,Rural,Phone,Standard,7,Yes,0
04000422,59,3,39,2,45,2,25,3,175,Yes,No,Current,4,Urban,Branch,Standard,4,No,0
04000423,61,36,24,4,40,4,48,2,51,Yes,No,Salary,5,Metro,Phone,Standard,6,No,1
04000424,41,72,29,3,27,3,5,10,139,Yes,No,Current,1,Urban,Branch,Standard,5,Yes,1
04000425,62,40,34,4,82,3,29,0,0,Yes,Yes,Salary,2,Rural,Branch,Standard,8,No,0
04000426,52,63,47,3,83,5,21,2,93,No,No,Salary,1,Metro,Branch,Gold,9,No,0
04000427,37,24,22,4,68,3,31,10,4,No,Yes,Salary,2,Metro,Phone,Standard,6,No,0
04000428,52,73,27,4,76,7,36,8,27,Yes,Yes,Savings,4,Rural,Branch,Standard,3,No,1
04000429,35,65,39,4,80,8,2,8,127,Yes,No,Salary,3,Rural,Branch,Gold,1,No,1
04000430,23,18,31,3,25,4,31,7,46,No,No,Savings,5,Rural,App,Gold,8,No,1
04000431,40,43,38,4,9,6,35,2,79,No,Yes,Salary,2,Rural,Phone,Standard,8,Yes,0
04000432,39,28,34,2,55,5,44,8,50,Yes,No,Savings,1,Urban,App,Gold,1,Yes,0
04000433,57,74,27,4,58,6,42,5,123,No,Yes,Salary,4,Metro,Phone,Gold,3,Yes,1
04000434,69,83,36,4,5,1,51,4,156,No,Yes,Savings,1,Rural,App,Gold,4,Yes,1
04000435,43,13,32,3,32,0,37,7,3,Yes,No,Current,1,Urban,Phone,Platinum,6,Yes,1
04000436,60,76,56,6,50,3,18,4,27,No,No,Current,5,Metro,Phone,Gold,0,Yes,0
04000437,51,6,29,1,77,5,18,7,139,No,Yes,Current,3,Urban,Phone,Standard,2,Yes,0
04000438,32,41,42,6,37,1,7,0,53,Yes,Yes,Savings,1,Metro,Branch,Standard,5,No,1
04000439,58,40,34,3,25,6,30,10,127,Yes,Yes,Current,5,Rural,App,Platinum,6,No,0
04000440,25,55,64,3,65,3,10,8,97,Yes,Yes,Salary,5,Metro,App,Standard,2,Yes,0
04000441,42,33,25,6,79,5,38,9,135,Yes,No,Salary,1,Urban,App,Standard,0,Yes,0
04000442,54,74,30,1,30,1,5,0,156,No,Yes,Current,3,Metro,Branch,Standard,1,Yes,1
04000443,23,8,35,6,81,1,15,1,87,Yes,No,Salary,4,Rural,App,Platinum,7,No,0
04000444,48,41,60,5,37,0,51,9,177,Yes,No,Savings,4,Rural,App,Standard,2,No,1
04000445,64,68,27,4,39,4,11,5,180,No,Yes,Current,3,Rural,App,Platinum,4,No,0
04000446,34,18,68,2,43,6,19,3,104,Yes,Yes,Salary,2,Urban,Branch,Platinum,4,Yes,1
04000447,28,8,69,3,77,7,7,10,143,Yes,No,Current,3,Urban,App,Platinum,10,Yes,1
04000448,40,20,51,1,6,5,40,10,22,No,No,Savings,2,Rural,Branch,Gold,4,No,1
04000449,39,16,31,5,27,5,17,5,107,No,Yes,Savings,4,Metro,Phone,Gold,4,Yes,1
04000450,46,83,22,4,65,5,50,4,10,No,No,Current,2,Rural,App,Platinum,2,Yes,1
04000451,65,30,51,3,73,6,43,9,122,No,No,Salary,1,Urban,Phone,Standard,10,Yes,0
04000452,65,0,24,6,51,2,39,2,146,No,Yes,Salary,3,Rural,Phone,Standard,6,Yes,1
04000453,24,78,48,5,38,7,28,9,139,No,Yes,Savings,1,Metro,Phone,Platinum,1,No,1
04000454,51,83,43,2,57,7,6,4,147,No,Yes,Salary,3,Urban,Phone,Platinum,6,Yes,1
04000455,29,76,39,5,61,5,13,9,5,Yes,Yes,Current,5,Urban,App,Platinum,8,No,1
04000456,35,28,23,4,61,7,19,4,15,Yes,Yes,Savings,5,Metro,Phone,Platinum,8,No,1
04000457,26,21,33,6,10,6,44,0,165,Yes,No,Salary,4,Metro,Branch,Standard,5,Yes,1
04000458,33,81,56,2,11,2,5,7,177,No,Yes,Salary,3,Metro,Phone,Gold,8,No,1
04000459,42,71,21,6,32,3,9,9,74,No,Yes,Salary,4,Urban,Branch,Platinum,9,No,1
04000460,24,44,21,6,25,5,16,2,117,Yes,Yes,Current,3,Metro,App,Standard,3,Yes,1
04000461,56,68,28,2,78,7,42,2,132,No,No,Current,5,Urban,Branch,Platinum,4,Yes,1
04000462,34,26,32,5,49,2,47,0,113,No,No,Savings,4,Metro,Branch,Platinum,7,No,1
04000463,64,65,53,6,34,4,30,0,149,Yes,No,Savings,5,Metro,App,Platinum,6,No,1
04000464,68,61,29,1,14,7,29,9,10,Yes,No,Current,1,Urban,Phone,Standard,3,No,0
04000465,45,20,40,2,18,4,53,8,141,Yes,No,Current,3,Rural,Branch,Gold,7,No,1
04000466,29,37,55,6,56,2,36,7,158,Yes,Yes,Current,2,Rural,Phone,Gold,8,Yes,1
04000467,39,0,66,1,64,7,10,5,25,Yes,Yes,Current,5,Urban,Branch,Platinum,0,No,0
04000468,22,64,33,4,47,2,51,2,104,No,No,Salary,4,Urban,Phone,Gold,1,No,1
04000469,65,8,25,2,39,3,5,1,38,Yes,No,Salary,5,Rural,App,Platinum,4,Yes,0
04000470,51,26,67,5,83,4,19,2,17,Yes,Yes,Current,1,Metro,Phone,Platinum,6,No,0
04000471,38,0,35,2,13,2,40,7,20,No,Yes,Savings,1,Metro,App,Platinum,5,Yes,0
04000472,68,60,44,1,46,4,3,5,3,No,Yes,Savings,2,Rural,Branch,Platinum,4,Yes,0
04000473,45,70,35,3,60,5,35,6,26,Yes,Yes,Salary,1,Urban,Phone,Platinum,3,No,0
04000474,59,3,36,2,67,5,12,7,36,No,No,Current,5,Rural,Phone,Gold,6,Yes,0
04000475,26,34,23,2,27,8,10,4,69,Yes,Yes,Savings,5,Metro,Branch,Gold,3,Yes,1
04000476,28,0,24,1,82,1,17,7,100,Yes,Yes,Savings,5,Urban,Branch,Gold,7,Yes,0
04000477,43,69,48,1,28,5,19,5,85,No,Yes,Savings,4,Urban,App,Gold,2,Yes,0
04000478,58,60,60,5,76,6,46,9,32,No,No,Salary,2,Rural,Phone,Standard,4,No,0
04000479,58,37,60,2,25,2,15,3,64,Yes,No,Current,1,Urban,Phone,Platinum,1,No,0
04000480,44,5,44,5,33,1,1,1,36,No,No,Current,4,Urban,App,Standard,5,Yes,0
04000481,64,50,67,4,3,7,41,10,31,Yes,Yes,Current,3,Metro,Phone,Platinum,8,No,1
04000482,39,16,69,2,6,6,38,9,150,No,Yes,Salary,5,Rural,Phone,Gold,5,No,1
04000483,44,13,35,6,23,1,51,2,48,No,No,Savings,1,Urban,App,Gold,7,No,1
04000484,33,13,41,3,33,0,6,5,57,No,No,Salary,2,Urban,App,Platinum,8,Yes,0
04000485,34,31,28,3,59,3,10,8,42,Yes,No,Salary,5,Metro,Phone,Standard,2,Yes,1
04000486,63,71,62,5,49,1,23,8,129,Yes,No,Savings,2,Urban,Branch,Gold,9,Yes,0
04000487,64,26,63,2,0,6,37,5,17,Yes,No,Salary,5,Urban,Branch,Platinum,5,No,1
04000488,30,40,25,2,36,7,46,3,177,No,No,Savings,1,Metro,Branch,Gold,5,Yes,1
04000489,54,68,29,1,38,1,4,8,59,Yes,No,Current,4,Metro,Phone,Platinum,6,No,0
04000490,60,50,24,2,23,5,5,1,158,No,Yes,Salary,1,Rural,Phone,Standard,3,No,0
04000491,64,54,69,2,59,4,47,10,89,Yes,No,Current,4,Rural,Branch,Platinum,9,Yes,0
04000492,60,5,65,1,71,0,6,2,31,No,No,Savings,3,Metro,Branch,Gold,4,Yes,0
04000493,28,35,37,5,42,0,20,1,176,Yes,No,Current,3,Rural,App,Platinum,0,No,1
04000494,51,41,43,2,68,8,31,2,39,No,Yes,Salary,4,Rural,Phone,Platinum,10,Yes,0
04000495,43,2,43,2,44,3,12,4,5,Yes,Yes,Current,3,Urban,App,Standard,6,Yes,0
04000496,31,17,23,2,12,7,20,8,7,Yes,Yes,Current,5,Metro,Branch,Platinum,4,Yes,1
04000497,33,8,47,3,0,7,50,6,142,No,No,Salary,4,Metro,Branch,Standard,10,No,1
04000498,54,65,23,1,55,4,5,8,60,Yes,Yes,Savings,4,Metro,Branch,Gold,10,Yes,1
04000499,35,11,27,3,50,1,12,7,69,Yes,No,Current,4,Rural,Phone,Standard,6,No,0
04000500,28,13,49,3,63,4,32,3,153,No,No,Savings,5,Urban,Phone,Standard,4,Yes,0
04000501,42,66,57,4,17,1,1,6,124,Yes,Yes,Savings,5,Metro,Phone,Platinum,0,Yes,0
04000502,22,23,51,3,76,2,39,7,105,Yes,No,Current,3,Rural,Phone,Gold,7,Yes,0
04000503,26,81,44,5,39,2,34,6,119,Yes,No,Salary,5,Metro,Branch,Standard,6,No,1
04000504,64,4,68,2,82,7,7,0,88,No,No,Salary,5,Rural,Phone,Standard,8,No,1
04000505,42,37,37,5,74,7,24,3,106,Yes,No,Salary,5,Rural,App,Standard,7,Yes,1
04000506,32,56,65,4,20,4,54,0,146,No,Yes,Salary,4,Urban,App,Platinum,3,Yes,1
04000507,29,51,29,2,71,8,54,4,97,Yes,Yes,Savings,1,Urban,Phone,Platinum,6,Yes,0
04000508,49,45,50,5,73,2,52,1,35,Yes,No,Salary,3,Rural,Branch,Platinum,2,Yes,0
04000509,37,38,53,3,50,1,23,9,168,Yes,No,Savings,2,Metro,Branch,Standard,9,Yes,0
04000510,62,32,64,1,82,3,43,0,122,No,Yes,Salary,4,Rural,Branch,Platinum,0,No,0
04000511,61,12,40,5,78,3,7,6,97,Yes,Yes,Savings,4,Rural,Phone,Platinum,8,No,0
04000512,48,75,48,1,65,7,11,9,52,Yes,Yes,Current,5,Metro,App,Standard,6,No,0
04000513,45,53,28,1,54,2,41,6,144,No,Yes,Savings,4,Rural,Branch,Standard,4,No,1
04000514,43,7,45,6,65,7,24,6,122,Yes,No,Current,5,Urban,App,Standard,8,Yes,1
04000515,34,17,51,6,83,4,38,1,105,Yes,No,Savings,1,Urban,Phone,Standard,5,No,1
04000516,24,11,39,4,28,0,10,0,180,Yes,Yes,Salary,2,Rural,Branch,Standard,2,No,0
04000517,42,2,58,1,78,8,15,6,22,Yes,Yes,Salary,2,Urban,App,Gold,1,No,0
04000518,36,4,32,2,21,7,7,10,45,Yes,No,Savings,5,Metro,Phone,Standard,6,No,1
04000519,33,34,60,3,25,5,52,5,62,Yes,Yes,Salary,3,Rural,Phone,Platinum,4,No,1
04000520,27,26,29,6,69,2,9,5,160,No,No,Salary,5,Metro,App,Gold,9,Yes,1
04000521,66,75,68,1,73,7,18,6,50,No,No,Current,1,Urban,Phone,Platinum,6,Yes,0
04000522,54,75,46,2,5,0,43,10,7,No,No,Savings,5,Metro,App,Gold,3,No,0
04000523,61,43,47,6,59,2,35,8,4,Yes,No,Current,2,Urban,Phone,Standard,7,No,0
04000524,69,62,27,6,47,1,14,9,116,No,Yes,Salary,2,Metro,Branch,Standard,3,No,0
04000525,45,13,53,4,68,5,13,5,48,Yes,No,Salary,4,Metro,Phone,Platinum,0,No,1
04000526,66,30,45,5,52,4,2,10,132,Yes,Yes,Current,2,Rural,Phone,Gold,5,No,0
04000527,36,63,21,5,5,7,42,10,93,Yes,Yes,Salary,1,Metro,Branch,Gold,5,No,1
04000528,52,82,54,1,24,5,30,0,132,Yes,Yes,Salary,1,Metro,Phone,Gold,1,Yes,0
04000529,69,3,29,6,61,7,44,2,38,No,Yes,Salary,4,Rural,Phone,Standard,3,Yes,1
04000530,25,35,21,5,75,1,26,6,33,No,Yes,Savings,5,Urban,Phone,Gold,1,Yes,1
04000531,67,56,22,5,30,5,51,5,159,Yes,Yes,Salary,2,Metro,Branch,Gold,0,No,1
04000532,61,45,54,4,11,6,12,6,177,No,Yes,Salary,2,Metro,App,Standard,3,Yes,1
04000533,63,30,42,2,10,2,30,0,46,No,No,Salary,4,Urban,Branch,Standard,3,Yes,0
04000534,58,2,21,1,20,1,25,0,173,No,No,Salary,1,Metro,Phone,Platinum,1,No,1
04000535,45,44,65,3,44,3,40,10,140,No,Yes,Current,4,Urban,Branch,Standard,5,Yes,0
04000536,34,5,45,3,47,1,28,5,173,Yes,No,Current,1,Urban,Phone,Gold,4,No,1
04000537,27,60,37,2,69,3,52,1,61,Yes,No,Salary,1,Urban,App,Gold,8,No,0
04000538,26,82,69,2,63,3,36,2,38,No,No,Salary,2,Rural,Branch,Standard,10,No,0
04000539,23,61,29,2,51,6,28,1,176,Yes,No,Current,5,Rural,Branch,Platinum,9,Yes,1
04000540,33,46,64,3,3,5,14,9,155,No,No,Salary,1,Metro,Branch,Platinum,2,No,1
04000541,49,73,23,3,45,3,1,3,138,No,Yes,Current,1,Urban,App,Standard,1,Yes,0
04000542,28,59,39,5,54,2,13,1,53,Yes,Yes,Savings,4,Rural,Phone,Gold,9,Yes,1
04000543,21,47,62,5,0,4,27,3,43,Yes,No,Savings,3,Urban,Branch,Standard,5,Yes,0
04000544,26,46,36,5,8,8,14,10,89,Yes,Yes,Current,5,Urban,Branch,Platinum,7,No,0
04000545,36,45,40,2,34,7,43,8,74,Yes,No,Salary,3,Metro,Branch,Platinum,8,Yes,1
04000546,36,18,27,1,66,6,13,5,135,Yes,Yes,Current,5,Rural,Branch,Gold,9,No,1
04000547,43,53,61,3,42,4,25,10,33,Yes,No,Salary,3,Metro,App,Platinum,8,Yes,0
04000548,32,39,38,1,35,1,39,4,171,Yes,Yes,Savings,3,Metro,Branch,Platinum,5,No,0
04000549,31,13,38,1,78,2,8,4,104,Yes,Yes,Current,5,Rural,Branch,Platinum,7,Yes,0
04000550,27,57,62,6,80,0,21,5,63,No,No,Current,4,Urban,App,Platinum,5,Yes,1
04000551,37,53,60,6,18,5,0,1,45,Yes,No,Salary,4,Rural,Phone,Standard,5,Yes,1
04000552,64,58,30,5,63,4,29,0,175,No,Yes,Salary,5,Rural,Branch,Gold,3,Yes,1
04000553,54,63,30,1,40,8,3,1,4,No,Yes,Current,2,Metro,App,Gold,7,No,0
04000554,23,80,40,3,8,5,25,5,72,Yes,No,Current,5,Metro,App,Standard,0,No,0
04000555,22,81,60,4,39,0,55,10,84,Yes,Yes,Savings,4,Rural,Branch,Standard,9,Yes,0
04000556,58,70,32,6,56,6,36,10,82,Yes,No,Salary,4,Metro,Phone,Standard,2,No,1
04000557,32,60,36,2,27,1,18,6,83,Yes,No,Savings,3,Metro,Phone,Platinum,5,Yes,1
04000558,25,75,63,2,54,0,24,10,161,No,Yes,Savings,5,Metro,Branch,Gold,9,No,0
04000559,52,82,51,3,32,1,54,2,73,Yes,Yes,Current,2,Metro,App,Standard,4,Yes,0
04000560,32,69,23,2,11,4,33,4,14,Yes,Yes,Current,5,Urban,Branch,Gold,2,Yes,0
04000561,58,77,56,1,32,3,54,4,131,No,Yes,Savings,1,Rural,Branch,Standard,1,Yes,1
04000562,56,60,35,3,42,7,27,6,171,Yes,No,Salary,1,Metro,App,Gold,4,Yes,1
04000563,26,33,32,4,6,3,55,8,39,No,Yes,Salary,2,Metro,Phone,Standard,2,No,1
04000564,63,50,55,5,16,2,50,9,101,Yes,No,Current,5,Rural,App,Standard,10,Yes,1
04000565,59,55,27,1,83,2,51,6,147,Yes,Yes,Current,3,Urban,Phone,Platinum,1,Yes,0
04000566,64,46,59,1,60,4,4,1,146,Yes,Yes,Savings,4,Rural,Branch,Gold,2,No,0
04000567,57,66,27,5,19,4,30,2,146,Yes,Yes,Savings,4,Urban,App,Standard,7,Yes,1
04000568,60,7,63,3,20,7,31,7,46,No,No,Salary,3,Rural,App,Platinum,0,Yes,0
04000569,23,82,22,6,82,5,24,1,10,No,No,Current,1,Urban,Phone,Gold,10,No,0
04000570,48,57,66,1,77,2,33,8,141,Yes,Yes,Current,3,Urban,Phone,Platinum,10,No,0
04000571,30,46,46,1,52,4,37,5,9,Yes,No,Salary,1,Urban,Phone,Standard,9,No,0
04000572,39,78,66,1,79,8,17,0,134,No,Yes,Current,5,Metro,Branch,Gold,7,No,1
04000573,44,15,25,1,40,1,22,3,40,Yes,No,Current,1,Metro,Branch,Gold,8,Yes,1
04000574,25,14,49,1,73,7,15,9,50,No,No,Current,5,Metro,App,Standard,6,Yes,1
04000575,58,57,40,4,46,8,45,4,129,Yes,No,Current,5,Rural,App,Standard,0,Yes,1
04000576,52,73,22,1,43,3,16,10,0,Yes,Yes,Current,3,Urban,App,Standard,0,Yes,0
04000577,63,82,67,1,13,0,22,7,137,No,No,Savings,3,Urban,App,Platinum,0,Yes,1
04000578,60,37,60,1,25,2,54,8,162,Yes,Yes,Salary,5,Metro,Branch,Gold,10,No,0
04000579,33,63,69,4,35,2,42,5,103,No,Yes,Salary,1,Urban,Phone,Standard,4,No,1
04000580,66,80,69,1,17,6,35,10,7,Yes,No,Current,5,Rural,App,Standard,7,No,0
04000581,25,12,55,4,62,2,18,6,151,No,No,Savings,1,Rural,Phone,Platinum,8,No,0
04000582,46,62,41,6,20,7,27,7,146,No,No,Current,2,Urban,Phone,Platinum,0,Yes,0
04000583,32,40,60,5,51,8,7,7,1,No,No,Savings,5,Rural,Phone,Standard,9,No,1
04000584,57,74,65,4,42,1,20,5,142,Yes,Yes,Salary,5,Metro,App,Platinum,7,Yes,0
04000585,56,70,61,5,39,0,20,4,8,Yes,No,Salary,3,Rural,Branch,Gold,6,Yes,0
04000586,68,2,59,6,70,6,42,0,104,Yes,No,Savings,5,Rural,App,Standard,9,Yes,1
04000587,31,67,59,5,53,1,47,6,80,Yes,Yes,Current,2,Urban,Phone,Platinum,5,Yes,0
04000588,63,37,64,5,82,0,0,5,136,No,Yes,Salary,4,Metro,Branch,Gold,8,Yes,0
04000589,23,40,44,6,82,1,17,1,66,Yes,No,Current,4,Rural,App,Platinum,8,Yes,1
04000590,28,64,24,3,68,0,41,3,138,Yes,No,Savings,1,Urban,Branch,Platinum,2,Yes,1
04000591,54,32,55,1,62,0,36,8,110,No,No,Salary,4,Metro,App,Platinum,4,Yes,1
04000592,65,36,64,6,77,6,12,0,40,Yes,No,Savings,1,Metro,App,Standard,5,No,0
04000593,26,68,23,4,84,1,29,10,93,Yes,No,Salary,2,Rural,Phone,Standard,10,No,0
04000594,54,49,32,4,18,4,49,10,178,No,Yes,Salary,5,Rural,Branch,Platinum,6,Yes,1
04000595,24,29,29,2,62,4,7,0,4,No,Yes,Savings,3,Urban,Branch,Platinum,3,No,0
04000596,68,71,24,5,43,0,10,4,124,No,Yes,Savings,1,Rural,Branch,Gold,10,Yes,0
04000597,31,15,66,5,5,4,25,8,83,No,Yes,Savings,1,Rural,Phone,Platinum,3,Yes,0
04000598,43,15,63,1,55,8,9,9,47,No,No,Savings,5,Urban,Phone,Standard,5,Yes,0
04000599,63,50,60,3,36,3,11,0,52,No,Yes,Salary,1,Urban,App,Standard,1,Yes,1
04000600,31,55,68,2,62,4,41,4,161,No,No,Savings,3,Rural,App,Gold,8,No,1
04000601,32,55,63,5,46,6,25,8,156,Yes,Yes,Salary,5,Urban,Branch,Standard,10,No,1
04000602,22,56,62,3,68,8,28,5,150,Yes,Yes,Salary,5,Metro,App,Platinum,0,Yes,1
04000603,31,5,29,4,12,0,42,9,72,No,No,Savings,5,Urban,App,Standard,0,No,0
04000604,39,25,63,3,18,1,45,6,15,Yes,No,Salary,1,Urban,App,Standard,0,No,0
04000605,68,0,53,5,11,1,24,3,59,Yes,Yes,Current,4,Rural,Phone,Platinum,7,No,0
04000606,21,21,46,6,22,6,16,9,73,Yes,Yes,Salary,1,Urban,Branch,Gold,6,Yes,0
04000607,63,1,44,3,40,6,26,8,7,No,Yes,Salary,4,Urban,Branch,Gold,5,Yes,0
04000608,44,81,46,6,40,5,21,9,174,No,No,Current,3,Rural,Branch,Gold,8,Yes,1
04000609,63,42,23,4,74,7,53,2,23,No,Yes,Current,3,Rural,Branch,Gold,2,No,0
04000610,55,75,29,1,35,5,43,9,174,Yes,Yes,Savings,3,Rural,App,Gold,1,Yes,0
04000611,44,40,23,5,82,7,8,8,109,No,No,Salary,4,Urban,App,Standard,7,No,0
04000612,62,79,45,4,72,7,42,7,149,No,No,Current,4,Metro,Branch,Standard,1,Yes,0
04000613,43,67,34,1,39,0,4,4,34,No,No,Savings,2,Urban,App,Gold,5,Yes,0
04000614,24,54,42,4,38,3,49,5,20,No,No,Current,2,Metro,Branch,Gold,7,No,0
04000615,42,29,25,4,59,1,44,2,92,No,Yes,Savings,3,Urban,Phone,Standard,6,No,1
04000616,59,66,32,2,49,5,21,3,24,Yes,Yes,Current,2,Rural,Branch,Standard,0,Yes,0
04000617,57,6,51,1,1,0,13,3,58,Yes,Yes,Salary,1,Metro,Phone,Platinum,8,Yes,1
04000618,39,44,34,4,21,4,47,9,79,Yes,Yes,Salary,4,Urban,Branch,Standard,1,No,1
04000619,37,34,35,3,50,1,13,7,69,Yes,Yes,Current,2,Rural,App,Platinum,6,Yes,0
04000620,67,56,54,6,64,6,27,1,138,No,No,Current,4,Metro,Branch,Standard,9,No,0
04000621,41,19,40,2,1,5,6,2,180,Yes,No,Savings,3,Metro,Phone,Platinum,5,Yes,0
04000622,47,75,55,4,3,2,26,6,85,No,Yes,Salary,4,Rural,App,Platinum,9,No,0
04000623,38,51,68,1,65,6,4,5,154,Yes,Yes,Current,4,Urban,App,Standard,1,No,0
04000624,38,13,59,5,67,8,9,7,153,Yes,Yes,Current,1,Metro,Phone,Standard,9,No,0
04000625,68,68,27,2,78,5,1,5,34,Yes,Yes,Savings,5,Metro,Phone,Gold,7,No,0
04000626,27,10,42,3,22,3,3,0,130,No,No,Current,4,Metro,App,Platinum,10,Yes,1
04000627,21,32,26,5,53,1,4,1,14,No,No,Salary,2,Urban,Branch,Standard,6,No,0
04000628,22,84,58,2,37,1,19,2,65,Yes,Yes,Current,5,Rural,Phone,Standard,5,Yes,0
04000629,32,36,46,5,14,1,4,10,15,Yes,Yes,Current,2,Urban,Branch,Standard,8,Yes,0
04000630,25,84,37,1,45,3,30,2,166,No,Yes,Salary,2,Metro,Branch,Gold,0,Yes,1
04000631,35,58,29,6,35,3,33,2,45,No,Yes,Savings,5,Urban,Phone,Standard,1,No,0
04000632,64,14,36,5,39,6,24,8,110,Yes,Yes,Salary,2,Metro,Branch,Standard,3,No,1
04000633,23,40,51,3,84,3,47,0,111,No,Yes,Salary,2,Rural,App,Standard,0,No,0
04000634,54,65,42,5,52,2,54,9,180,Yes,Yes,Salary,5,Urban,App,Platinum,5,Yes,1
04000635,29,15,51,2,38,4,3,5,178,Yes,Yes,Salary,1,Metro,Branch,Standard,5,Yes,1
04000636,29,59,65,5,11,1,19,5,51,Yes,Yes,Savings,1,Urban,Phone,Standard,1,Yes,1
04000637,50,79,57,5,13,1,40,5,61,Yes,No,Current,5,Metro,App,Standard,2,No,0
04000638,49,63,43,1,1,5,43,2,157,Yes,No,Current,2,Rural,Phone,Platinum,2,No,1
04000639,24,64,27,5,81,0,13,1,105,Yes,No,Current,1,Urban,Branch,Platinum,3,Yes,0
04000640,66,71,33,2,72,0,50,10,131,Yes,No,Current,1,Metro,App,Platinum,4,No,0
04000641,22,69,30,3,74,0,43,1,99,No,Yes,Current,2,Urban,Branch,Platinum,4,No,0
04000642,33,58,39,6,72,0,49,4,32,No,No,Salary,5,Urban,Phone,Gold,8,Yes,0
04000643,50,27,37,4,78,7,27,9,15,Yes,No,Savings,3,Metro,App,Platinum,5,Yes,0
04000644,51,42,56,6,35,7,8,8,46,Yes,No,Current,5,Metro,Phone,Standard,3,No,0
04000645,38,42,46,4,67,3,39,8,121,No,No,Salary,4,Rural,Branch,Standard,4,Yes,1
04000646,33,55,31,1,46,0,53,2,82,Yes,No,Salary,1,Rural,Phone,Platinum,0,Yes,1
04000647,65,16,63,2,27,3,7,8,14,No,No,Salary,4,Rural,Branch,Standard,2,Yes,0
04000648,69,20,49,1,0,1,20,3,159,Yes,No,Salary,4,Metro,App,Platinum,5,Yes,0
04000649,25,30,62,2,69,4,8,10,152,No,Yes,Current,2,Urban,Branch,Platinum,9,Yes,1
04000650,26,71,30,4,82,0,11,10,97,No,No,Salary,4,Urban,Phone,Standard,2,Yes,0
04000651,24,74,40,4,15,2,30,4,88,Yes,Yes,Salary,2,Metro,Phone,Standard,8,Yes,0
04000652,52,58,55,2,10,3,0,5,108,Yes,Yes,Salary,2,Urban,Branch,Standard,4,No,0
04000653,61,30,61,4,30,7,9,3,0,Yes,No,Current,3,Rural,Phone,Standard,4,No,0
04000654,45,80,42,4,42,5,6,7,64,No,Yes,Current,3,Metro,App,Platinum,4,Yes,1
04000655,63,84,53,5,12,5,54,7,48,Yes,No,Savings,1,Metro,Phone,Gold,6,Yes,0
04000656,64,15,64,6,78,5,29,5,172,No,No,Savings,3,Urban,App,Platinum,6,Yes,1
04000657,62,37,26,4,63,2,28,6,51,Yes,No,Salary,4,Rural,App,Platinum,9,Yes,0
04000658,40,41,41,4,16,8,2,3,87,No,Yes,Salary,1,Rural,Phone,Platinum,10,No,1
04000659,64,18,43,1,78,4,9,9,179,Yes,Yes,Salary,5,Metro,Phone,Gold,7,Yes,1
04000660,67,39,48,3,9,6,24,2,52,Yes,Yes,Current,5,Urban,Phone,Gold,9,Yes,0
04000661,30,78,41,5,13,4,22,4,65,Yes,Yes,Salary,3,Metro,App,Standard,3,Yes,0
04000662,54,54,21,2,26,5,21,2,145,No,No,Salary,5,Rural,Phone,Gold,0,Yes,1
04000663,24,21,48,1,6,1,26,5,81,Yes,No,Savings,2,Urban,App,Gold,1,Yes,0
04000664,67,11,57,3,64,7,33,0,85,Yes,No,Savings,1,Metro,App,Standard,0,Yes,0
04000665,38,49,39,2,9,1,52,7,82,No,No,Savings,5,Rural,App,Gold,4,Yes,1
04000666,61,62,55,2,69,5,4,4,23,Yes,Yes,Salary,1,Urban,Branch,Standard,3,Yes,0
04000667,21,13,41,6,48,4,13,10,106,Yes,Yes,Salary,1,Metro,App,Standard,1,No,1
04000668,35,83,48,2,27,6,40,4,143,Yes,No,Salary,5,Urban,Branch,Gold,1,Yes,1
04000669,39,68,32,3,52,7,29,6,102,Yes,No,Salary,5,Metro,Branch,Platinum,2,Yes,1
04000670,52,25,55,6,7,0,32,5,67,Yes,No,Salary,1,Urban,Phone,Gold,9,No,1
04000671,44,11,52,1,61,2,15,1,20,No,No,Savings,1,Urban,App,Platinum,0,Yes,0
04000672,31,77,59,6,72,2,1,3,153,Yes,No,Current,1,Urban,Branch,Platinum,3,No,1
04000673,49,0,68,3,4,6,53,8,44,Yes,No,Current,2,Urban,Phone,Gold,3,Yes,1
04000674,40,23,30,2,77,6,37,9,30,No,Yes,Salary,1,Rural,App,Platinum,7,No,0
04000675,43,17,30,4,33,1,34,5,58,Yes,Yes,Current,4,Metro,Phone,Standard,9,No,0
04000676,48,73,36,1,79,2,23,10,47,No,Yes,Savings,5,Urban,Branch,Gold,1,Yes,0
04000677,48,27,32,1,21,4,9,3,164,No,No,Savings,3,Metro,Branch,Standard,5,No,1
04000678,55,47,30,1,55,5,39,4,1,Yes,Yes,Savings,5,Metro,Phone,Gold,6,Yes,0
04000679,33,79,39,5,44,5,3,8,32,No,No,Salary,2,Urban,Branch,Standard,1,Yes,1
04000680,56,6,50,5,16,8,12,7,127,Yes,No,Savings,5,Metro,Phone,Gold,1,Yes,1
04000681,32,8,37,4,75,1,41,8,100,No,Yes,Current,5,Metro,App,Gold,3,No,1
04000682,26,29,40,3,3,3,40,4,30,Yes,Yes,Savings,4,Rural,App,Standard,9,No,1
04000683,44,73,27,1,36,8,12,3,152,Yes,Yes,Savings,1,Urban,Phone,Gold,7,No,0
04000684,30,67,61,1,64,2,42,9,37,Yes,No,Current,3,Rural,Branch,Gold,1,Yes,0
04000685,69,42,56,5,22,5,22,7,144,No,No,Current,5,Urban,Phone,Platinum,7,Yes,1
04000686,32,57,35,6,48,7,20,5,110,No,Yes,Current,5,Metro,App,Platinum,10,Yes,1
04000687,23,55,49,6,67,7,1,6,104,Yes,Yes,Current,3,Rural,Branch,Platinum,7,Yes,1
04000688,42,56,26,4,25,0,11,3,150,No,Yes,Current,5,Metro,Phone,Standard,10,Yes,1
04000689,44,26,43,6,44,7,32,6,141,No,No,Current,2,Urban,App,Gold,2,Yes,1
04000690,66,55,53,5,43,3,4,4,131,No,Yes,Salary,4,Metro,Branch,Platinum,9,Yes,1
04000691,26,75,61,3,76,6,10,9,8,No,No,Current,1,Metro,Branch,Standard,4,No,0
04000692,66,20,68,6,48,4,8,7,8,Yes,No,Salary,5,Metro,Branch,Gold,1,Yes,0
04000693,62,35,25,1,6,2,38,7,163,Yes,Yes,Salary,4,Rural,Phone,Standard,1,No,1
04000694,36,19,36,2,31,1,14,5,114,Yes,No,Current,1,Metro,Phone,Gold,3,No,0
04000695,52,10,44,6,48,3,46,0,44,Yes,Yes,Savings,1,Urban,Phone,Standard,7,No,0
04000696,30,2,62,3,24,0,15,0,130,Yes,Yes,Savings,3,Metro,Branch,Gold,9,Yes,0
04000697,62,14,27,1,38,6,17,3,121,No,No,Current,1,Rural,Phone,Gold,3,No,1
04000698,56,34,27,1,7,8,46,1,40,No,No,Salary,3,Urban,Branch,Gold,4,Yes,0
04000699,60,30,51,2,24,4,23,10,33,No,No,Salary,3,Urban,App,Gold,9,No,1
04000700,32,21,50,5,63,8,32,6,124,No,No,Salary,2,Urban,App,Platinum,1,No,1
04000701,56,68,30,1,82,5,37,9,130,No,No,Current,5,Metro,Branch,Standard,9,Yes,0
04000702,33,66,50,3,28,1,42,4,8,Yes,No,Savings,4,Urban,Branch,Gold,2,No,1
04000703,35,71,51,5,6,8,31,6,22,No,No,Current,2,Urban,Branch,Standard,2,No,1
04000704,25,39,39,4,74,6,37,9,31,Yes,No,Salary,3,Urban,App,Standard,6,Yes,0
04000705,56,45,28,2,53,8,6,7,138,No,No,Salary,1,Rural,Phone,Gold,8,Yes,1
04000706,57,7,46,5,21,3,49,0,153,Yes,Yes,Current,3,Metro,Branch,Platinum,0,No,1
04000707,27,66,56,1,54,8,18,7,49,Yes,No,Salary,5,Urban,Phone,Standard,4,No,0
04000708,69,73,24,4,3,8,52,3,144,No,No,Current,5,Metro,Branch,Gold,4,No,1
04000709,42,58,39,6,2,5,49,1,12,No,No,Current,4,Urban,App,Gold,6,Yes,1
04000710,52,42,23,4,63,7,4,2,22,No,Yes,Savings,2,Metro,App,Gold,10,Yes,0
04000711,28,45,22,3,38,5,32,3,121,Yes,Yes,Current,5,Urban,App,Platinum,0,No,1
04000712,48,51,33,1,8,5,40,0,42,No,No,Current,2,Urban,Branch,Gold,9,Yes,0
04000713,59,73,58,4,6,1,23,4,14,Yes,No,Salary,2,Urban,Branch,Standard,2,Yes,1
04000714,58,42,21,4,73,0,24,4,168,Yes,Yes,Salary,4,Metro,Phone,Platinum,8,No,1
04000715,35,76,63,1,24,8,41,5,29,No,No,Current,5,Metro,App,Gold,5,Yes,1
04000716,47,25,32,1,21,2,21,3,58,Yes,Yes,Savings,5,Rural,Phone,Standard,4,No,0
04000717,48,74,61,2,35,4,20,9,178,No,No,Salary,1,Rural,Phone,Gold,10,No,0
04000718,23,72,39,2,22,4,13,0,51,Yes,Yes,Savings,4,Urban,Branch,Platinum,1,Yes,0
04000719,32,62,40,3,8,1,45,1,51,Yes,No,Current,2,Rural,Branch,Platinum,7,Yes,1
04000720,24,19,29,4,2,0,18,6,20,Yes,No,Savings,5,Urban,Phone,Platinum,9,No,1
04000721,68,33,59,2,81,5,34,2,26,Yes,Yes,Current,4,Urban,Branch,Gold,0,No,0
04000722,32,42,65,1,52,3,17,1,50,Yes,No,Current,4,Metro,Phone,Gold,0,No,0
04000723,61,82,59,5,59,1,13,10,117,No,Yes,Current,1,Urban,Phone,Standard,0,Yes,0
04000724,48,45,38,1,83,7,47,3,33,Yes,No,Savings,4,Urban,Branch,Standard,3,Yes,0
04000725,58,35,31,1,58,4,36,8,104,No,Yes,Current,5,Metro,App,Platinum,2,No,1
04000726,21,4,59,2,65,5,33,5,20,Yes,Yes,Current,3,Rural,App,Platinum,8,Yes,0
04000727,54,6,49,5,81,6,51,2,121,No,Yes,Savings,5,Urban,App,Platinum,9,Yes,1
04000728,46,14,22,5,63,0,10,5,110,Yes,Yes,Salary,5,Metro,Phone,Platinum,0,Yes,1
04000729,22,17,52,6,9,1,46,5,114,Yes,Yes,Salary,3,Urban,Branch,Standard,10,No,0
04000730,68,16,68,4,83,3,28,0,136,Yes,Yes,Salary,4,Metro,Phone,Platinum,5,No,0
04000731,35,76,31,1,36,1,47,8,95,Yes,No,Current,4,Urban,Phone,Platinum,3,No,1
04000732,58,18,63,4,34,8,24,3,81,No,No,Salary,5,Rural,Phone,Standard,2,No,1
04000733,42,71,45,1,13,8,13,4,154,No,Yes,Savings,5,Metro,App,Standard,10,Yes,1
04000734,51,10,25,3,9,2,14,10,5,No,No,Current,2,Rural,Phone,Platinum,5,No,0
04000735,34,12,55,4,37,2,14,9,96,No,Yes,Current,2,Rural,App,Standard,6,Yes,0
04000736,69,84,25,5,16,4,19,1,72,Yes,Yes,Current,3,Rural,Phone,Platinum,4,Yes,0
04000737,31,65,31,5,29,7,22,10,129,No,No,Salary,1,Urban,App,Standard,7,Yes,1
04000738,25,59,52,6,41,6,33,10,136,Yes,No,Savings,3,Metro,Branch,Gold,6,No,1
04000739,43,58,67,2,78,5,8,5,108,Yes,Yes,Savings,5,Metro,App,Platinum,1,No,0
04000740,64,19,62,1,20,7,26,7,76,Yes,No,Current,3,Urban,Phone,Standard,1,Yes,0
04000741,65,68,26,3,29,0,0,9,156,Yes,Yes,Salary,3,Rural,App,Gold,10,No,0
04000742,54,53,38,5,37,4,21,6,22,No,No,Current,1,Rural,App,Gold,8,Yes,1
04000743,50,22,53,4,59,4,25,7,118,Yes,No,Savings,1,Metro,App,Platinum,0,Yes,1
04000744,47,35,31,6,79,5,44,2,19,No,No,Salary,3,Rural,Phone,Standard,0,Yes,1
04000745,66,7,47,1,65,0,11,5,107,Yes,No,Salary,4,Urban,Phone,Gold,3,Yes,0
04000746,40,37,35,2,50,7,55,4,55,No,Yes,Savings,2,Rural,Branch,Gold,7,No,1
04000747,35,65,40,6,60,3,23,6,44,No,Yes,Savings,3,Metro,App,Standard,1,Yes,1
04000748,42,12,32,6,55,6,10,5,89,Yes,No,Current,2,Urban,Phone,Platinum,5,Yes,0
04000749,58,84,67,5,63,6,36,10,31,No,Yes,Savings,2,Rural,App,Gold,8,Yes,1
04000750,67,43,31,6,16,0,21,3,73,No,Yes,Salary,1,Metro,App,Standard,5,No,0
04000751,29,76,35,6,59,0,19,4,34,No,No,Salary,1,Urban,Branch,Platinum,10,No,0
04000752,63,44,46,5,80,5,5,6,81,Yes,Yes,Current,4,Metro,Phone,Standard,6,No,1
04000753,28,52,68,3,78,7,23,6,29,No,Yes,Salary,5,Metro,Phone,Standard,8,Yes,0
04000754,31,61,67,2,37,8,49,7,171,Yes,No,Salary,2,Urban,App,Platinum,10,No,1
04000755,24,67,64,6,66,4,8,5,113,No,No,Salary,1,Rural,Branch,Gold,6,Yes,1
04000756,67,18,25,6,38,4,34,1,139,Yes,No,Current,5,Urban,App,Platinum,9,Yes,1
04000757,57,6,57,5,56,0,18,8,177,No,No,Current,5,Rural,App,Platinum,7,Yes,1
04000758,52,55,37,5,48,4,22,3,177,No,Yes,Current,5,Rural,Phone,Standard,2,No,1
04000759,41,66,68,1,42,7,43,6,77,Yes,Yes,Current,4,Metro,Branch,Standard,4,Yes,1
04000760,31,63,63,4,53,5,34,5,80,No,No,Current,3,Metro,App,Platinum,3,No,1
04000761,38,44,38,6,15,7,4,5,45,Yes,Yes,Salary,2,Metro,Phone,Platinum,8,Yes,0
04000762,41,38,60,4,27,2,16,1,86,No,Yes,Current,5,Rural,Branch,Gold,2,Yes,0
04000763,52,64,44,2,13,7,38,10,171,No,Yes,Current,4,Rural,App,Standard,7,Yes,0
04000764,32,49,66,5,55,4,17,2,85,No,No,Current,1,Rural,App,Standard,9,Yes,0
04000765,35,24,31,1,55,6,48,6,97,Yes,Yes,Salary,2,Rural,Phone,Gold,6,Yes,0
04000766,40,63,53,6,18,5,21,0,14,Yes,No,Current,5,Urban,App,Standard,5,Yes,0
04000767,31,70,28,6,60,4,5,9,14,No,Yes,Savings,1,Rural,Phone,Gold,4,Yes,1
04000768,60,7,29,6,72,3,55,8,83,Yes,No,Current,2,Urban,App,Platinum,2,Yes,1
04000769,38,75,51,6,2,0,40,8,127,No,No,Current,5,Urban,Branch,Standard,3,No,1
04000770,31,70,36,4,54,4,30,10,124,Yes,Yes,Savings,2,Metro,Branch,Gold,5,No,0
04000771,23,23,25,6,31,5,15,10,144,Yes,Yes,Savings,4,Metro,Phone,Standard,6,Yes,1
04000772,39,59,30,1,4,4,8,1,33,No,No,Salary,2,Urban,Branch,Standard,6,No,1
04000773,21,35,26,3,37,5,22,2,137,Yes,Yes,Current,4,Rural,Branch,Standard,0,No,1
04000774,37,68,34,4,76,3,30,9,7,No,Yes,Savings,5,Rural,App,Platinum,6,No,0
04000775,44,23,51,2,30,5,14,9,168,Yes,No,Salary,1,Urban,Phone,Standard,5,Yes,0
04000776,51,57,42,3,36,2,17,5,165,Yes,No,Salary,5,Urban,App,Platinum,6,Yes,0
04000777,62,26,35,5,68,3,43,4,35,No,Yes,Salary,1,Rural,Branch,Standard,2,Yes,0
04000778,32,30,31,6,70,8,25,3,124,Yes,Yes,Salary,2,Rural,Branch,Standard,5,Yes,1
04000779,64,22,58,3,34,7,23,4,46,No,No,Salary,1,Metro,Branch,Gold,8,Yes,0
04000780,28,49,52,1,34,5,15,8,127,Yes,No,Savings,5,Rural,Branch,Gold,7,No,1
04000781,22,16,54,6,58,8,2,3,175,No,Yes,Savings,4,Urban,Branch,Platinum,6,No,1
04000782,31,29,55,4,5,4,29,9,161,Yes,No,Current,3,Rural,Branch,Gold,2,Yes,1
04000783,52,42,21,6,49,2,5,7,101,Yes,No,Salary,5,Metro,Phone,Gold,8,Yes,1
04000784,41,3,34,1,59,0,4,6,65,No,No,Current,2,Metro,Phone,Standard,9,Yes,0
04000785,41,58,38,3,68,5,37,9,41,No,No,Savings,3,Metro,Phone,Platinum,6,No,0
04000786,66,55,55,4,62,6,23,1,12,No,No,Savings,5,Metro,Branch,Standard,5,Yes,0
04000787,32,56,26,4,11,4,49,4,139,Yes,Yes,Savings,5,Rural,Branch,Standard,0,No,1
04000788,49,18,66,6,3,4,19,3,116,Yes,No,Current,5,Metro,Phone,Standard,4,No,0
04000789,56,22,29,2,30,2,7,10,127,No,Yes,Savings,5,Urban,Phone,Standard,1,No,1
04000790,32,43,32,2,36,7,11,5,113,Yes,No,Current,5,Urban,Phone,Gold,7,Yes,1
04000791,65,46,57,1,58,7,40,10,152,Yes,No,Salary,3,Rural,App,Standard,10,Yes,1
04000792,45,40,59,3,48,8,54,7,6,Yes,No,Current,3,Urban,Phone,Standard,1,Yes,1
04000793,22,29,47,5,19,2,31,3,71,Yes,Yes,Current,1,Metro,App,Platinum,2,No,0
04000794,21,17,47,4,54,5,5,8,111,Yes,No,Current,4,Metro,App,Standard,6,Yes,1
04000795,49,74,21,3,60,3,44,7,139,No,Yes,Savings,2,Metro,Phone,Gold,0,No,0
04000796,42,80,46,2,58,2,13,4,89,No,Yes,Savings,3,Metro,App,Platinum,3,No,0
04000797,64,59,59,3,82,3,23,0,178,Yes,No,Savings,1,Rural,App,Gold,9,No,1
04000798,47,47,49,3,26,5,41,2,68,Yes,Yes,Savings,3,Urban,Phone,Standard,4,No,0
04000799,39,33,22,3,32,2,21,7,107,No,Yes,Savings,5,Urban,Branch,Standard,2,No,1
04000800,37,76,44,4,3,3,41,5,13,Yes,Yes,Salary,4,Rural,Branch,Gold,0,No,0
04000801,43,63,57,2,78,5,53,1,17,Yes,Yes,Current,2,Rural,Branch,Platinum,8,Yes,0
04000802,26,28,29,1,70,3,13,10,124,No,Yes,Savings,1,Metro,App,Platinum,5,Yes,1
04000803,40,81,23,2,42,0,8,0,84,Yes,Yes,Savings,4,Metro,Branch,Platinum,7,Yes,1
04000804,38,10,45,5,31,6,17,0,159,Yes,No,Salary,4,Urban,Phone,Platinum,6,Yes,1
04000805,49,38,41,6,49,7,6,7,167,No,Yes,Current,1,Metro,Phone,Standard,7,No,0
04000806,33,3,41,4,42,7,40,4,102,Yes,Yes,Current,2,Urban,Phone,Platinum,9,Yes,1
04000807,66,61,22,3,60,6,41,7,158,No,Yes,Savings,2,Rural,App,Gold,7,No,0
04000808,22,30,64,1,16,1,0,10,169,Yes,No,Current,4,Rural,App,Standard,10,Yes,0
04000809,55,69,59,5,23,2,47,6,133,No,Yes,Savings,4,Rural,App,Platinum,5,No,1
04000810,27,49,24,6,9,3,34,10,43,No,Yes,Current,5,Rural,Phone,Platinum,3,No,0
04000811,56,71,64,6,59,1,27,0,112,No,Yes,Salary,5,Rural,Phone,Gold,3,Yes,0
04000812,64,44,66,6,11,2,17,2,133,No,Yes,Current,3,Rural,Phone,Gold,3,Yes,0
04000813,36,79,62,6,82,3,27,4,132,Yes,No,Savings,5,Urban,Phone,Gold,8,Yes,1
04000814,43,18,68,5,35,5,15,7,28,Yes,Yes,Salary,5,Rural,Phone,Platinum,10,No,1
04000815,21,62,30,1,70,1,24,5,40,Yes,Yes,Current,3,Metro,App,Standard,8,Yes,0
04000816,43,77,60,4,32,6,8,9,33,No,No,Current,5,Urban,Phone,Platinum,1,No,0
04000817,22,1,48,1,18,1,29,7,11,No,Yes,Current,2,Rural,App,Standard,4,No,0
04000818,45,26,63,5,63,0,54,4,178,Yes,No,Current,4,Metro,Branch,Gold,7,Yes,1
04000819,24,82,46,1,77,3,41,0,178,Yes,No,Current,4,Urban,Phone,Standard,3,No,0
04000820,46,5,60,2,3,0,20,1,44,Yes,Yes,Savings,5,Rural,Phone,Platinum,2,Yes,0
04000821,37,42,23,3,66,0,43,8,141,Yes,Yes,Savings,5,Metro,Phone,Gold,10,No,1
04000822,25,1,37,5,68,5,33,0,86,No,Yes,Salary,1,Urban,App,Gold,9,No,1
04000823,53,26,47,1,71,4,28,3,149,No,Yes,Salary,5,Metro,App,Platinum,1,Yes,1
04000824,52,58,66,2,12,6,35,4,158,No,Yes,Salary,3,Rural,App,Standard,8,Yes,0
04000825,67,77,68,6,49,4,20,4,171,No,Yes,Savings,1,Rural,App,Platinum,4,Yes,0
04000826,51,39,52,4,4,6,44,9,21,No,No,Savings,2,Urban,App,Standard,6,Yes,0
04000827,67,42,33,1,12,6,22,1,107,Yes,No,Current,1,Urban,Phone,Platinum,8,No,0
04000828,24,58,38,2,26,7,8,2,20,Yes,No,Savings,4,Metro,Phone,Platinum,0,Yes,0
04000829,40,22,52,2,32,7,32,10,94,Yes,No,Salary,3,Rural,Branch,Platinum,9,Yes,1
04000830,21,66,42,2,61,3,26,3,8,Yes,No,Salary,1,Metro,App,Gold,6,Yes,0
04000831,30,78,46,4,60,3,6,4,164,Yes,No,Current,2,Rural,Branch,Platinum,2,No,0
04000832,23,67,51,4,34,7,35,9,55,Yes,No,Current,2,Urban,Branch,Standard,6,No,1
04000833,42,29,25,3,28,2,38,10,59,No,No,Salary,3,Rural,Phone,Platinum,6,No,0
04000834,32,23,26,4,29,3,32,7,165,No,Yes,Savings,3,Metro,Branch,Standard,2,Yes,1
04000835,21,32,43,6,30,7,33,4,100,No,Yes,Savings,1,Rural,Branch,Standard,0,Yes,1
04000836,52,63,68,1,45,4,49,3,132,No,No,Savings,4,Rural,App,Gold,1,No,0
04000837,50,59,35,1,76,2,51,2,41,No,No,Current,3,Rural,Phone,Gold,8,Yes,0
04000838,65,80,29,3,3,1,32,4,71,Yes,Yes,Salary,1,Urban,Phone,Standard,5,No,0
04000839,64,60,41,6,45,0,24,4,4,No,Yes,Current,2,Rural,Branch,Standard,2,No,0
04000840,39,59,56,6,27,4,7,1,130,No,Yes,Current,3,Rural,App,Gold,9,Yes,1
04000841,58,18,64,4,60,5,23,5,135,No,Yes,Savings,5,Metro,App,Gold,7,Yes,0
04000842,31,9,63,4,52,3,9,2,10,Yes,Yes,Salary,1,Urban,Branch,Gold,3,Yes,0
04000843,54,11,28,5,72,4,11,5,117,Yes,No,Savings,1,Urban,App,Standard,1,Yes,0
04000844,67,8,36,5,63,7,3,9,10,No,No,Savings,1,Rural,Branch,Standard,6,No,1
04000845,35,76,51,4,52,0,0,3,68,No,No,Current,3,Rural,App,Platinum,0,No,0
04000846,51,6,58,6,67,1,15,2,164,Yes,No,Current,2,Rural,App,Gold,2,No,0
04000847,55,66,62,1,82,4,16,0,28,No,Yes,Current,4,Urban,App,Gold,6,No,0
04000848,21,74,59,3,71,3,9,2,51,No,Yes,Salary,2,Urban,App,Standard,6,No,0
04000849,63,44,43,2,36,4,29,7,8,No,No,Current,5,Rural,Phone,Gold,10,No,1
04000850,50,65,65,3,84,4,30,2,76,Yes,Yes,Savings,5,Rural,Branch,Gold,8,Yes,0
04000851,22,79,24,1,34,4,0,3,151,Yes,No,Current,5,Metro,Phone,Platinum,6,Yes,1
04000852,34,35,40,2,73,5,32,9,133,Yes,Yes,Savings,1,Urban,Branch,Gold,7,No,1
04000853,25,41,63,6,22,0,8,10,13,No,No,Savings,2,Rural,Branch,Platinum,8,No,0
04000854,53,58,53,1,10,7,34,2,25,Yes,Yes,Savings,3,Rural,Branch,Gold,4,No,0
04000855,30,30,57,1,44,1,6,1,166,No,No,Current,5,Metro,Branch,Standard,2,Yes,0
04000856,69,59,44,2,69,1,2,0,169,Yes,No,Current,1,Urban,App,Standard,1,Yes,0
04000857,28,28,49,4,52,7,26,7,151,Yes,Yes,Salary,4,Urban,Phone,Gold,0,Yes,1
04000858,58,45,63,3,50,2,16,7,154,Yes,No,Savings,3,Metro,App,Standard,7,No,1
04000859,68,84,26,4,66,2,13,7,180,No,Yes,Current,3,Urban,App,Gold,9,No,0
04000860,32,8,49,2,74,3,46,0,15,No,Yes,Savings,1,Urban,Phone,Gold,10,Yes,1
04000861,63,48,68,5,46,0,50,10,56,Yes,No,Salary,5,Metro,Phone,Gold,1,Yes,1
04000862,58,36,38,4,70,1,14,6,22,No,No,Salary,2,Rural,Branch,Gold,2,Yes,1
04000863,23,59,66,4,84,2,43,6,3,No,Yes,Current,3,Metro,Branch,Standard,0,Yes,0
04000864,69,38,43,2,0,1,0,3,124,No,No,Current,5,Rural,Branch,Platinum,0,Yes,1
04000865,61,21,59,6,36,6,54,2,70,No,No,Current,4,Urban,Branch,Gold,0,No,0
04000866,56,68,61,1,35,2,26,9,5,No,Yes,Savings,4,Metro,Phone,Platinum,7,Yes,0
04000867,39,57,22,5,52,0,7,2,58,Yes,No,Current,2,Metro,Branch,Standard,5,Yes,0
04000868,29,3,53,1,9,4,32,7,139,No,No,Salary,3,Urban,Phone,Standard,3,No,1
04000869,51,19,66,6,2,2,27,6,164,Yes,No,Salary,3,Metro,Branch,Standard,3,Yes,1
04000870,64,60,32,3,30,7,12,1,50,Yes,Yes,Salary,3,Metro,App,Standard,8,Yes,0
04000871,47,33,30,1,6,6,6,7,72,Yes,Yes,Salary,3,Urban,Phone,Platinum,5,Yes,0
04000872,22,10,52,1,53,2,26,7,128,No,No,Savings,1,Urban,Branch,Platinum,3,Yes,0
04000873,69,69,66,6,55,6,47,0,13,Yes,No,Savings,5,Urban,App,Standard,10,Yes,0
04000874,50,15,50,3,15,8,24,5,63,Yes,No,Current,2,Urban,Branch,Gold,9,Yes,1
04000875,34,62,52,2,39,8,7,3,28,Yes,No,Current,2,Urban,Phone,Gold,9,No,0
04000876,47,60,34,5,17,5,5,1,143,No,No,Salary,3,Urban,Phone,Platinum,7,No,1
04000877,53,11,24,5,30,2,36,8,27,Yes,No,Savings,5,Rural,App,Standard,9,No,1
04000878,61,43,53,3,46,6,29,8,50,No,No,Salary,5,Rural,Branch,Platinum,6,Yes,1
04000879,35,32,36,2,72,3,35,4,146,No,Yes,Salary,5,Urban,Branch,Standard,8,No,1
04000880,62,1,26,1,49,1,11,6,80,No,Yes,Current,1,Urban,App,Gold,4,Yes,0
04000881,46,37,35,3,23,6,18,2,21,No,No,Salary,3,Urban,Branch,Standard,4,No,1
04000882,29,74,69,1,55,1,0,9,32,No,No,Savings,3,Metro,Branch,Gold,7,No,0
04000883,44,38,49,1,10,3,1,5,10,Yes,No,Salary,4,Rural,Phone,Platinum,7,No,0
04000884,58,23,31,6,35,1,10,4,25,No,Yes,Savings,5,Rural,App,Standard,6,Yes,0
04000885,39,31,66,5,65,5,31,8,157,No,No,Salary,1,Urban,Branch,Platinum,8,Yes,1
04000886,35,31,61,5,63,8,27,9,170,Yes,Yes,Current,3,Rural,Branch,Standard,6,Yes,1
04000887,26,63,29,4,57,7,3,3,102,Yes,No,Savings,5,Rural,Branch,Standard,9,No,1
04000888,45,63,43,5,11,7,4,5,118,No,Yes,Current,3,Rural,App,Standard,1,Yes,1
04000889,22,52,21,6,57,5,41,0,103,No,Yes,Salary,2,Rural,Branch,Platinum,8,Yes,1
04000890,66,28,26,5,24,8,22,0,104,No,No,Savings,4,Metro,App,Platinum,10,Yes,1
04000891,41,64,21,5,49,7,41,0,171,No,Yes,Current,2,Urban,App,Gold,10,Yes,1
04000892,46,49,55,5,76,8,10,4,22,No,Yes,Savings,4,Urban,Phone,Standard,2,Yes,1
04000893,65,3,59,4,51,2,45,10,39,Yes,Yes,Savings,5,Urban,Phone,Standard,0,No,1
04000894,59,59,35,4,44,6,4,0,84,No,Yes,Current,2,Metro,App,Standard,8,No,0
04000895,28,78,60,6,70,2,17,5,108,Yes,No,Savings,3,Rural,Branch,Standard,2,No,1
04000896,41,77,31,3,73,5,43,3,64,Yes,No,Savings,2,Urban,Phone,Gold,7,Yes,1
04000897,66,61,23,6,15,5,3,10,49,Yes,No,Current,5,Metro,Branch,Gold,5,No,1
04000898,48,8,24,1,23,3,13,4,142,Yes,No,Salary,3,Metro,Branch,Platinum,0,Yes,0
04000899,38,68,28,6,67,8,40,7,137,Yes,No,Current,4,Urban,Branch,Gold,1,Yes,1
04000900,58,62,61,4,58,0,5,4,34,No,Yes,Savings,1,Urban,Branch,Platinum,5,No,0
04000901,35,25,58,2,81,4,20,6,143,No,No,Current,5,Rural,App,Platinum,9,Yes,1
04000902,42,64,46,2,1,4,19,5,174,No,Yes,Current,2,Urban,Phone,Standard,1,No,1
04000903,36,77,41,2,59,2,8,3,30,Yes,No,Savings,1,Metro,App,Standard,4,Yes,0
04000904,67,11,30,5,24,3,37,5,57,Yes,Yes,Savings,5,Metro,Phone,Gold,8,Yes,1
04000905,24,44,43,1,40,4,11,4,68,Yes,Yes,Savings,4,Metro,Branch,Platinum,10,Yes,1
04000906,56,37,49,3,39,5,50,2,156,No,No,Savings,5,Rural,App,Platinum,6,Yes,1
04000907,56,45,30,5,10,0,52,3,171,Yes,Yes,Salary,2,Metro,Branch,Platinum,9,Yes,1
04000908,44,82,24,6,48,5,35,3,45,Yes,Yes,Salary,2,Urban,Phone,Platinum,9,No,0
04000909,40,82,34,5,17,1,20,2,138,Yes,Yes,Current,3,Metro,Branch,Platinum,5,Yes,1
04000910,21,39,53,6,51,3,41,0,54,No,Yes,Salary,3,Urban,Branch,Gold,9,Yes,0
04000911,52,20,29,4,60,4,35,6,124,No,Yes,Current,2,Metro,Phone,Gold,3,Yes,1
04000912,29,0,29,1,67,5,53,0,49,Yes,No,Current,3,Rural,Phone,Platinum,10,Yes,0
04000913,55,11,42,5,36,0,23,9,60,Yes,No,Savings,3,Urban,Phone,Gold,4,Yes,0
04000914,50,75,21,3,38,2,55,8,90,No,No,Current,5,Rural,Phone,Platinum,3,No,1
04000915,39,32,28,4,41,5,48,8,136,No,Yes,Salary,2,Metro,Branch,Gold,1,No,1
04000916,68,3,21,4,84,7,44,7,107,No,No,Savings,1,Rural,Branch,Gold,6,Yes,1
04000917,51,30,61,2,68,0,34,2,88,Yes,No,Savings,5,Rural,App,Standard,7,No,0
04000918,40,74,57,6,71,8,49,0,85,No,No,Savings,4,Urban,App,Gold,4,No,0
04000919,65,12,49,4,83,2,14,7,141,Yes,No,Current,3,Rural,Phone,Standard,3,Yes,0
04000920,35,41,40,5,20,1,34,8,38,No,Yes,Current,3,Urban,App,Standard,4,No,0
04000921,45,5,51,2,16,0,49,10,3,No,No,Current,2,Rural,Phone,Standard,0,Yes,1
04000922,59,45,29,3,55,5,29,0,65,Yes,Yes,Current,4,Urban,App,Gold,1,No,0
04000923,38,23,28,4,5,2,43,5,88,No,No,Salary,5,Metro,Branch,Platinum,10,Yes,1
04000924,43,58,37,5,18,4,43,2,153,No,Yes,Current,2,Urban,Branch,Gold,0,Yes,1
04000925,32,9,26,6,81,4,23,5,20,No,Yes,Salary,5,Rural,Phone,Gold,1,Yes,0
04000926,26,62,41,6,63,3,41,1,47,Yes,No,Current,2,Urban,Branch,Standard,4,Yes,0
04000927,29,43,69,3,33,0,17,4,26,Yes,Yes,Savings,4,Metro,App,Standard,4,Yes,0
04000928,41,50,69,2,79,0,8,4,10,Yes,No,Savings,3,Metro,Phone,Gold,1,Yes,0
04000929,37,45,58,5,16,3,24,0,63,Yes,Yes,Savings,1,Urban,Branch,Gold,3,No,0
04000930,37,30,36,1,79,4,54,10,165,No,No,Current,2,Metro,App,Standard,2,No,1
04000931,23,23,53,3,9,6,7,6,156,No,Yes,Savings,2,Urban,Branch,Platinum,2,No,1
04000932,21,8,63,5,80,5,22,9,67,No,No,Salary,5,Rural,Phone,Platinum,7,No,1
04000933,34,46,37,1,52,3,2,2,81,Yes,Yes,Salary,2,Urban,Phone,Platinum,4,No,0
04000934,68,57,36,1,72,1,24,5,16,Yes,Yes,Savings,3,Rural,Branch,Gold,2,No,0
04000935,45,66,27,1,22,8,41,8,120,Yes,Yes,Savings,3,Metro,Branch,Platinum,5,Yes,1
04000936,33,76,52,2,28,6,54,5,72,Yes,No,Current,4,Metro,Branch,Gold,1,Yes,0
04000937,65,84,68,6,59,2,55,7,59,Yes,No,Salary,1,Rural,Branch,Standard,1,Yes,0
04000938,68,52,68,6,83,6,6,6,76,No,Yes,Salary,1,Metro,Branch,Standard,7,Yes,0
04000939,35,45,64,3,51,1,50,10,133,Yes,Yes,Current,1,Rural,Branch,Standard,5,Yes,1
04000940,30,37,26,5,26,6,4,3,149,Yes,No,Current,1,Urban,Phone,Platinum,3,Yes,0
04000941,54,56,53,3,47,5,39,5,1,Yes,Yes,Current,2,Metro,Phone,Gold,0,No,0
04000942,58,64,57,4,44,5,51,6,53,No,Yes,Salary,1,Metro,App,Standard,8,Yes,0
04000943,41,79,66,2,3,2,12,8,150,No,Yes,Savings,1,Rural,Phone,Gold,5,Yes,0
04000944,56,18,53,4,19,5,8,4,19,No,Yes,Current,2,Metro,Phone,Gold,3,Yes,1
04000945,56,0,35,4,16,4,16,5,70,Yes,Yes,Current,1,Rural,App,Gold,5,Yes,0
04000946,32,30,53,3,35,4,17,5,144,No,Yes,Current,2,Rural,Branch,Platinum,3,No,1
04000947,36,17,55,3,41,5,37,7,162,No,No,Savings,4,Metro,Phone,Gold,6,No,1
04000948,58,12,58,4,9,0,7,3,53,Yes,No,Salary,4,Rural,Branch,Gold,9,No,0
04000949,48,9,51,5,27,4,10,7,62,Yes,No,Current,3,Urban,Branch,Gold,0,No,1
04000950,50,49,56,2,73,0,46,2,21,No,Yes,Current,3,Urban,App,Standard,2,Yes,0
04000951,40,34,58,3,48,3,25,8,139,No,No,Savings,2,Metro,Phone,Gold,1,Yes,1
04000952,64,15,65,5,74,0,36,2,103,Yes,Yes,Current,1,Urban,Branch,Standard,3,No,1
04000953,50,18,32,1,2,4,47,8,136,No,No,Savings,3,Metro,Phone,Platinum,2,Yes,1
04000954,56,3,55,2,79,1,16,2,144,No,No,Current,4,Rural,App,Gold,1,No,0
04000955,51,72,29,5,59,1,35,4,120,Yes,Yes,Salary,1,Rural,App,Platinum,4,Yes,0
04000956,53,30,26,4,71,8,30,6,167,No,No,Salary,2,Urban,Phone,Standard,4,No,1
04000957,62,41,64,6,83,3,38,10,79,Yes,No,Savings,4,Urban,Phone,Gold,5,Yes,1
04000958,43,15,69,5,20,5,42,5,113,No,Yes,Current,3,Metro,App,Standard,0,Yes,1
04000959,35,9,45,1,11,3,11,9,124,No,No,Current,3,Metro,Phone,Platinum,10,No,0
04000960,56,10,34,1,44,4,26,2,107,Yes,Yes,Savings,2,Urban,App,Gold,2,Yes,0
04000961,30,19,59,5,1,8,40,9,15,Yes,Yes,Savings,2,Urban,Branch,Gold,4,Yes,1
04000962,38,13,38,1,42,4,52,5,51,No,No,Current,4,Rural,App,Platinum,1,No,0
04000963,33,24,52,3,7,2,4,3,4,No,No,Savings,3,Urban,App,Standard,4,No,0
04000964,23,22,36,5,10,0,10,6,153,No,Yes,Salary,4,Urban,App,Standard,10,No,1
04000965,27,24,47,4,16,3,9,0,165,No,Yes,Savings,3,Metro,Branch,Standard,3,No,1
04000966,46,50,69,3,79,4,47,0,11,Yes,Yes,Savings,5,Urban,Phone,Gold,5,Yes,0
04000967,40,61,22,6,80,6,28,4,147,No,No,Current,5,Rural,App,Gold,1,Yes,1
04000968,58,78,69,1,26,3,12,3,153,No,No,Salary,5,Metro,Phone,Standard,3,Yes,0
04000969,45,62,42,2,64,8,47,2,74,No,No,Savings,3,Metro,Branch,Platinum,3,No,1
04000970,48,35,61,4,25,3,27,0,82,Yes,No,Salary,2,Rural,Branch,Gold,8,No,0
04000971,24,50,38,6,65,3,54,3,143,No,No,Savings,3,Urban,Branch,Standard,9,No,1
04000972,49,29,69,2,80,3,54,3,5,No,No,Current,2,Urban,Branch,Standard,2,No,0
04000973,37,67,29,4,74,3,55,10,143,Yes,No,Current,2,Urban,Branch,Platinum,7,No,0
04000974,21,0,43,6,77,1,10,2,85,Yes,No,Salary,5,Urban,Phone,Standard,7,Yes,1
04000975,54,84,65,3,56,1,6,7,129,No,No,Current,5,Urban,App,Gold,4,Yes,0
04000976,24,71,47,3,42,6,50,7,144,Yes,No,Current,2,Metro,Phone,Standard,9,Yes,1
04000977,32,73,47,3,16,5,20,6,115,Yes,No,Current,1,Rural,Phone,Platinum,5,Yes,0
04000978,26,70,68,1,41,5,34,7,26,Yes,Yes,Salary,5,Rural,Branch,Platinum,1,Yes,0
04000979,56,11,64,6,43,4,12,5,19,Yes,Yes,Savings,1,Metro,Phone,Standard,7,No,0
04000980,45,58,48,6,57,7,23,9,77,No,Yes,Salary,5,Urban,Branch,Platinum,8,No,1
04000981,60,76,35,4,23,7,21,10,44,No,No,Current,1,Metro,Branch,Platinum,9,Yes,0
04000982,25,84,55,2,19,1,15,6,165,No,No,Current,1,Rural,App,Standard,9,Yes,0
04000983,46,82,58,1,57,0,2,9,164,Yes,Yes,Current,4,Rural,Branch,Standard,9,Yes,0
04000984,34,47,48,6,29,5,38,0,20,Yes,No,Salary,5,Metro,App,Standard,6,No,1
04000985,33,47,68,5,29,7,53,4,39,Yes,No,Salary,1,Metro,App,Standard,4,Yes,0
04000986,29,31,38,6,26,8,38,3,30,No,No,Current,4,Urban,App,Standard,1,Yes,1
04000987,34,32,58,5,33,8,42,9,70,Yes,No,Salary,4,Rural,Phone,Platinum,9,Yes,1
04000988,35,68,60,2,35,2,29,0,179,Yes,Yes,Current,1,Rural,Phone,Platinum,9,Yes,0
04000989,50,1,40,2,67,6,29,1,62,No,No,Savings,5,Urban,Phone,Gold,5,Yes,0
04000990,33,52,46,2,83,7,7,8,174,No,Yes,Savings,1,Metro,Branch,Gold,1,Yes,1
04000991,52,39,63,5,59,1,14,5,23,No,Yes,Savings,1,Metro,App,Platinum,9,No,0
04000992,65,78,59,1,68,3,22,3,74,Yes,Yes,Current,2,Metro,Branch,Gold,0,No,0
04000993,44,71,66,5,5,2,50,2,66,Yes,No,Current,1,Rural,Branch,Standard,2,Yes,0
04000994,40,73,53,6,50,0,53,6,27,Yes,No,Salary,5,Rural,Branch,Platinum,5,Yes,0
04000995,50,80,64,5,29,5,30,1,169,Yes,Yes,Savings,4,Urban,Branch,Standard,8,Yes,1
04000996,66,72,24,2,16,8,6,6,145,No,Yes,Current,4,Rural,App,Standard,5,Yes,1
04000997,30,44,32,1,63,5,9,5,27,Yes,No,Current,3,Rural,Phone,Standard,2,No,0
04000998,37,48,55,6,21,5,49,6,159,Yes,No,Current,3,Urban,App,Gold,3,Yes,1
04000999,39,23,53,3,59,6,49,7,71,No,Yes,Salary,4,Urban,Branch,Gold,7,Yes,0
04001000,23,26,45,5,83,4,31,3,45,Yes,No,Salary,1,Rural,App,Platinum,3,Yes,0
