age_years,annual_income_usd,outstanding_debt_usd,credit_score,defaulted
30,107590,25879,686,0
46,104604,26964,610,1
66,67846,14694,725,1
23,80875,41472,643,0
51,116579,37414,681,0
36,94265,1698,674,1
44,68050,36105,612,1
41,111744,34427,704,1
64,127127,249,659,0
58,99892,33712,746,1
44,91969,22666,677,0
35,30194,4754,740,1
32,124213,17135,685,0
23,93590,45684,651,1
24,103670,37122,699,0
48,105036,49525,615,1
46,89466,46161,707,1
30,49864,9513,703,0
38,77021,26009,652,0
21,84133,0,664,0
25,54963,63809,744,1
51,162927,33878,677,1
41,110154,34918,728,0
58,117704,26359,605,0
35,118599,27652,561,1
42,104536,34214,612,0
51,36480,34377,556,1
68,119053,52967,694,0
26,72267,31241,707,0
49,62784,11096,850,0
49,58763,57542,580,1
28,80894,39858,659,0
31,99409,16928,617,0
27,50345,9074,659,0
38,62946,14265,672,0
58,58109,25401,727,1
33,104817,19557,697,0
64,102939,64539,727,1
33,110056,61917,696,1
68,25421,12144,708,1
36,109112,36931,612,0
26,91566,32131,748,0
25,115260,53603,829,0
31,110066,33657,631,1
35,77872,7565,620,0
58,34220,5565,823,0
35,24000,24527,679,1
54,58347,30988,814,1
29,111853,20400,627,0
57,92971,0,671,0
27,92499,20251,705,0
23,48765,20466,635,0
23,56039,0,609,0
40,62158,19907,537,1
40,149452,9382,477,1
57,80338,31616,597,1
23,99660,45683,606,1
32,47774,23390,591,1
54,83159,26811,713,0
58,61530,13653,559,1
42,78816,49548,612,1
66,116090,20327,755,0
58,102574,0,746,0
47,89870,9812,576,0
24,82087,30677,786,0
55,122655,36330,662,1
24,122486,5768,715,0
42,49930,38335,516,1
28,79625,7188,697,0
68,89158,46846,785,1
32,128990,76649,636,0
33,115211,15520,598,0
66,55897,28384,736,0
52,103527,45588,624,0
54,77867,11875,675,1
41,105941,19964,777,0
36,34248,1834,699,1
27,69173,32716,600,1
65,89978,12147,729,0
59,128673,32410,675,0
41,74165,16570,718,0
48,57708,4126,673,1
31,75096,29354,802,0
66,83580,31793,730,1
25,130704,50410,584,1
24,62959,37597,709,0
58,53014,6568,685,1
29,102688,33516,432,0
33,157962,38809,710,1
68,65747,1560,676,0
48,107296,17367,809,0
40,101622,19270,682,0
67,111854,61298,644,0
64,71124,26635,668,1
32,102460,19881,718,0
46,34751,0,609,1
29,139170,25022,624,0
44,77149,43305,772,0
24,51857,19492,809,0
25,56856,0,586,0
23,99938,6077,847,0
65,140926,7893,817,0
52,42402,31984,562,1
44,82713,2076,693,0
35,107071,46615,769,1
57,100907,55331,579,1
57,54987,0,505,1
35,119232,17856,626,0
64,72330,45402,739,1
51,85846,29710,785,0
39,70804,4478,618,0
47,121778,33804,743,0
26,84200,53626,654,0
25,114240,10530,829,0
49,103841,19200,626,1
64,109083,32757,714,1
62,114024,44039,710,0
50,74908,555,633,0
45,39826,23368,706,0
26,33182,0,695,0
31,32053,25380,850,0
35,114732,4532,772,0
32,44461,36368,778,1
27,78229,19418,521,0
62,40553,23532,581,1
46,61395,25779,652,0
26,41455,0,812,0
37,59686,51321,802,0
64,53796,11512,705,0
62,74674,17826,643,1
65,96618,7996,696,1
51,105907,21660,645,1
28,33103,0,714,0
54,63285,29155,608,1
55,105627,38550,589,1
29,75544,30687,535,1
63,101501,22363,644,1
27,141805,42348,657,0
32,103012,15747,609,1
22,83973,34204,691,0
24,79121,18264,693,0
61,58579,14820,637,1
21,32033,14982,539,1
63,31800,40345,661,1
64,96704,57337,684,1
67,82848,25678,674,1
33,96987,26017,803,0
48,104516,11475,729,1
56,70153,6718,714,1
52,55180,17334,726,0
36,74923,26914,767,0
59,86798,13984,603,1
38,102917,42241,578,1
29,75343,17375,581,0
24,122909,16964,613,0
53,105803,84729,627,1
55,88535,0,521,0
48,94252,44974,602,1
49,119052,39288,621,0
42,105742,15708,609,1
46,73836,22929,624,1
27,73393,32185,743,0
54,88962,32234,598,1
29,104373,15906,608,0
50,39269,0,659,0
68,68189,42683,762,1
25,62040,794,732,0
68,84831,7279,729,0
44,64242,15610,673,1
38,67294,46110,665,0
66,42952,2003,738,0
34,135277,38068,563,1
46,69623,2841,632,1
49,99826,29613,596,1
52,97962,24865,539,1
34,118977,14812,663,0
62,104583,34446,618,1
38,80668,28583,575,1
32,119250,22004,646,0
41,108053,36846,578,0
29,127190,48206,660,0
42,59819,22965,833,1
21,35717,8388,696,0
53,53063,24668,790,0
44,55046,6660,647,0
52,63164,21889,759,0
22,44870,10868,590,0
35,120991,27970,601,0
35,104918,11568,820,0
24,91943,15276,708,0
59,110835,21306,554,1
45,117195,19609,707,1
40,26763,17059,741,0
65,78492,55429,569,1
32,65132,21403,611,0
30,94846,18679,509,1
52,53666,0,611,0
32,74007,48500,815,0
30,79626,50963,676,1
26,92220,43854,735,0
59,110810,19135,482,1
49,67143,15637,610,1
50,102593,42172,733,0
40,58718,22794,617,0
64,98998,33413,674,1
42,116173,28676,673,0
30,91261,15502,532,0
44,74196,35346,742,0
44,93410,24801,696,0
23,89859,20301,801,0
28,80542,39917,712,0
23,65957,23779,847,0
63,90740,36016,614,1
26,24000,13555,769,1
39,60893,56922,697,1
46,102528,29584,780,1
53,66442,36147,593,1
51,78825,0,741,0
65,85003,31833,659,1
28,83347,61588,850,0
28,29130,9995,661,1
34,111613,30092,535,0
57,92079,31462,486,1
24,78591,19027,492,1
58,84538,35999,746,0
34,68802,16973,751,0
50,62963,34419,802,1
27,101436,41156,790,0
57,84280,32570,601,1
61,24000,11671,685,1
54,84406,20311,698,1
39,107042,21726,650,0
23,111530,43174,587,1
57,72260,50282,689,1
43,64720,35869,850,0
63,128638,37260,783,0
21,49591,18786,569,0
22,93594,26595,453,1
48,105588,31396,724,1
46,89819,39274,774,0
21,120033,27255,713,0
67,101482,18312,695,0
39,78811,36692,782,0
60,72817,14757,738,1
29,54599,20655,688,0
30,111944,33624,763,0
68,56808,37489,522,1
26,93165,0,733,0
67,69523,23538,699,1
38,105905,37218,850,0
41,121708,0,787,0
59,78992,35676,648,1
34,103670,17698,766,0
24,76074,5819,810,0
45,61090,18913,682,1
26,61893,7140,745,0
50,111514,31901,633,0
33,77080,25801,696,1
41,61003,25311,633,1
32,106026,38669,793,0
67,79132,5222,721,0
61,72411,0,668,1
63,81873,11155,755,0
37,80346,20471,741,1
32,91021,27329,791,0
68,80795,0,775,0
56,107182,28387,561,1
54,126052,41483,556,1
32,90957,13286,754,0
42,86286,10176,816,0
24,80975,45886,691,0
22,103166,44380,530,0
64,92272,29655,571,1
30,125001,45358,658,1
64,105258,27811,685,1
65,107694,30123,663,1
62,73403,32283,716,0
56,86731,45575,698,1
34,96373,37060,614,1
56,100960,26344,685,1
21,74468,5399,709,0
30,137367,29419,688,0
52,89972,21492,608,1
21,67267,22180,846,0
49,67854,27952,616,1
47,110997,27036,735,1
26,139383,39314,811,0
45,42304,3674,611,1
43,127738,13612,797,0
45,99528,12691,652,1
53,79296,0,639,0
38,66772,41424,647,1
63,80383,15071,807,0
63,74184,25656,850,0
58,83399,9465,641,0
44,107727,11991,696,1
66,108525,29497,673,0
40,89291,43975,609,1
51,91423,35988,756,0
40,74027,0,630,0
63,127625,1386,692,0
37,58650,36944,686,1
48,108555,28702,744,0
60,66057,11591,642,1
29,77951,12467,698,0
23,95218,41755,825,0
59,106065,32865,660,1
58,92106,33633,582,1
24,91238,30177,554,1
68,70351,28479,783,0
22,62802,0,663,0
21,56600,30686,694,1
27,60477,38466,738,1
44,60054,24689,645,1
46,121220,50623,796,0
24,79029,9747,574,1
38,66879,55272,497,1
32,102722,21906,667,0
65,100531,6533,640,0
44,87978,26175,756,0
33,77140,63173,683,0
67,79387,11524,635,0
34,103235,32039,606,1
58,84962,20583,589,0
52,80815,12315,511,1
51,90886,36950,754,1
57,73884,22835,607,1
35,133397,30551,850,0
46,87095,12068,807,0
34,52382,15564,608,1
63,119238,28168,593,0
62,113306,13295,846,0
52,69647,24979,671,1
21,88563,51385,752,0
58,61415,36752,730,1
38,92655,42162,667,1
37,65966,29488,653,0
51,74320,3690,646,1
58,88537,30447,640,1
52,95604,28547,645,0
47,76977,35460,708,1
46,106453,38092,708,0
34,36810,0,767,0
43,51021,22526,622,1
42,110149,30553,656,1
46,28453,17236,850,0
46,57218,4877,672,0
63,62103,18129,601,1
43,24000,32287,755,1
55,133646,30248,677,0
39,67480,21595,806,0
27,71062,0,741,0
29,69061,20942,450,1
62,98716,51439,666,1
34,122829,42136,695,0
55,68176,26531,765,0
38,79899,27866,759,0
34,56060,48550,583,1
40,68298,39875,844,0
60,84406,52702,645,1
34,85474,21502,841,0
57,86852,51733,650,1
49,74945,47065,790,0
29,87081,19074,643,0
54,51474,28022,729,1
30,77118,15701,690,0
52,49792,28332,531,1
68,116936,14779,723,0
48,91454,30822,697,1
52,100686,32550,707,0
61,24000,24435,727,0
59,129091,6981,789,0
61,78827,55953,736,0
37,72779,23692,587,1
29,61370,20156,508,1
27,67230,27813,720,0
37,53350,3139,717,1
24,70974,60088,661,1
55,104795,53399,720,1
53,90082,36795,695,0
28,117419,20982,615,0
41,141363,25057,612,1
31,85842,20027,731,0
65,42075,0,629,0
58,129219,9856,677,0
47,73311,27186,651,0
43,112924,9001,732,0
63,116580,35261,530,0
42,112957,46662,791,1
32,82742,39025,753,1
56,90043,35091,676,0
45,45785,21822,621,1
58,101800,9665,636,0
33,76926,17146,736,0
31,113917,58480,676,1
56,46534,24958,827,0
41,88398,61626,632,1
26,72108,35062,758,0
60,37734,34625,629,0
53,77397,35014,644,0
55,105003,17181,593,0
52,37817,29881,607,1
52,89174,31450,522,1
67,61853,63048,551,1
31,61451,37705,664,1
28,67068,48438,706,0
50,99440,0,524,0
46,62886,32907,677,1
34,103731,3958,686,0
21,128310,22446,732,0
44,99595,22557,687,0
47,104037,22516,729,1
35,114770,40550,658,1
37,77023,40718,691,1
51,76119,23005,708,1
59,71661,18788,850,0
68,78443,1668,719,1
54,69402,24460,753,0
38,52810,20188,676,0
57,91843,33106,803,0
57,74369,4948,716,0
38,97537,49696,668,0
50,77874,28437,672,0
28,102361,7125,563,1
67,109911,36542,801,0
32,95852,50277,618,1
26,124878,48523,800,0
41,56992,0,639,0
21,42477,20759,719,0
39,85944,13634,607,0
66,70909,42012,618,1
32,75404,2867,625,1
24,124529,20452,828,0
39,104430,17351,559,1
24,120095,35215,665,0
31,85977,23623,600,0
67,85058,12571,626,1
27,80366,50306,529,1
25,77830,32251,717,0
36,94030,73692,614,1
50,83635,45010,618,0
21,60031,28013,512,1
60,113296,57174,630,1
58,77259,5769,850,0
33,52230,20128,716,0
41,104104,7519,667,1
39,102244,24212,776,0
68,29534,20167,646,1
51,59386,14631,689,0
36,148199,46782,775,0
56,132369,22434,632,0
25,95220,25356,568,0
26,122772,36694,731,1
26,75898,0,649,0
59,113011,22570,521,0
61,98241,12345,793,0
30,82128,0,771,0
34,24000,0,586,0
61,48721,0,631,1
51,71566,13183,654,0
52,94026,54721,515,1
37,102955,60906,732,0
54,101050,48197,615,0
65,77054,16031,790,0
65,81047,37868,571,1
47,126089,8473,605,0
23,93051,21130,666,0
35,112402,59206,730,0
24,56130,32086,850,1
45,76808,34794,747,0
30,128581,10648,628,0
52,49107,6731,763,0
39,79757,32807,608,1
54,117056,39257,549,0
43,70990,7689,718,0
56,100617,44785,602,1
43,60465,21064,604,1
67,96599,40118,674,0
59,81921,24443,728,0
58,81454,21813,594,1
51,129750,39003,592,1
51,120621,60412,710,0
47,126414,881,795,0
38,94024,10906,846,0
36,74173,7551,699,0
38,116559,39254,611,0
49,119230,10447,842,0
67,86489,35613,740,0
68,124189,29851,631,1
26,92256,35093,711,0
38,103529,44545,769,0
35,88974,11863,769,0
39,74976,36666,664,1
35,126410,49308,617,0
58,92033,42624,618,1
32,59421,1219,779,0
58,180830,36843,611,0
49,103889,28422,704,1
62,113782,50106,703,1
61,45325,17240,850,0
53,67504,23817,751,1
64,60154,49593,581,1
63,74214,17263,645,1
26,79151,43879,530,1
57,78551,9463,733,0
46,85897,4381,656,0
35,96813,56051,740,1
41,108352,35897,739,0
38,66481,53834,669,1
28,92640,24171,610,1
50,107038,13151,659,0
29,135370,58578,702,1
27,109218,15772,724,0
60,116565,31814,621,1
38,74696,0,586,0
56,48050,24120,699,0
61,63300,8392,776,0
21,111516,25595,850,0
60,59014,19620,759,1
32,43025,40669,850,1
56,94384,19093,735,0
68,115655,32108,820,0
31,114446,31596,590,1
27,91411,18922,850,0
26,78464,43098,722,1
48,119149,32924,777,0
37,107677,13219,569,0
28,79408,742,593,0
44,126593,14460,850,0
22,96832,34879,768,0
42,73369,38359,573,1
61,137829,37351,586,0
24,56095,23032,850,0
40,142281,27170,581,0
42,89337,14548,500,1
36,34301,30825,610,1
36,96228,25150,826,0
51,137563,30053,639,0
47,95928,9058,466,1
46,120981,7705,752,0
59,60991,53305,768,1
54,32013,22296,643,1
32,93221,40125,720,0
49,108937,0,792,1
28,92652,35355,727,0
25,126799,16741,573,1
46,40092,28816,678,0
23,61307,48767,691,1
45,96312,66029,676,1
66,87743,49257,634,1
22,132171,40710,515,1
24,92728,11972,675,0
66,75199,21815,672,0
57,96688,9996,667,0
58,92036,28608,741,0
44,85226,8509,757,0
37,96545,53768,546,1
56,105232,15451,501,0
46,99442,32054,616,1
46,63115,27448,661,0
30,34745,2602,730,1
26,119906,56522,843,0
58,55902,33683,624,1
26,55476,27828,755,0
48,66955,44947,682,0
44,38634,32471,615,1
67,34400,34110,717,1
38,58732,41219,689,1
23,79404,1633,627,0
62,113205,13419,715,0
29,89150,54019,755,0
33,61685,22166,716,1
24,93379,17822,535,0
51,127301,44762,613,1
65,86554,31915,715,1
51,92442,31513,502,1
64,111918,21755,795,0
27,77712,0,759,0
45,42569,42764,740,1
64,112903,54990,723,1
25,123656,3860,838,0
59,102842,41069,585,0
59,75135,34823,822,1
66,144799,48040,553,0
64,77175,51324,803,0
26,79299,21336,611,1
30,52537,12960,772,0
64,91090,29433,579,1
40,115362,27976,631,1
43,91045,16908,718,0
50,152659,34979,795,1
33,88604,39267,782,0
52,91320,35476,585,1
60,114875,33473,581,1
46,125984,22130,719,0
64,128685,38257,748,0
54,121431,28003,642,0
57,117851,30789,768,0
37,164862,47970,577,1
48,40507,20204,587,1
61,137106,49980,598,1
38,46480,1406,697,0
57,72500,0,589,0
40,46102,20469,850,0
53,75505,30392,746,0
64,120810,38189,588,1
43,48389,20918,677,0
53,109688,27110,756,1
65,120364,39597,570,1
46,74776,41912,681,0
36,91170,9203,781,0
48,67433,18492,716,0
53,76452,0,574,0
38,87772,38939,599,0
56,106821,35671,647,1
66,88133,2601,499,1
42,88545,29970,740,0
33,96527,2674,820,0
56,87138,32656,778,1
29,65523,41582,681,0
47,36986,9650,769,1
40,55205,12715,683,1
24,43180,33230,764,0
33,114802,25732,673,1
50,73490,46513,683,1
25,96713,30082,646,0
39,102657,31565,566,0
50,130793,9772,685,1
53,75279,37886,752,1
58,114412,22348,696,0
59,48605,8996,768,0
48,117268,10470,816,0
67,71267,14505,600,1
57,130759,33701,610,1
63,45236,34700,721,1
44,146491,51250,558,1
56,40180,19960,729,0
45,121776,12338,552,0
47,98170,27849,655,1
49,75019,13052,583,1
63,61248,4377,537,1
22,127973,13628,735,0
31,93009,23714,660,1
26,104294,17515,793,0
44,79005,11865,571,1
63,93869,14715,750,0
64,65211,289,758,0
44,46523,15405,829,0
48,125478,35070,616,0
59,73445,68707,533,1
29,65632,13401,532,0
23,122979,13914,840,0
31,53694,52112,737,0
26,84042,51280,722,1
37,82453,38486,838,0
57,102912,0,738,0
54,79433,38992,565,0
63,115446,10806,724,0
45,92416,24119,746,0
34,100011,0,721,0
54,43832,0,835,0
34,127157,1588,627,1
43,79592,20456,850,0
23,83486,57205,753,0
27,46856,15184,691,0
38,123084,47039,581,1
35,63408,6810,618,0
48,40900,0,619,1
41,57529,8208,644,0
35,101906,25600,717,0
53,95808,20116,672,1
61,91182,0,744,1
55,67192,43108,606,1
30,35833,54972,695,1
30,95674,35971,672,1
49,90522,26877,596,1
62,113011,20600,742,0
61,77023,2478,665,1
41,74029,19730,593,1
63,100844,12679,725,0
52,67894,12042,832,0
41,131450,29589,771,0
63,24000,17032,630,1
36,60663,23168,621,1
49,138070,62185,560,1
23,163478,13772,561,0
65,82297,30430,634,1
30,68113,9966,787,0
60,61188,42803,604,1
60,89418,43290,692,1
40,95165,30301,763,1
45,86217,22054,730,1
58,76845,3761,654,0
44,86245,46889,570,1
38,95752,17125,658,0
50,48541,7870,718,0
41,112618,33144,678,0
30,62263,5832,735,0
38,34824,19813,750,0
48,89738,46912,782,0
66,44541,24074,798,1
59,118988,32307,620,0
37,108779,25732,817,0
23,72664,30939,440,1
50,108660,29777,850,0
67,68731,68506,571,1
39,41857,29514,663,1
33,75928,19436,636,0
63,115951,33644,746,0
28,91863,35654,539,0
35,56668,29377,707,0
39,107688,1884,678,0
40,151131,12743,662,0
47,58536,41577,726,1
67,92157,30675,828,0
41,24000,28800,696,1
36,57783,30559,569,1
35,57108,23505,803,0
37,88426,36150,646,0
35,53755,18964,712,1
62,102718,3854,690,1
28,56730,23075,845,0
37,44271,18197,711,1
62,117352,48751,786,1
68,78936,50572,647,1
29,97302,44233,733,0
61,93064,40545,715,0
27,116026,50724,756,0
31,80535,19271,725,0
55,28490,14578,666,0
49,68280,17839,817,0
50,105123,0,759,0
22,92466,45041,696,0
64,69556,14198,794,0
38,103868,15636,628,0
43,89534,4418,761,0
24,97826,6792,748,0
64,71674,30531,741,0
64,61859,23899,793,1
61,74494,17650,650,1
31,44972,21933,699,1
35,109222,9182,672,0
32,76863,19891,768,0
35,48571,8249,640,1
61,112757,21873,618,1
49,91466,25602,697,1
63,48869,20770,572,1
33,24000,26211,734,1
65,99379,26516,676,1
51,98377,23248,725,0
62,77952,0,701,0
67,75888,60394,576,1
42,111823,19348,446,1
67,102965,29779,775,0
46,72896,29166,634,0
37,134965,48053,598,1
31,95622,32160,594,1
26,28987,42603,688,1
47,81474,24941,680,0
58,109280,16157,729,1
26,64722,0,819,0
52,56262,27982,680,1
41,118226,54375,655,1
60,52521,39540,729,1
35,99256,10861,740,1
42,104551,29660,578,1
24,91333,21675,680,0
61,89847,26079,650,1
21,91720,12924,788,0
26,53054,56652,773,0
65,50649,17466,626,1
45,106685,23026,543,1
29,91176,58,850,0
41,43894,28857,571,1
39,85259,40748,477,1
37,108646,30899,788,0
48,56572,10095,560,0
51,105785,49323,850,0
68,158435,51942,614,0
44,42377,11267,686,0
26,74510,23797,665,1
63,82930,19394,712,1
35,129761,20949,632,1
59,95275,65716,754,1
62,115762,37752,473,1
36,24000,9513,674,0
50,65466,27600,667,1
53,92366,22069,786,0
39,55215,20425,775,0
21,64837,19067,779,1
46,87190,7439,702,0
34,126662,44975,627,0
44,133475,24585,810,0
41,106182,36583,618,1
45,115784,34382,532,1
49,92426,45504,606,1
25,77870,0,775,0
31,108785,12586,637,1
57,78583,0,529,0
65,50602,16568,521,1
28,111839,78053,657,1
24,69287,38400,751,0
24,130854,52847,740,0
37,92767,35889,688,0
26,131438,22568,726,0
29,107055,33990,723,0
39,60100,21514,769,1
54,124679,36977,490,0
60,112016,18622,580,0
27,90561,29507,640,0
33,57460,8373,730,0
26,66772,35505,561,0
35,83039,15236,587,0
47,95217,56852,539,1
65,120977,8594,740,1
30,66055,0,692,1
35,129077,39705,621,0
58,108344,46955,594,1
56,149372,9187,694,0
55,102708,17021,722,0
67,65578,28288,492,1
42,57248,12835,688,0
56,78445,29518,677,0
35,99897,41516,725,0
60,112296,43992,791,0
44,78172,19532,594,1
60,144366,56700,690,1
21,127172,12587,757,0
25,68718,28347,797,1
65,24000,0,719,0
40,89776,34603,837,1
42,83871,34624,726,0
21,72088,13205,765,1
24,103335,28976,776,0
60,93018,25099,530,1
63,78782,13654,648,1
21,107304,25279,633,0
53,93726,42473,692,0
52,57770,26212,588,1
63,67802,7971,756,0
46,81271,41235,747,1
28,96368,39632,586,1
24,28840,23252,650,1
58,66354,8727,760,0
29,49455,6150,682,0
30,84127,41695,715,0
34,142352,22489,598,0
55,69590,0,804,0
38,130236,54330,639,1
43,60422,47580,706,1
36,84575,15087,850,0
50,159640,68814,708,0
42,88510,9849,758,0
29,39703,4211,526,0
45,138531,34977,850,0
33,111334,38367,628,1
68,42014,26456,691,1
51,132818,30677,690,1
39,64327,32306,633,1
62,91917,60048,734,1
38,93043,1879,493,0
36,92380,20091,694,0
23,77113,8073,699,0
44,87445,37257,656,0
48,96294,15032,727,1
39,60733,20516,697,1
48,91648,44284,613,1
58,98077,28118,486,0
39,24000,0,552,1
65,128175,44331,540,1
60,113426,35415,711,1
35,32353,19143,807,0
62,79846,5804,638,0
56,116232,51482,689,1
28,38158,36977,703,1
54,74641,20987,756,0
48,63769,31164,636,0
26,132155,13215,569,0
50,68872,19858,762,0
53,84628,40466,488,1
29,77760,36655,625,0
46,111843,19793,469,1
43,94541,42394,768,0
44,41855,6381,654,0
27,28096,47879,609,1
56,84568,10381,709,0
22,63859,44816,663,1
57,100970,28637,689,0
48,71737,18459,599,1
64,94590,32630,773,1
50,59743,31331,596,1
45,88369,32153,548,0
67,90431,15031,658,1
51,130880,18796,685,0
38,93799,77602,707,1
66,75864,0,730,0
44,126199,57537,817,0
27,53649,15495,623,0
61,110124,24781,751,0
40,97645,15710,757,0
56,74570,26025,797,0
62,153227,26715,787,0
33,46855,0,578,1
45,77601,48873,587,1
35,73957,40086,710,1
36,116491,63176,805,1
26,51572,18954,850,0
60,120662,53295,654,1
51,91236,0,681,0
39,56249,60239,682,1
41,83443,42460,771,1
34,48879,21610,787,0
21,92313,55625,748,0
51,30019,10230,790,0
48,84828,30529,761,0
36,88371,10425,686,0
36,87298,28212,679,1
24,82065,24987,751,1
39,110750,15366,734,0
56,104222,37284,663,0
63,44937,0,814,1
64,92172,2444,761,0
22,36030,31030,558,1
47,90726,27631,820,0
62,89096,18487,774,0
33,97636,16857,657,0
31,121462,0,828,0
62,69126,19153,592,1
51,24000,0,714,1
48,68547,10371,775,1
31,80251,23942,678,1
51,95080,34315,621,1
44,36275,27040,794,0
55,88758,26731,651,0
67,93958,60219,609,1
53,116578,31897,597,0
29,121659,4948,798,0
51,131730,6713,660,0
39,69003,6013,585,1
42,81929,21373,609,0
61,88296,25460,592,0
43,73625,21902,582,0
56,82868,39375,591,1
38,149033,8032,539,0
30,122575,31049,447,0
34,90189,38106,559,1
52,34933,36143,840,0
21,108893,16708,772,0
23,90110,25656,503,0
22,59063,36860,783,1
67,86877,17825,767,0
49,84755,14292,644,0
63,86636,20443,724,0
29,58440,28435,719,0
23,60103,32627,666,0
41,33697,38269,756,0
31,106953,13467,769,0
43,67881,27556,701,0
56,81444,63117,712,1
52,73585,21640,503,1
63,150334,38763,675,0
48,65546,14283,739,0
43,75243,0,808,0
49,54534,32208,822,0
68,71986,32640,634,1
46,89157,25643,717,1
65,73103,22430,610,1
32,127378,21688,571,0
27,105469,25619,850,0
33,45465,0,725,1
44,94226,24124,710,1
52,81480,42880,713,1
59,64735,30601,683,0
53,104337,0,779,1
64,64026,23232,767,1
37,24000,8524,637,0
39,58085,44426,734,1
27,69145,11228,604,0
52,124200,29149,771,0
44,36033,33527,716,1
61,60554,50496,587,1
47,38853,11387,601,1
34,95793,29075,636,0
46,55365,36558,713,1
57,84887,28732,716,1
59,114950,0,618,0
59,61358,41891,684,1
48,62246,33461,632,1
36,71818,7471,715,1
65,69789,46211,747,1
30,64949,24769,664,1
29,76253,26939,597,1
65,85379,45077,754,1
49,104091,16223,850,0
51,62328,1151,709,1
33,85583,32984,599,0
61,117195,0,734,0
32,66114,0,715,0
58,79821,34266,707,1
58,66941,5031,658,0
28,91511,12460,795,0
21,74382,11230,846,0
60,72279,9976,623,1
27,58580,6288,617,1
36,76387,42225,644,1
54,102614,13149,692,0
31,67302,28587,702,0
55,62184,5489,669,0
55,120783,22389,758,0
32,113428,7561,714,0
30,119605,23379,571,0
44,68996,33117,707,1
26,103904,50751,778,0
51,159708,14991,850,0
36,120879,33241,615,1
40,112165,20984,698,0
46,68929,49838,692,1
52,84316,34962,754,1
37,76869,35612,728,0
34,94536,21489,586,0
42,125703,1837,777,0
57,108341,9779,736,0
66,62914,19963,706,1
29,74656,45982,611,0
60,119583,3554,710,0
35,96288,20333,770,0
54,146899,28979,664,0
53,71916,24056,634,0
45,95348,52176,795,0
36,73702,37235,650,0
38,101037,28996,849,1
57,50539,11874,828,0
50,103637,22788,708,1
60,113066,14967,682,0
54,91723,0,744,0
54,111642,26875,820,0
57,83840,38158,672,0
61,111872,27831,850,0
51,34168,37337,792,0
49,109696,30267,540,1
35,88388,0,759,0
43,65138,2390,798,0
62,80000,45004,791,1
48,107304,0,631,0
57,94052,33910,629,1
54,134858,31991,822,0
35,150871,29735,736,0
65,43768,38443,610,1
57,97081,18556,630,0
40,65644,12261,786,0
26,81010,40545,568,1
23,75326,42463,714,0
49,73895,0,690,1
39,89888,22420,655,1
34,73592,31292,665,0
31,82211,44583,674,0
54,39426,43565,643,1
43,80383,0,769,0
21,37623,0,421,1
25,79235,22557,653,0
37,106972,0,745,1
59,24000,0,728,1
28,112290,32303,633,1
49,116074,53217,828,0
29,84839,32399,800,0
35,88325,23263,737,1
48,120344,54595,657,1
63,70206,9242,850,0
46,45695,40112,675,0
61,131635,28282,530,1
40,98878,14489,715,0
30,78858,33198,753,0
33,109215,47526,555,0
62,85817,5935,654,0
55,119027,24836,614,0
62,124803,43682,597,0
35,112777,57393,708,0
61,137457,24061,695,0
53,63405,70873,679,1
41,113529,47837,587,1
53,70095,20729,771,1
37,70217,39094,675,0
53,97035,43159,722,0
27,114121,39927,643,1
31,66932,48048,646,1
24,67130,20900,600,0
22,170168,57712,623,0
44,49306,30558,541,1
32,51496,28184,625,1
23,109718,39351,753,1
62,43947,37325,640,1
37,65207,58520,765,1
21,85960,41280,699,1
56,90235,18511,715,0
52,65143,25262,731,0
63,66822,55454,691,1
21,67085,17159,773,0
42,90204,46155,765,0
57,86792,30355,634,1
33,66011,0,807,0
59,57357,41936,663,1
59,70533,17352,645,1
58,86379,16608,600,0
49,91599,17565,663,0
43,109940,48013,562,1
36,64125,49545,657,1
26,72760,26513,545,1
31,96893,4638,720,0
29,52081,56573,655,0
26,93403,44071,715,1
48,112913,15543,708,0
67,122546,22084,711,0
39,88972,24652,732,0
68,114552,15307,677,0
29,110685,6845,664,0
53,64871,6087,596,1
59,101589,36385,792,0
33,81374,47479,735,0
36,55686,41540,633,1
46,98320,20770,599,0
24,62861,38418,729,0
63,55186,31110,729,1
56,85695,44859,809,0
59,149512,0,617,0
48,96209,0,674,0
48,122035,0,777,0
48,105988,50529,609,1
38,82395,21787,549,1
53,120841,34799,571,1
48,78261,1692,632,1
24,81842,10072,631,0
44,161806,42973,800,0
64,46773,60585,636,1
26,44686,49049,750,0
64,61408,18437,683,1
39,78635,30046,776,0
61,51996,40301,850,1
63,100365,42058,543,1
67,78177,41212,575,1
31,88175,12483,829,0
51,54082,30160,786,0
26,111342,34500,753,1
61,140753,60019,585,1
58,97204,21191,617,1
67,90304,35597,504,1
58,70939,26639,763,1
60,58875,0,806,0
27,28987,7184,765,0
55,71010,10548,586,0
47,127132,44288,771,0
28,50199,3168,725,0
64,127478,34777,586,0
24,95269,0,797,0
57,64502,26241,624,1
45,74968,7593,583,0
34,124609,38699,693,1
68,56662,40229,717,0
68,102335,8743,701,1
33,99663,8892,805,0
60,98448,37223,850,0
45,78338,8307,740,0
68,99371,46506,647,1
46,96889,18440,717,0
44,71735,17055,559,0
43,43819,9750,794,0
61,87398,0,708,1
24,36108,13078,743,1
36,74384,25096,777,1
55,58085,36346,565,1
65,113946,31028,552,0
68,104777,9110,768,1
47,31840,7151,642,0
34,91403,13201,809,0
42,96812,36861,666,0
22,81385,18169,770,0
50,64552,16972,824,0
58,38807,36612,457,1
63,29712,21956,639,1
26,102542,80366,546,1
52,93864,24876,775,0
55,24955,0,613,0
36,48642,1517,647,0
63,68256,31285,607,1
39,108090,17784,650,1
67,108272,17949,713,0
64,100852,30107,606,1
40,52760,40814,630,1
56,65637,38021,614,1
25,102014,7070,586,0
50,78749,57141,672,0
41,50348,16196,729,0
68,76272,50488,822,0
63,77099,31272,785,0
68,119852,38790,782,0
55,106968,24191,693,0
36,131631,9781,643,1
60,108495,46925,820,0
52,67184,39711,662,1
50,95783,32358,641,1
55,115909,32355,635,0
46,109508,29453,546,1
68,91909,4341,709,0
44,135306,16028,660,1
63,83804,965,717,1
25,73893,45313,611,1
60,107292,48569,778,0
57,113966,37745,663,1
24,63947,33833,595,0
54,113054,43060,529,1
44,48381,36072,699,1
66,84631,30665,611,1
43,71307,14212,726,0
48,55849,5347,757,0
45,84585,32685,664,0
49,126101,39985,765,0
46,69082,35911,730,1
28,81452,35258,706,1
53,77405,3283,803,1
30,74431,27440,571,1
57,150975,15689,668,0
52,77231,13204,788,0
33,58079,27136,731,0
21,99035,27619,750,0
47,91516,0,632,1
28,76688,22799,780,0
62,32972,0,707,0
67,97029,21815,717,0
42,135349,36584,470,1
66,90019,0,634,0
59,123787,39754,690,0
38,87053,19686,649,1
30,96417,42765,701,1
27,88404,34727,683,0
21,70917,25927,653,0
35,76735,63329,704,1
53,88890,9441,794,0
46,68917,20023,619,1
32,102940,21299,607,0
52,112118,41797,659,1
40,99743,19749,682,0
68,91548,40786,688,1
57,98556,0,672,0
51,100439,13494,638,0
67,117373,36267,641,1
31,27395,6608,663,0
52,129748,21653,651,1
39,81128,21474,490,1
21,149969,3464,649,0
41,131103,31970,784,0
31,93368,0,693,0
42,93694,9347,661,0
45,72893,28235,625,0
25,106969,0,671,0
44,81246,12110,850,1
57,114197,23207,708,0
53,68376,41142,655,1
54,25544,26291,567,1
27,69519,14988,672,0
21,115959,41870,687,0
43,80358,26721,547,1
68,91579,42855,738,0
65,56132,30566,599,1
64,84374,34210,766,0
39,99519,13057,645,0
48,161215,6996,810,0
53,87464,21411,733,0
23,80164,34606,657,0
61,89065,41404,675,1
39,100048,41014,604,1
63,103889,42543,755,1
56,146848,30283,789,0
23,46581,13779,606,1
35,80108,9792,738,0
33,72262,27659,745,0
40,81944,45020,695,0
53,54413,35007,760,0
55,53897,25736,766,0
60,115857,25583,748,0
56,72428,23903,737,0
43,61043,20185,616,1
41,119608,59341,622,0
65,75317,16784,801,0
25,24000,4524,624,1
22,52763,39340,651,1
30,53750,0,740,0
49,70802,15007,687,0
37,95641,0,657,0
59,73155,48597,850,1
43,61543,592,698,0
52,126653,6999,630,1
24,64924,33190,769,1
33,103789,40742,808,0
39,92786,40174,618,0
47,24000,7816,615,0
22,52936,44968,646,1
31,63270,12141,652,1
65,106268,51194,702,1
27,112899,0,739,0
36,109924,36466,659,0
34,108384,10376,684,0
53,96778,50908,719,0
26,81311,33535,588,1
40,118775,27795,714,0
60,27601,18945,737,1
51,116385,25682,760,0
67,35212,2294,652,0
43,50044,1380,768,1
52,40212,0,707,0
55,145415,39792,496,1
33,110808,31061,850,0
45,80272,0,565,0
33,102250,24796,682,1
33,57832,20500,755,0
61,83813,32889,712,0
22,63829,36528,744,1
45,35276,3608,652,1
52,123876,0,642,0
41,55704,16722,527,1
67,106070,21076,573,0
66,65482,42470,711,0
53,86851,51936,771,1
38,125157,7016,791,0
29,78516,14820,715,0
40,128264,33434,682,0
55,111104,20869,622,1
51,179214,53103,796,0
62,58557,25465,649,1
66,103734,28981,562,0
68,80183,36931,654,1
29,76380,32760,566,1
30,76145,1965,714,0
31,56815,0,641,0
30,124689,29697,547,0
40,164607,33933,670,0
22,111853,29734,552,1
67,24000,15943,644,1
62,41903,10829,549,1
28,67173,10529,589,1
38,96731,28249,627,0
39,80683,0,734,0
44,73523,7415,695,1
23,112506,17526,656,0
42,123506,25608,829,0
48,135486,49837,695,1
62,64646,15088,654,1
55,66802,17144,659,0
31,82384,20209,825,0
23,47599,17932,737,0
68,82217,28666,763,0
26,43513,7160,608,0
27,67488,34462,614,1
47,114230,19027,715,0
36,121779,52480,789,0
23,95538,0,684,0
37,48152,28815,727,1
27,102266,22544,716,1
27,65352,32776,733,0
39,102283,39026,839,0
32,93211,16870,687,0
28,63292,19583,755,0
42,58560,8242,649,0
67,31293,9272,706,1
36,68623,33237,841,0
32,108799,43134,613,0
67,69383,10031,674,0
53,115686,47579,631,0
56,71185,33752,676,1
42,97411,41161,638,1
48,54255,0,746,0
67,54228,50199,769,1
66,72557,20946,818,0
21,100541,24239,731,0
46,67097,56785,571,1
26,73723,0,676,0
41,80667,14496,744,0
62,123869,26504,850,0
59,103984,26199,674,0
64,92270,0,574,0
65,70001,15532,780,1
41,123786,32310,777,0
27,68092,31547,632,1
21,24000,0,725,1
38,74756,16728,715,0
47,81644,36988,628,1
22,106626,33245,697,0
44,123673,40693,671,1
27,121321,30621,672,0
58,78245,39945,648,0
55,55145,20672,679,1
62,67643,57139,631,0
24,52380,10807,688,0
66,112460,29031,684,1
38,131337,31900,764,0
53,89902,23005,729,0
49,86111,13826,668,0
40,97905,59840,687,1
58,101089,0,617,0
29,80953,51445,757,0
30,49942,31604,685,1
37,118904,55142,587,1
53,106191,29495,850,0
25,97218,0,578,0
66,24044,48593,589,1
32,78795,47131,651,0
52,76505,32462,587,1
22,78136,5626,565,0
24,65784,22358,659,1
57,65481,33739,528,1
27,83948,10484,680,0
39,107245,46950,751,1
58,71713,15141,632,1
52,124416,39813,739,0
45,72829,7696,818,1
67,97854,46190,549,1
56,24000,17255,593,1
43,81051,22525,640,0
61,87825,36921,755,0
59,24000,26744,674,1
48,87392,27850,595,0
56,73134,14340,733,0
34,94574,5698,828,0
58,117574,33347,620,0
21,77538,2032,583,1
42,34425,33232,610,0
22,63309,17032,841,0
62,64177,22906,807,1
58,132225,41233,639,0
62,90490,0,626,0
24,87738,17135,691,0
57,97944,35258,698,1
27,82216,35574,632,1
28,121350,45075,731,0
52,73375,45510,755,0
50,24000,0,799,0
43,64777,23128,568,1
51,117557,52178,716,1
39,91329,40849,827,0
36,126968,29081,754,0
32,67723,977,658,0
56,91158,27874,777,1
32,41740,22906,729,0
24,104592,29905,556,1
63,24136,8798,772,1
36,82143,15448,588,0
22,95395,11261,692,0
47,67790,28264,657,0
49,118106,15610,711,0
51,76848,52099,612,1
39,104056,23123,634,0
62,100118,34418,479,0
67,102414,1717,633,1
59,33972,0,769,0
51,61923,27250,568,1
65,62315,18844,584,1
65,50069,2190,618,1
34,105200,16096,728,0
30,67785,0,850,0
33,111729,15354,594,0
30,79953,16895,669,1
28,109641,19385,496,0
64,69584,27766,741,0
53,74747,49641,631,1
51,110782,0,617,0
37,55927,34365,687,0
30,99983,28982,532,0
34,56718,24193,651,0
51,107583,50428,576,1
55,87318,22907,586,1
29,67907,33482,554,1
53,90867,41331,626,0
35,96302,39870,841,0
48,103982,13662,700,0
66,62998,31197,685,1
39,124574,7127,650,0
45,118404,10354,726,0
42,31337,35297,830,0
53,124635,28120,649,0
27,102915,37328,668,0
31,38866,13425,689,0
55,68296,0,734,0
31,96617,10761,520,1
37,92608,0,751,0
24,135680,36347,600,0
61,121261,34566,737,0
67,73170,24173,695,1
61,62747,18428,726,0
23,41341,38674,614,1
46,72666,40561,636,1
25,65457,22274,588,0
67,129946,31720,826,0
29,96123,7808,653,0
45,92058,37830,605,0
44,72796,64322,711,1
21,52509,20931,600,0
31,117988,10055,659,0
27,30765,33907,618,1
66,127427,54114,710,0
64,91545,17256,714,1
66,133739,38700,568,1
64,114122,36574,850,0
58,35899,35519,560,1
58,104266,25232,720,1
68,115622,31724,621,1
68,112862,13091,840,0
52,89622,6018,664,0
37,63963,14392,553,1
27,51090,0,716,0
34,99493,33945,627,1
37,60480,50186,809,0
62,76781,30341,835,0
52,96411,25438,664,0
57,97804,17608,785,0
42,59321,9542,666,1
21,96586,49192,639,0
66,112601,32615,718,0
22,104160,40283,575,1
21,117769,19350,523,1
36,42949,0,847,0
36,59340,52418,764,1
61,91484,13132,736,0
43,65118,35620,707,1
34,68129,20189,637,1
54,67716,27046,633,1
48,116318,38804,648,0
36,89772,42994,511,1
68,56088,22711,688,0
43,63035,19618,737,0
46,45634,26341,809,0
38,57552,15687,786,0
61,110109,23864,719,0
22,64542,14638,670,1
43,74097,37677,785,0
51,87926,47852,678,0
30,104626,24277,597,0
57,26626,42032,658,1
27,78762,25287,721,1
59,124351,11963,777,0
45,56190,22130,531,1
28,64804,14881,663,0
60,61296,42020,713,1
28,72799,35783,820,0
59,133467,42471,662,0
21,101340,1414,710,0
26,133991,42739,671,0
41,120775,23849,614,1
38,26655,27585,789,1
31,51270,20041,698,0
23,127740,20720,755,0
40,71761,27399,786,0
53,106293,22921,752,1
32,91671,47317,601,1
24,87850,21445,650,0
49,124762,29108,555,0
30,48058,17081,732,1
54,79484,21858,637,0
22,78583,19294,641,0
28,82116,14097,608,0
50,58943,16063,752,0
29,80706,2265,761,0
29,29692,10116,730,0
45,44943,24792,592,1
47,95598,26903,791,0
29,92971,19113,696,0
47,24000,0,725,1
41,53083,12430,765,1
60,67464,11411,553,1
67,85614,3228,743,0
40,93967,12740,736,0
50,110467,57512,731,1
63,71679,42533,699,1
34,91343,37275,750,0
37,94729,12400,751,0
64,81100,24582,628,1
66,97665,50460,694,0
65,73823,17174,756,1
59,112639,23055,717,1
51,104527,0,552,1
43,121487,11686,850,0
47,91172,52315,678,1
53,34054,33387,798,0
48,124619,0,749,0
52,86519,350,522,1
56,87408,5789,645,1
29,70821,0,685,1
27,52735,8004,561,1
52,83614,28060,653,0
57,60048,26129,648,1
63,93825,10671,580,0
61,60937,42169,558,1
35,59955,64640,668,1
64,85006,28222,564,1
41,76856,9452,633,0
52,52278,15134,676,1
36,85153,9207,797,0
23,105984,25576,654,0
29,78444,7455,765,0
22,68679,0,659,0
44,117002,20582,671,0
50,111019,1738,654,0
39,81331,39938,656,1
45,110484,30412,684,0
32,91106,29613,638,0
26,80871,0,699,0
33,120434,30397,730,0
29,78423,497,603,1
51,31976,22023,643,0
36,91655,39295,762,0
68,48008,26135,672,1
43,65932,39269,682,1
38,104549,7333,761,1
35,70059,0,721,0
31,95332,40458,655,1
48,87689,2593,754,0
46,96313,32244,739,0
46,104311,23938,645,0
50,92951,26367,710,0
57,124489,69794,708,1
32,32091,9812,561,1
50,86573,7905,850,0
39,102100,39827,672,0
39,99936,34567,813,0
29,63335,21393,726,1
64,96072,21565,629,0
35,86331,30097,645,0
60,60380,14303,850,0
25,95047,45783,709,0
51,95804,47016,734,0
24,67781,22659,850,0
37,125942,20509,692,0
68,90671,23952,498,1
59,90839,35369,774,0
68,43971,35882,686,1
45,123528,0,721,0
21,57506,45430,736,0
55,49630,11288,698,0
29,123065,9527,536,0
41,105144,50852,612,1
67,78578,41702,658,1
30,32644,0,694,0
34,53065,20000,682,0
68,114510,27003,725,0
42,80029,5868,739,1
53,134908,29561,634,0
59,84369,60003,772,1
35,74374,51236,657,1
48,137472,49898,725,0
46,87804,25899,760,0
22,106157,18582,760,0
43,117525,44405,646,1
25,94833,20870,543,0
31,78542,14488,712,0
46,121345,17520,674,0
23,90908,20988,746,0
32,33629,21360,671,1
30,157870,20598,775,0
63,49340,29833,728,1
40,70284,40224,738,1
39,92944,22432,638,1
28,92778,27097,726,0
36,39560,16459,757,0
38,112710,26343,650,0
62,88291,20107,654,1
22,91298,16227,630,1
29,132472,16985,539,0
40,109115,37917,600,0
47,108074,6892,850,0
48,25214,44940,590,1
60,65270,29953,770,1
31,68691,35769,703,0
25,84480,36836,634,1
56,146536,13006,631,0
49,43352,24894,717,1
39,81390,43612,693,1
61,92390,5092,758,0
30,109105,16592,573,1
60,71524,2769,729,0
44,31110,31631,693,1
32,69048,4456,709,0
39,81920,30294,633,1
59,126435,67434,762,1
30,77610,31408,685,0
49,64868,41353,588,1
55,71102,6418,716,0
42,85008,43207,636,1
39,99049,33339,687,0
38,27740,0,793,0
37,131946,6301,699,0
59,54800,6796,594,1
36,61485,48386,609,1
65,93520,8752,682,0
60,88555,15268,696,0
32,77144,0,775,0
64,65142,27496,653,0
27,87978,59209,749,1
22,112796,12283,656,0
36,57069,14165,790,0
28,101605,58803,777,0
49,58005,5041,559,1
47,135877,18227,794,0
37,117130,21656,673,0
49,76632,12506,599,1
24,72412,18834,602,1
53,105382,39390,720,1
47,93196,24511,784,0
57,87769,31612,770,0
21,98387,33221,850,0
37,98356,35114,788,0
41,80515,17323,606,1
39,43982,11144,803,0
40,95769,36629,595,0
48,81034,17013,584,1
51,103343,17760,736,0
62,118695,41398,715,0
24,85324,27779,636,0
39,54401,28867,660,1
27,40308,23082,526,1
23,66510,45341,603,0
59,84978,22100,617,0
56,98857,23437,725,0
51,101185,18634,608,1
42,69819,3281,850,0
33,79542,13714,588,1
35,87298,56348,850,0
39,90145,43487,659,0
42,42274,23687,694,0
62,62450,30589,555,1
47,105340,48868,674,1
64,147624,40483,497,1
35,30171,4943,620,0
44,113936,38787,783,1
47,96915,27059,695,0
45,24000,0,804,0
64,94690,9462,590,1
54,79351,10510,737,1
45,114777,18426,720,0
22,84588,50333,790,1
54,88983,27435,743,0
40,94076,26061,699,0
47,100449,37155,637,1
56,62540,30294,701,1
35,109191,49891,676,1
23,106925,19499,628,0
53,119754,28549,749,0
57,91227,0,800,0
56,107425,13052,724,0
51,73941,8162,709,0
47,84392,30468,716,1
54,75953,45005,647,1
68,103628,67774,559,1
42,86917,1597,706,0
25,114292,56239,731,0
21,109188,39442,671,1
39,53161,16185,662,0
66,123593,25963,522,1
36,65742,40358,807,0
57,128700,24013,849,0
58,126213,12317,676,0
48,81029,13536,669,0
67,47338,11693,663,0
33,69394,31951,715,1
47,107670,28841,665,0
56,88970,42286,650,1
45,92276,29975,578,1
66,104212,40876,508,1
55,24000,5318,742,0
61,99619,0,610,1
39,61157,21334,701,0
56,102346,12739,709,0
63,49967,36891,721,1
63,79875,30043,546,0
35,90992,40755,671,0
28,93514,14275,575,0
58,111695,469,619,0
44,49558,14648,630,1
23,84220,24744,742,0
62,58220,23929,775,0
51,116784,48890,781,1
30,66942,20946,765,0
51,74364,13940,639,1
38,58412,34301,671,1
35,103353,37488,850,0
49,119925,32003,703,1
29,99084,49793,574,1
31,78435,39110,755,0
23,73677,30197,655,0
41,63047,28388,787,0
67,42295,0,780,1
55,78942,0,752,0
58,94107,6978,685,0
49,105206,32332,638,0
64,119134,44904,812,0
60,107303,28058,622,1
42,95159,36143,633,1
46,128488,19593,662,0
24,84484,27275,532,1
28,86662,25764,540,1
21,87861,20330,573,1
40,43300,18093,705,1
64,24000,15618,724,1
25,48636,24956,666,1
47,81768,22299,646,0
33,49858,14305,608,1
37,41642,61239,597,1
42,71315,17394,594,1
35,133630,48386,635,0
33,100369,11852,718,0
26,91502,34863,790,1
59,126637,65637,469,1
39,99174,0,574,0
26,92816,37154,850,0
35,49894,32083,679,1
64,76691,39920,675,1
47,142634,10436,667,0
39,107093,26089,700,0
23,108697,13420,767,0
39,108090,51239,575,0
58,59165,28511,739,0
60,113447,42537,619,1
50,83247,13194,626,0
44,26693,11977,747,0
60,57928,43386,695,1
46,50112,13294,683,1
36,84403,13646,714,0
48,112414,31942,588,0
31,109908,38190,753,0
37,94520,42314,629,1
32,69687,28197,744,0
43,93902,5124,650,1
61,91708,7235,577,0
40,50246,22512,835,0
37,58354,30337,644,1
53,39900,28543,708,0
49,70019,10370,678,0
62,94580,23572,782,0
46,65167,50462,778,1
22,93759,24143,724,1
25,71925,24060,729,1
54,116517,399,850,0
38,49671,8346,733,0
21,98959,27569,668,0
60,101416,2467,659,0
50,95383,38638,621,1
50,101957,36974,766,1
37,79839,32167,789,0
64,76233,23741,769,0
52,84069,25578,626,1
25,89839,24131,675,0
32,82662,22537,589,0
63,42392,24227,709,1
29,33169,52469,759,1
54,113492,14924,644,0
21,125493,44249,641,0
41,50356,20983,754,0
34,89393,2255,747,0
36,155903,31005,745,0
59,97020,14869,688,1
41,113853,61028,683,1
32,65070,31152,754,1
50,76437,46247,760,1
28,101204,27871,688,0
39,28493,23553,712,1
59,99852,1104,618,1
57,123579,53042,638,0
43,92822,10860,764,0
58,98901,29173,593,1
38,61454,39686,632,1
41,44755,34928,688,1
38,91405,33702,682,0
30,90161,11551,541,1
28,107381,54185,754,0
59,97494,25494,498,1
26,98744,47607,690,0
55,112199,36463,604,1
22,70522,24618,651,1
60,152531,635,598,0
43,56388,52444,607,1
67,110433,31688,802,0
56,86630,24961,588,0
37,77914,34908,511,0
30,81989,33450,622,1
43,101671,19224,704,0
41,121173,26260,562,1
63,81997,4506,777,0
44,90527,6401,682,0
44,64275,11493,758,0
52,47679,11862,657,1
37,50940,53253,850,0
31,50823,22229,706,1
66,81190,5165,655,0
40,124399,42450,731,0
55,114054,37927,634,0
54,147219,65857,628,0
28,93937,4862,741,1
54,112405,39199,599,1
66,99990,15371,623,0
32,78422,44119,640,1
30,85229,16053,633,0
61,72893,28942,549,1
30,118898,33837,768,0
43,102177,20630,796,0
59,41236,7833,620,1
42,43250,28447,666,1
57,127327,0,698,0
61,86157,34717,772,0
42,128933,12995,707,0
48,37158,0,776,0
66,131819,21611,652,0
57,69320,14164,617,1
32,81672,16488,560,0
51,57399,29894,702,1
37,108212,39630,507,1
41,66441,31053,574,1
47,84264,18767,734,1
23,166079,52452,576,0
23,95936,36800,850,0
52,124756,45949,603,1
26,57657,33823,685,0
46,73518,11153,720,1
21,62913,27731,697,0
58,80837,58995,636,0
58,79520,30327,602,1
24,73457,42058,553,1
41,75787,5930,590,1
33,105130,15557,813,0
25,66421,22685,685,0
24,24000,34615,563,1
55,69064,884,642,1
68,66805,41325,648,1
59,94121,20246,817,0
29,92212,50031,540,1
64,133311,26105,619,0
64,59502,0,611,0
57,108535,38125,526,0
34,100622,30376,623,1
32,69985,55136,589,1
65,66687,4933,669,0
62,109059,40075,625,1
51,29567,29495,795,1
21,69282,20733,549,1
22,122267,23887,705,0
52,86221,34939,843,1
28,121121,3951,666,0
61,142443,45243,714,0
29,101215,53943,734,1
28,39729,32450,757,0
49,76094,17725,597,1
41,126552,46840,687,0
55,94400,29053,695,0
42,72266,31084,803,0
43,25938,17025,791,0
68,67430,29507,620,1
60,39627,31347,763,1
54,138748,40085,825,0
56,100001,0,636,0
62,94758,17275,510,1
24,117119,22185,834,0
61,92976,32656,548,1
66,74889,49827,571,1
57,115413,21856,634,1
27,103712,32448,618,0
64,62025,7196,786,1
64,92383,21696,748,0
67,72348,8842,632,0
26,77924,0,536,1
65,137888,9868,699,0
21,73485,25678,603,0
36,87495,28830,591,0
27,84913,58344,557,1
56,49545,25887,715,1
64,79538,15444,648,1
58,100579,18878,567,0
40,78943,38408,835,1
57,37323,11908,650,1
33,35329,21855,550,1
49,135490,65812,665,1
50,78211,35555,659,1
56,83418,125,831,0
24,24000,0,631,0
55,101985,2194,826,0
25,48332,19022,621,1
35,69521,27597,704,0
23,68306,10945,581,1
21,76090,15441,690,0
59,138218,50811,649,1
22,87241,62522,681,0
39,105604,29148,684,0
66,100506,24076,555,1
45,102215,17296,794,0
24,107018,18694,790,0
52,85857,30033,850,0
21,122985,47176,682,1
26,48694,38470,676,0
31,29876,2080,656,1
32,89270,43222,674,0
24,24000,0,835,0
25,39332,41966,611,0
23,24000,10976,840,0
67,79054,34197,767,1
49,69525,18102,640,0
29,103192,23518,702,1
31,84853,0,700,0
44,107319,0,631,0
21,112162,29269,681,1
22,124345,27457,742,0
23,58742,22506,760,0
43,108605,24592,772,0
21,106076,0,723,0
23,107045,31826,850,0
53,102177,56083,573,1
34,108965,50738,740,0
36,65982,26030,483,0
54,100713,33324,438,1
51,105370,38148,643,1
23,24000,4311,817,0
64,72236,39480,736,0
43,82621,34109,817,0
61,100076,14488,751,0
21,91674,40761,670,0
33,91329,24073,651,0
50,155099,41937,646,0
63,68337,44247,587,1
45,78929,17819,729,0
50,103067,20733,674,1
21,74550,34020,733,0
57,78182,20431,695,0
58,62899,24287,756,0
39,81744,47926,582,1
65,39329,12166,548,1
30,95293,25920,607,1
64,58038,34450,714,0
24,107191,67646,526,1
22,24000,15112,639,0
32,94913,41528,654,0
40,108078,46549,748,0
28,89199,5412,782,0
68,76710,21578,733,1
56,55491,51872,622,1
45,103709,23682,603,0
43,81067,7907,723,0
56,58364,45031,684,1
24,77609,20243,729,0
38,83212,16483,712,0
60,101160,48783,761,0
28,118689,0,603,0
36,100228,51604,641,1
57,117965,41374,600,0
60,95519,18241,703,0
45,84952,51512,560,1
51,102996,55091,733,0
27,96498,24753,721,0
35,87928,6207,542,0
54,115859,15296,628,1
30,114721,6031,721,1
50,89864,46248,795,0
48,146537,52723,680,0
27,80595,47011,519,0
32,102424,26206,754,0
26,101905,12512,762,0
34,46138,27333,850,0
50,89789,71339,635,0
59,72603,60083,779,1
48,80493,13688,616,0
49,33351,9389,595,1
61,63433,45419,654,1
54,104688,6720,718,1
31,97548,36915,850,0
45,26060,24837,695,1
46,131359,33236,729,0
53,99346,46037,661,1
37,73922,20857,694,1
37,60962,27542,636,0
34,70360,44238,753,1
35,50353,7794,685,0
49,106030,41406,688,0
33,118542,48061,520,1
61,80952,16254,472,1
40,59521,32995,705,1
26,97864,43125,702,0
26,101540,39790,662,1
25,60426,44336,665,1
23,57662,22066,647,0
35,106625,22932,763,0
57,85406,4075,798,0
63,57754,20637,716,1
22,42588,12886,830,0
53,24000,15876,727,0
67,117022,42789,733,0
35,45825,16294,850,0
43,129456,48479,712,0
49,106627,33215,615,0
44,100466,28332,794,0
29,73428,33570,616,1
51,94656,33335,753,0
39,74066,32693,779,0
21,117375,52228,689,1
36,67718,34764,652,0
57,107749,20307,748,0
62,106981,0,592,0
48,81010,31817,718,0
46,65957,43499,570,1
22,45694,20597,571,1
23,79824,14964,569,0
66,99648,17977,708,0
53,105288,22883,621,0
66,47207,38098,742,1
56,29046,31967,546,1
37,141849,21031,741,0
64,59775,8922,638,1
51,62855,14211,735,0
34,86368,13506,841,0
47,94945,32395,629,1
66,77200,36367,683,0
48,66302,26321,654,1
29,104840,10949,706,0
62,153278,41195,527,1
30,125321,11993,670,0
28,96666,39146,651,1
61,36533,19908,623,1
48,24000,0,768,1
44,74863,22498,667,1
60,112163,20169,716,0
24,46386,45768,727,1
29,114867,3310,634,0
27,102106,17926,706,0
36,112625,6933,703,0
43,88815,37006,649,1
55,81720,19753,704,0
53,54526,38670,558,1
52,62232,26054,820,0
21,59983,11904,697,1
57,61068,44443,812,1
44,33129,14799,648,0
52,90394,38907,623,1
34,61044,10257,850,0
25,98530,10927,666,0
53,73590,26351,494,1
52,78536,20414,638,1
45,76566,11385,653,1
33,84722,80,554,0
23,67864,38600,617,1
23,96021,21734,567,0
47,135895,9655,716,0
65,68581,7481,675,1
51,83142,25416,787,0
63,92802,15911,804,0
25,112987,44000,665,0
48,117361,43653,717,0
26,89306,38245,753,0
54,68498,11338,669,0
46,74745,27940,726,0
24,109735,50327,564,1
31,83186,45452,619,1
50,77496,40892,629,1
37,91335,10599,574,1
42,67962,7607,622,0
65,24000,17090,656,1
36,45428,23128,797,0
24,149454,48931,695,0
65,76634,26604,506,1
36,72729,38734,725,0
63,97274,5286,687,0
31,81192,13731,609,0
26,61661,33149,643,0
35,97479,30751,553,1
59,73410,32878,670,1
57,80002,6384,784,0
52,58757,47947,649,1
38,118507,17685,594,1
56,122186,21239,732,0
55,75332,16288,637,0
29,69349,42923,632,0
41,67425,12115,555,1
68,124072,2238,601,1
28,75483,28275,662,0
53,92517,13395,614,0
41,47493,8554,696,0
24,85466,11151,557,0
54,82853,3140,782,1
33,24000,4943,709,1
59,63059,1617,739,0
62,98334,29977,742,0
33,127651,24498,850,0
44,65556,32347,751,0
30,89852,22419,747,0
38,92302,37644,525,1
46,59157,10740,846,0
37,71943,46356,661,1
29,101446,48770,695,1
37,59488,10243,732,0
38,103750,70099,764,0
53,82594,48053,724,0
53,93593,38789,831,0
22,150036,62431,609,1
22,111507,49396,648,1
23,102772,36426,758,0
22,124266,24100,646,0
44,29957,39932,793,1
50,92676,29744,666,0
57,90131,26130,614,0
55,125789,21846,753,1
54,45763,7028,660,0
35,90672,30121,596,1
50,45056,31039,527,1
26,109113,52647,647,0
27,59622,9969,492,0
65,24000,27903,598,1
56,101440,11907,850,0
65,80148,24143,711,0
41,84699,49126,528,1
21,94476,22288,564,0
22,97023,33568,749,1
44,103881,44569,721,0
50,53301,23045,781,0
25,120737,53981,730,0
63,93366,55953,610,1
44,119968,46275,668,0
56,76379,50044,664,1
50,62935,38543,668,0
33,54644,32395,620,0
50,48233,45310,628,1
56,80955,15427,548,1
24,74396,53295,605,1
33,65227,5329,539,0
58,95008,28585,657,1
63,70651,0,766,0
55,109320,31246,700,1
63,124792,12931,749,0
23,101485,56683,667,0
55,40800,21276,821,1
62,43117,14755,648,1
51,57035,27664,651,1
55,52885,22247,822,0
37,80946,27001,724,1
24,161399,3607,648,0
54,106299,46302,733,0
44,125548,45354,570,1
48,30518,0,789,0
47,112838,38761,571,1
47,53972,11398,714,0
60,73449,44813,695,1
21,99015,73,651,0
61,110317,17612,772,0
55,43718,1158,732,1
27,139920,30990,396,1
62,70109,10438,687,0
44,101375,2388,675,0
59,24000,17283,620,1
29,60826,28219,640,0
21,104504,53602,582,1
27,130198,39636,770,0
59,100384,41904,598,1
64,71419,24346,591,0
58,111528,47208,665,1
42,27132,22748,711,1
43,98285,52895,482,1
60,100012,17543,842,0
56,96300,0,850,0
22,88006,0,685,0
59,87046,42780,786,1
50,63910,29107,743,0
27,30593,0,822,1
64,82557,17504,626,1
26,75121,3787,772,1
52,38939,20654,744,0
39,70753,53170,601,1
57,95544,14912,710,0
24,143163,33612,727,0
27,110283,39275,607,1
40,92765,52459,629,1
43,110691,26730,729,0
24,92237,43144,835,1
62,126585,68216,702,1
31,91138,42910,602,1
26,61245,2143,731,0
44,64126,22017,593,1
36,112717,29675,525,0
24,78836,39650,661,1
38,91216,7199,629,1
63,108032,25543,745,0
38,77032,16736,661,1
55,115421,32563,672,1
38,110885,33702,722,0
47,135312,31095,494,1
25,78912,2508,748,0
52,136242,20933,850,0
60,53084,44480,609,1
51,92053,56771,774,1
51,99435,25413,566,1
59,55859,31540,691,1
49,24540,13525,596,1
53,112259,49541,654,1
39,82498,44217,676,0
47,110625,36370,621,1
27,46270,28559,664,1
44,40359,21871,754,0
27,87440,43444,696,0
35,128993,31136,584,1
23,89579,17385,785,0
58,77834,63237,555,1
51,88389,33762,694,1
56,96529,24387,685,1
41,62447,31011,780,1
53,99159,41864,840,0
24,118415,23357,846,0
31,157670,13306,730,0
49,84347,1563,762,0
60,115829,6176,807,0
45,95803,8472,719,0
59,34424,0,714,1
62,24000,11316,654,1
29,69135,32900,623,1
62,75227,4574,682,0
33,78661,47772,623,1
56,116088,39454,659,0
42,47118,0,560,1
38,143153,27114,662,1
68,75891,17277,732,0
36,92359,28169,662,0
62,75180,14430,632,1
57,76159,17110,713,1
39,65513,31459,818,0
58,81320,25614,850,0
53,59209,41527,687,1
23,84135,23581,675,0
42,117528,25462,850,0
34,96998,36965,533,1
56,93396,29851,763,1
49,85791,34488,647,1
31,122006,0,731,0
65,65873,13517,829,0
33,91036,49119,708,1
29,107437,50625,756,0
26,99198,30912,717,0
28,107492,25291,691,0
36,88147,21543,759,0
53,78322,52484,631,1
65,105535,45815,661,1
68,124911,16893,732,0
29,130299,39267,654,1
28,119788,25164,694,0
48,71214,9747,720,0
55,105468,23914,602,0
46,84664,0,605,0
34,98211,9834,585,0
22,73869,15902,768,0
44,88185,28374,739,0
33,63321,19722,574,0
21,90995,12238,653,1
63,84557,22852,598,1
21,71580,16603,495,1
67,81895,23989,715,0
36,107598,47242,686,1
32,111241,25686,783,0
27,57500,0,568,0
27,59769,28037,650,1
26,116671,2342,518,1
44,114764,35859,605,1
33,115715,36498,642,0
58,118715,7869,650,0
23,105680,31095,747,0
29,115760,2603,653,1
31,96645,17846,838,0
31,94472,24410,587,1
46,77682,23034,733,1
32,37021,39178,571,1
39,84024,19210,793,0
56,79986,17430,759,0
65,88570,0,654,1
53,107389,30881,741,0
52,85089,40640,689,1
42,40366,42318,712,0
23,51463,10697,696,0
30,81933,30855,757,0
58,77190,0,658,1
41,54165,39524,716,1
36,104211,31609,773,0
47,47277,0,718,1
41,46629,24403,735,1
24,53768,33814,753,0
22,85990,0,704,0
49,50186,21647,771,1
60,81569,18683,685,0
28,141727,18050,688,0
24,48466,12187,692,0
38,70368,31598,801,0
39,144917,54923,584,1
21,122547,42162,763,1
53,96218,4423,813,0
47,48466,36431,632,0
59,104339,22583,824,0
67,98187,29736,607,0
32,47980,0,850,0
60,116855,50243,653,1
68,49716,32997,762,1
51,24000,30045,850,1
65,117731,33544,615,1
68,127225,18995,612,1
28,54090,33920,640,1
51,76678,32776,617,1
47,138604,51203,742,0
