feedback_id,feedback_date,branch_city,channel,service_type,customer_type,feedback_text,sentiment_label
FB0093,2026-09-26,Pune,Mobile app,Loan enquiry,New,"I was promised a callback about loan enquiry, but nobody contacted me. Very disappointing.",Negative
FB0063,2026-09-10,Pune,Branch,Account opening,New,"I was promised a callback about account opening, but nobody contacted me. Very disappointing.",Negative
FB0136,2026-09-01,Chennai,Mobile app,Debit card,Existing,Please confirm which documents are needed for card replacement.,Neutral
FB0046,2026-09-03,Hyderabad,Email,Fund transfer,New,The team listened patiently during transfer support. I am happy with the outcome.,Positive
FB0069,2026-09-14,Chennai,Mobile app,Account opening,New,"Despite repeated assurances, nothing changed on my account opening request. Terrible support.",Negative
FB0024,2026-09-05,Chennai,Email,Mobile banking,New,"Although I initially waited, my login issue was resolved and I left satisfied.",Positive
FB0135,2026-09-25,Hyderabad,Call centre,Debit card,Existing,I want to know the opening hours for the card support desk.,Neutral
FB0174,2026-09-14,Chennai,Mobile app,KYC update,Existing,My KYC update request is pending review. I have no outcome to report yet.,Neutral
FB0047,2026-09-02,Chennai,Branch,Fund transfer,New,"The first attempt failed, but the payments desk fixed it quickly. Overall I am satisfied.",Positive
FB0115,2026-09-17,Chennai,Branch,KYC update,New,"The staff were polite, but the issue remains unresolved. I am dissatisfied overall.",Negative
FB0140,2026-09-24,Pune,Call centre,Debit card,New,I have booked an appointment with the card support desk for next week.,Neutral
FB0051,2026-09-04,Bengaluru,Mobile app,KYC update,Existing,I am pleased that my address was updated promptly. The staff explained every step clearly.,Positive
FB0080,2026-09-07,Chennai,Call centre,Debit card,Existing,I regret visiting the card support desk. My time was wasted and the issue was not resolved.,Negative
FB0119,2026-09-21,Pune,Call centre,KYC update,Existing,"Despite repeated assurances, nothing changed on my KYC update request. Terrible support.",Negative
FB0074,2026-09-17,Chennai,Email,Debit card,Existing,The process for card replacement was confusing and unnecessarily slow.,Negative
FB0082,2026-09-27,Chennai,Branch,Mobile banking,New,The staff at the digital support desk were dismissive and I am unhappy with the service.,Negative
FB0166,2026-09-16,Pune,Mobile app,Fund transfer,Existing,Please confirm which documents are needed for transfer support.,Neutral
FB0036,2026-09-16,Hyderabad,Branch,Loan enquiry,Existing,The team listened patiently during loan enquiry. I am happy with the outcome.,Positive
FB0125,2026-09-20,Bengaluru,Call centre,Account opening,New,I want to know the opening hours for the account opening desk.,Neutral
FB0002,2026-09-08,Pune,Email,Account opening,New,Thank you to the account opening desk. The process was easy and the staff were helpful.,Positive
FB0152,2026-09-25,Chennai,Email,Loan enquiry,New,The staff explained the documents needed for loan enquiry. I will return with them.,Neutral
FB0097,2026-09-27,Pune,Email,Loan enquiry,New,I cannot get a useful response about loan enquiry. The delay is unacceptable.,Negative
FB0132,2026-09-23,Pune,Branch,Debit card,Existing,The staff explained the documents needed for card replacement. I will return with them.,Neutral
FB0087,2026-09-05,Hyderabad,Mobile app,Mobile banking,Existing,I cannot get a useful response about mobile banking support. The delay is unacceptable.,Negative
FB0122,2026-09-06,Bengaluru,Branch,Account opening,New,The staff explained the documents needed for account opening. I will return with them.,Neutral
FB0157,2026-09-12,Bengaluru,Mobile app,Loan enquiry,New,I received an acknowledgement for loan enquiry. I am waiting for the decision.,Neutral
FB0013,2026-09-23,Hyderabad,Branch,Debit card,New,My experience with card replacement was excellent. I received a clear response without repeated visits.,Positive
FB0025,2026-09-24,Chennai,Call centre,Mobile banking,Existing,My login issue was resolved as promised. I appreciate the courteous service.,Positive
FB0130,2026-09-11,Chennai,Branch,Account opening,New,I have booked an appointment with the account opening desk for next week.,Neutral
FB0050,2026-09-26,Bengaluru,Email,Fund transfer,New,I would recommend the payments desk because the service was reliable.,Positive
FB0009,2026-09-04,Hyderabad,Call centre,Account opening,New,The instructions for account opening were easy to follow. Great support.,Positive
FB0043,2026-09-15,Bengaluru,Branch,Fund transfer,New,My experience with transfer support was excellent. I received a clear response without repeated visits.,Positive
FB0162,2026-09-14,Chennai,Mobile app,Fund transfer,New,The staff explained the documents needed for transfer support. I will return with them.,Neutral
FB0066,2026-09-17,Hyderabad,Email,Account opening,New,I had to repeat the same details to the account opening desk several times. This was a poor experience.,Negative
FB0062,2026-09-14,Bengaluru,Email,Account opening,New,The staff at the account opening desk were dismissive and I am unhappy with the service.,Negative
FB0099,2026-09-09,Hyderabad,Mobile app,Loan enquiry,Existing,"Despite repeated assurances, nothing changed on my loan enquiry request. Terrible support.",Negative
FB0112,2026-09-07,Bengaluru,Mobile app,KYC update,Existing,The staff at the KYC desk were dismissive and I am unhappy with the service.,Negative
FB0156,2026-09-04,Chennai,Branch,Loan enquiry,New,Please confirm which documents are needed for loan enquiry.,Neutral
FB0045,2026-09-19,Pune,Email,Fund transfer,New,My transfer query was resolved as promised. I appreciate the courteous service.,Positive
FB0044,2026-09-08,Hyderabad,Mobile app,Fund transfer,New,"Although I initially waited, my transfer query was resolved and I left satisfied.",Positive
FB0100,2026-09-21,Bengaluru,Mobile app,Loan enquiry,New,I regret visiting the lending desk. My time was wasted and the issue was not resolved.,Negative
FB0007,2026-09-25,Pune,Call centre,Account opening,Existing,"The first attempt failed, but the account opening desk fixed it quickly. Overall I am satisfied.",Positive
FB0159,2026-09-27,Bengaluru,Branch,Loan enquiry,Existing,My query concerns loan enquiry. Please tell me how to check its status.,Neutral
FB0144,2026-09-11,Pune,Call centre,Mobile banking,Existing,My mobile banking support request is pending review. I have no outcome to report yet.,Neutral
FB0170,2026-09-23,Bengaluru,Call centre,Fund transfer,Existing,I have booked an appointment with the payments desk for next week.,Neutral
FB0155,2026-09-13,Pune,Branch,Loan enquiry,New,I want to know the opening hours for the lending desk.,Neutral
FB0120,2026-09-13,Pune,Email,KYC update,New,I regret visiting the KYC desk. My time was wasted and the issue was not resolved.,Negative
FB0072,2026-09-11,Hyderabad,Branch,Debit card,Existing,The staff at the card support desk were dismissive and I am unhappy with the service.,Negative
FB0032,2026-09-14,Pune,Call centre,Loan enquiry,New,Thank you to the lending desk. The process was easy and the staff were helpful.,Positive
FB0128,2026-09-21,Pune,Mobile app,Account opening,Existing,The branch recorded my account opening request yesterday.,Neutral
FB0028,2026-09-21,Pune,Call centre,Mobile banking,New,"I expected a difficult process for mobile banking support, but everything went smoothly.",Positive
FB0139,2026-09-01,Bengaluru,Mobile app,Debit card,Existing,My query concerns card replacement. Please tell me how to check its status.,Neutral
FB0109,2026-09-13,Chennai,Email,Fund transfer,New,"Despite repeated assurances, nothing changed on my transfer support request. Terrible support.",Negative
FB0018,2026-09-20,Pune,Email,Debit card,New,"I expected a difficult process for card replacement, but everything went smoothly.",Positive
FB0095,2026-09-28,Bengaluru,Email,Loan enquiry,New,"The staff were polite, but the issue remains unresolved. I am dissatisfied overall.",Negative
FB0104,2026-09-13,Pune,Mobile app,Fund transfer,New,The process for transfer support was confusing and unnecessarily slow.,Negative
FB0105,2026-09-23,Bengaluru,Branch,Fund transfer,New,"The staff were polite, but the issue remains unresolved. I am dissatisfied overall.",Negative
FB0127,2026-09-25,Pune,Mobile app,Account opening,Existing,I received an acknowledgement for account opening. I am waiting for the decision.,Neutral
FB0067,2026-09-20,Hyderabad,Email,Account opening,Existing,I cannot get a useful response about account opening. The delay is unacceptable.,Negative
FB0117,2026-09-05,Hyderabad,Branch,KYC update,New,I cannot get a useful response about KYC update. The delay is unacceptable.,Negative
FB0049,2026-09-24,Bengaluru,Email,Fund transfer,Existing,The instructions for transfer support were easy to follow. Great support.,Positive
FB0086,2026-09-27,Chennai,Email,Mobile banking,Existing,I had to repeat the same details to the digital support desk several times. This was a poor experience.,Negative
FB0084,2026-09-24,Bengaluru,Call centre,Mobile banking,New,The process for mobile banking support was confusing and unnecessarily slow.,Negative
FB0153,2026-09-25,Pune,Mobile app,Loan enquiry,New,I spoke to the lending desk at 11 am and noted the next step.,Neutral
FB0003,2026-09-22,Hyderabad,Call centre,Account opening,New,My experience with account opening was excellent. I received a clear response without repeated visits.,Positive
FB0106,2026-09-12,Bengaluru,Branch,Fund transfer,Existing,I had to repeat the same details to the payments desk several times. This was a poor experience.,Negative
FB0177,2026-09-24,Pune,Email,KYC update,New,I received an acknowledgement for KYC update. I am waiting for the decision.,Neutral
FB0169,2026-09-24,Bengaluru,Call centre,Fund transfer,New,My query concerns transfer support. Please tell me how to check its status.,Neutral
FB0173,2026-09-22,Chennai,Call centre,KYC update,Existing,I spoke to the KYC desk at 11 am and noted the next step.,Neutral
FB0042,2026-09-23,Chennai,Call centre,Fund transfer,Existing,Thank you to the payments desk. The process was easy and the staff were helpful.,Positive
FB0056,2026-09-15,Pune,Branch,KYC update,Existing,The team listened patiently during KYC update. I am happy with the outcome.,Positive
FB0006,2026-09-08,Bengaluru,Mobile app,Account opening,New,The team listened patiently during account opening. I am happy with the outcome.,Positive
FB0011,2026-09-24,Bengaluru,Branch,Debit card,Existing,I am pleased that my card was replaced promptly. The staff explained every step clearly.,Positive
FB0094,2026-09-26,Hyderabad,Call centre,Loan enquiry,New,The process for loan enquiry was confusing and unnecessarily slow.,Negative
FB0146,2026-09-09,Hyderabad,Call centre,Mobile banking,New,Please confirm which documents are needed for mobile banking support.,Neutral
FB0096,2026-09-27,Bengaluru,Mobile app,Loan enquiry,Existing,I had to repeat the same details to the lending desk several times. This was a poor experience.,Negative
FB0160,2026-09-12,Bengaluru,Email,Loan enquiry,Existing,I have booked an appointment with the lending desk for next week.,Neutral
FB0092,2026-09-01,Pune,Mobile app,Loan enquiry,Existing,The staff at the lending desk were dismissive and I am unhappy with the service.,Negative
FB0052,2026-09-14,Bengaluru,Branch,KYC update,New,Thank you to the KYC desk. The process was easy and the staff were helpful.,Positive
FB0150,2026-09-08,Pune,Call centre,Mobile banking,New,I have booked an appointment with the digital support desk for next week.,Neutral
FB0060,2026-09-02,Pune,Call centre,KYC update,New,I would recommend the KYC desk because the service was reliable.,Positive
FB0141,2026-09-20,Hyderabad,Call centre,Mobile banking,New,I submitted a request for mobile banking support today. The reference is recorded in my receipt.,Neutral
FB0057,2026-09-26,Hyderabad,Branch,KYC update,New,"The first attempt failed, but the KYC desk fixed it quickly. Overall I am satisfied.",Positive
FB0111,2026-09-13,Hyderabad,Mobile app,KYC update,Existing,I am frustrated with KYC update. I visited twice and still received no clear answer.,Negative
FB0167,2026-09-11,Chennai,Mobile app,Fund transfer,New,I received an acknowledgement for transfer support. I am waiting for the decision.,Neutral
FB0118,2026-09-16,Hyderabad,Call centre,KYC update,Existing,The instructions for KYC update contradicted each other. I am upset.,Negative
FB0040,2026-09-22,Bengaluru,Email,Loan enquiry,Existing,I would recommend the lending desk because the service was reliable.,Positive
FB0168,2026-09-17,Pune,Branch,Fund transfer,New,The branch recorded my transfer support request yesterday.,Neutral
FB0008,2026-09-09,Pune,Email,Account opening,Existing,"I expected a difficult process for account opening, but everything went smoothly.",Positive
FB0108,2026-09-17,Chennai,Call centre,Fund transfer,Existing,The instructions for transfer support contradicted each other. I am upset.,Negative
FB0154,2026-09-19,Hyderabad,Mobile app,Loan enquiry,Existing,My loan enquiry request is pending review. I have no outcome to report yet.,Neutral
FB0035,2026-09-12,Pune,Branch,Loan enquiry,Existing,My loan questions were answered as promised. I appreciate the courteous service.,Positive
FB0020,2026-09-22,Chennai,Branch,Debit card,New,I would recommend the card support desk because the service was reliable.,Positive
FB0083,2026-09-11,Pune,Mobile app,Mobile banking,New,"I was promised a callback about mobile banking support, but nobody contacted me. Very disappointing.",Negative
FB0029,2026-09-13,Bengaluru,Call centre,Mobile banking,Existing,The instructions for mobile banking support were easy to follow. Great support.,Positive
FB0070,2026-09-22,Chennai,Email,Account opening,Existing,I regret visiting the account opening desk. My time was wasted and the issue was not resolved.,Negative
FB0015,2026-09-28,Hyderabad,Call centre,Debit card,Existing,My card was replaced as promised. I appreciate the courteous service.,Positive
FB0131,2026-09-05,Pune,Call centre,Debit card,New,I submitted a request for card replacement today. The reference is recorded in my receipt.,Neutral
FB0133,2026-09-14,Chennai,Call centre,Debit card,Existing,I spoke to the card support desk at 11 am and noted the next step.,Neutral
FB0085,2026-09-04,Hyderabad,Email,Mobile banking,New,"The staff were polite, but the issue remains unresolved. I am dissatisfied overall.",Negative
FB0076,2026-09-06,Bengaluru,Mobile app,Debit card,New,I had to repeat the same details to the card support desk several times. This was a poor experience.,Negative
FB0081,2026-09-28,Hyderabad,Branch,Mobile banking,Existing,I am frustrated with mobile banking support. I visited twice and still received no clear answer.,Negative
FB0102,2026-09-02,Hyderabad,Call centre,Fund transfer,Existing,The staff at the payments desk were dismissive and I am unhappy with the service.,Negative
FB0101,2026-09-04,Chennai,Email,Fund transfer,Existing,I am frustrated with transfer support. I visited twice and still received no clear answer.,Negative
FB0034,2026-09-28,Chennai,Email,Loan enquiry,New,"Although I initially waited, my loan questions were answered and I left satisfied.",Positive
FB0138,2026-09-08,Chennai,Call centre,Debit card,Existing,The branch recorded my card replacement request yesterday.,Neutral
FB0163,2026-09-27,Hyderabad,Mobile app,Fund transfer,Existing,I spoke to the payments desk at 11 am and noted the next step.,Neutral
FB0124,2026-09-26,Bengaluru,Mobile app,Account opening,Existing,My account opening request is pending review. I have no outcome to report yet.,Neutral
FB0059,2026-09-16,Bengaluru,Email,KYC update,Existing,The instructions for KYC update were easy to follow. Great support.,Positive
FB0090,2026-09-25,Bengaluru,Email,Mobile banking,New,I regret visiting the digital support desk. My time was wasted and the issue was not resolved.,Negative
FB0172,2026-09-08,Bengaluru,Email,KYC update,Existing,The staff explained the documents needed for KYC update. I will return with them.,Neutral
FB0091,2026-09-28,Pune,Email,Loan enquiry,Existing,I am frustrated with loan enquiry. I visited twice and still received no clear answer.,Negative
FB0037,2026-09-27,Chennai,Email,Loan enquiry,New,"The first attempt failed, but the lending desk fixed it quickly. Overall I am satisfied.",Positive
FB0158,2026-09-17,Chennai,Branch,Loan enquiry,Existing,The branch recorded my loan enquiry request yesterday.,Neutral
FB0005,2026-09-17,Hyderabad,Email,Account opening,Existing,My account was opened as promised. I appreciate the courteous service.,Positive
FB0038,2026-09-08,Hyderabad,Branch,Loan enquiry,Existing,"I expected a difficult process for loan enquiry, but everything went smoothly.",Positive
FB0061,2026-09-13,Chennai,Call centre,Account opening,Existing,I am frustrated with account opening. I visited twice and still received no clear answer.,Negative
FB0180,2026-09-12,Pune,Mobile app,KYC update,New,I have booked an appointment with the KYC desk for next week.,Neutral
FB0089,2026-09-22,Pune,Branch,Mobile banking,Existing,"Despite repeated assurances, nothing changed on my mobile banking support request. Terrible support.",Negative
FB0175,2026-09-09,Chennai,Mobile app,KYC update,New,I want to know the opening hours for the KYC desk.,Neutral
FB0053,2026-09-02,Bengaluru,Mobile app,KYC update,New,My experience with KYC update was excellent. I received a clear response without repeated visits.,Positive
FB0001,2026-09-21,Hyderabad,Branch,Account opening,Existing,I am pleased that my account was opened promptly. The staff explained every step clearly.,Positive
FB0129,2026-09-03,Chennai,Email,Account opening,Existing,My query concerns account opening. Please tell me how to check its status.,Neutral
FB0010,2026-09-12,Chennai,Mobile app,Account opening,New,I would recommend the account opening desk because the service was reliable.,Positive
FB0178,2026-09-24,Bengaluru,Mobile app,KYC update,Existing,The branch recorded my KYC update request yesterday.,Neutral
FB0023,2026-09-07,Bengaluru,Call centre,Mobile banking,Existing,My experience with mobile banking support was excellent. I received a clear response without repeated visits.,Positive
FB0149,2026-09-08,Pune,Branch,Mobile banking,New,My query concerns mobile banking support. Please tell me how to check its status.,Neutral
FB0041,2026-09-17,Bengaluru,Email,Fund transfer,New,I am pleased that my transfer query was resolved promptly. The staff explained every step clearly.,Positive
FB0021,2026-09-27,Hyderabad,Mobile app,Mobile banking,Existing,I am pleased that my login issue was resolved promptly. The staff explained every step clearly.,Positive
FB0068,2026-09-04,Pune,Branch,Account opening,New,The instructions for account opening contradicted each other. I am upset.,Negative
FB0055,2026-09-05,Bengaluru,Email,KYC update,Existing,My address was updated as promised. I appreciate the courteous service.,Positive
FB0054,2026-09-08,Pune,Email,KYC update,Existing,"Although I initially waited, my address was updated and I left satisfied.",Positive
FB0026,2026-09-12,Pune,Email,Mobile banking,Existing,The team listened patiently during mobile banking support. I am happy with the outcome.,Positive
FB0016,2026-09-15,Chennai,Email,Debit card,Existing,The team listened patiently during card replacement. I am happy with the outcome.,Positive
FB0079,2026-09-09,Chennai,Email,Debit card,Existing,"Despite repeated assurances, nothing changed on my card replacement request. Terrible support.",Negative
FB0110,2026-09-14,Bengaluru,Email,Fund transfer,Existing,I regret visiting the payments desk. My time was wasted and the issue was not resolved.,Negative
FB0077,2026-09-22,Chennai,Branch,Debit card,New,I cannot get a useful response about card replacement. The delay is unacceptable.,Negative
FB0114,2026-09-26,Pune,Branch,KYC update,Existing,The process for KYC update was confusing and unnecessarily slow.,Negative
FB0116,2026-09-22,Chennai,Email,KYC update,New,I had to repeat the same details to the KYC desk several times. This was a poor experience.,Negative
FB0098,2026-09-22,Pune,Call centre,Loan enquiry,Existing,The instructions for loan enquiry contradicted each other. I am upset.,Negative
FB0134,2026-09-02,Pune,Call centre,Debit card,Existing,My card replacement request is pending review. I have no outcome to report yet.,Neutral
FB0058,2026-09-03,Pune,Email,KYC update,Existing,"I expected a difficult process for KYC update, but everything went smoothly.",Positive
FB0107,2026-09-20,Chennai,Branch,Fund transfer,Existing,I cannot get a useful response about transfer support. The delay is unacceptable.,Negative
FB0143,2026-09-06,Hyderabad,Mobile app,Mobile banking,Existing,I spoke to the digital support desk at 11 am and noted the next step.,Neutral
FB0031,2026-09-25,Chennai,Branch,Loan enquiry,Existing,I am pleased that my loan questions were answered promptly. The staff explained every step clearly.,Positive
FB0064,2026-09-24,Chennai,Branch,Account opening,New,The process for account opening was confusing and unnecessarily slow.,Negative
FB0022,2026-09-09,Hyderabad,Email,Mobile banking,Existing,Thank you to the digital support desk. The process was easy and the staff were helpful.,Positive
FB0078,2026-09-09,Hyderabad,Branch,Debit card,New,The instructions for card replacement contradicted each other. I am upset.,Negative
FB0145,2026-09-11,Bengaluru,Mobile app,Mobile banking,Existing,I want to know the opening hours for the digital support desk.,Neutral
FB0151,2026-09-19,Pune,Call centre,Loan enquiry,Existing,I submitted a request for loan enquiry today. The reference is recorded in my receipt.,Neutral
FB0039,2026-09-27,Hyderabad,Email,Loan enquiry,New,The instructions for loan enquiry were easy to follow. Great support.,Positive
FB0161,2026-09-06,Chennai,Call centre,Fund transfer,Existing,I submitted a request for transfer support today. The reference is recorded in my receipt.,Neutral
FB0148,2026-09-21,Hyderabad,Branch,Mobile banking,New,The branch recorded my mobile banking support request yesterday.,Neutral
FB0019,2026-09-15,Bengaluru,Mobile app,Debit card,New,The instructions for card replacement were easy to follow. Great support.,Positive
FB0171,2026-09-26,Hyderabad,Branch,KYC update,Existing,I submitted a request for KYC update today. The reference is recorded in my receipt.,Neutral
FB0103,2026-09-24,Chennai,Call centre,Fund transfer,New,"I was promised a callback about transfer support, but nobody contacted me. Very disappointing.",Negative
FB0017,2026-09-12,Pune,Mobile app,Debit card,New,"The first attempt failed, but the card support desk fixed it quickly. Overall I am satisfied.",Positive
FB0030,2026-09-18,Hyderabad,Branch,Mobile banking,Existing,I would recommend the digital support desk because the service was reliable.,Positive
FB0165,2026-09-01,Bengaluru,Mobile app,Fund transfer,New,I want to know the opening hours for the payments desk.,Neutral
FB0065,2026-09-19,Bengaluru,Email,Account opening,New,"The staff were polite, but the issue remains unresolved. I am dissatisfied overall.",Negative
FB0176,2026-09-04,Pune,Mobile app,KYC update,New,Please confirm which documents are needed for KYC update.,Neutral
FB0048,2026-09-09,Bengaluru,Email,Fund transfer,New,"I expected a difficult process for transfer support, but everything went smoothly.",Positive
FB0088,2026-09-26,Hyderabad,Mobile app,Mobile banking,New,The instructions for mobile banking support contradicted each other. I am upset.,Negative
FB0113,2026-09-15,Bengaluru,Email,KYC update,Existing,"I was promised a callback about KYC update, but nobody contacted me. Very disappointing.",Negative
FB0123,2026-09-28,Hyderabad,Call centre,Account opening,New,I spoke to the account opening desk at 11 am and noted the next step.,Neutral
FB0121,2026-09-25,Hyderabad,Call centre,Account opening,New,I submitted a request for account opening today. The reference is recorded in my receipt.,Neutral
FB0073,2026-09-20,Hyderabad,Branch,Debit card,New,"I was promised a callback about card replacement, but nobody contacted me. Very disappointing.",Negative
FB0147,2026-09-24,Hyderabad,Mobile app,Mobile banking,New,I received an acknowledgement for mobile banking support. I am waiting for the decision.,Neutral
FB0004,2026-09-01,Hyderabad,Email,Account opening,New,"Although I initially waited, my account was opened and I left satisfied.",Positive
FB0027,2026-09-03,Hyderabad,Branch,Mobile banking,New,"The first attempt failed, but the digital support desk fixed it quickly. Overall I am satisfied.",Positive
FB0126,2026-09-24,Bengaluru,Call centre,Account opening,Existing,Please confirm which documents are needed for account opening.,Neutral
FB0164,2026-09-08,Bengaluru,Call centre,Fund transfer,Existing,My transfer support request is pending review. I have no outcome to report yet.,Neutral
FB0179,2026-09-04,Pune,Mobile app,KYC update,New,My query concerns KYC update. Please tell me how to check its status.,Neutral
FB0075,2026-09-03,Pune,Mobile app,Debit card,Existing,"The staff were polite, but the issue remains unresolved. I am dissatisfied overall.",Negative
FB0142,2026-09-03,Bengaluru,Email,Mobile banking,Existing,The staff explained the documents needed for mobile banking support. I will return with them.,Neutral
FB0014,2026-09-25,Chennai,Branch,Debit card,New,"Although I initially waited, my card was replaced and I left satisfied.",Positive
FB0012,2026-09-03,Chennai,Mobile app,Debit card,New,Thank you to the card support desk. The process was easy and the staff were helpful.,Positive
FB0071,2026-09-13,Pune,Mobile app,Debit card,Existing,I am frustrated with card replacement. I visited twice and still received no clear answer.,Negative
FB0033,2026-09-24,Chennai,Email,Loan enquiry,New,My experience with loan enquiry was excellent. I received a clear response without repeated visits.,Positive
FB0137,2026-09-28,Bengaluru,Email,Debit card,Existing,I received an acknowledgement for card replacement. I am waiting for the decision.,Neutral
